job_id,title,location,department,salary_range,company_profile,description,requirements,benefits,telecommuting,has_company_logo,has_questions,employment_type,required_experience,required_education,industry,function,fraudulent
1,Marketing Manager,"US, NY, New York",IT,100000-120000,We are a leading tech firm establishing global remote teams.,Looking for experienced Python developer with FastAPI and SQL skills.,Must have laptop and active internet. No qualifications needed.,"Health insurance, 401k, paid leaves.",1,1,0,Full-time,,Bachelor's Degree,,Sales,0
2,Marketing Manager,"US, CA, Los Angeles",Admin,,We are a leading tech firm establishing global remote teams.,Urgent requirement! High payout daily. Contact personal gmail address immediately.,Strong communication skills and team management experience.,,0,0,1,Part-time,Mid-Senior level,Bachelor's Degree,Marketing,Engineering,0
3,Work From Home Specialist,"US, NY, New York",,50000-70000,Established multi-national logistics company.,Urgent requirement! High payout daily. Contact personal gmail address immediately.,Must have laptop and active internet. No qualifications needed.,Weekly cash bonuses.,0,0,0,Part-time,,,,Engineering,0
4,Data Entry Clerk,"IN, DEL, Delhi",Customer Care,50000-70000,Earn $500 daily working 2 hours from home. No experience needed!,Urgent requirement! High payout daily. Contact personal gmail address immediately.,Must have laptop and active internet. No qualifications needed.,,1,0,1,Contract,Mid-Senior level,Bachelor's Degree,Information Technology,,0
5,Data Entry Clerk,"US, CA, Los Angeles",IT,100000-120000,Earn $500 daily working 2 hours from home. No experience needed!,Manage customer queries via ticket portal and phone support.,Strong communication skills and team management experience.,,1,1,1,Part-time,Mid-Senior level,High School or equivalent,Information Technology,Administrative,0
6,Work From Home Specialist,"US, CA, Los Angeles",,100000-120000,Immediate opening! Send bank details for equipment processing.,Manage customer queries via ticket portal and phone support.,"Bachelor degree in CS, 2+ years Python experience required.",Weekly cash bonuses.,1,1,0,Contract,Mid-Senior level,High School or equivalent,Information Technology,,0
7,Software Engineer,"US, CA, Los Angeles",IT,100000-120000,Earn $500 daily working 2 hours from home. No experience needed!,Looking for experienced Python developer with FastAPI and SQL skills.,Strong communication skills and team management experience.,"Health insurance, 401k, paid leaves.",1,1,1,Full-time,Associate,,Financial Services,Engineering,0
8,Customer Service Rep,"PK, LHR, Lahore",Admin,100000-120000,Earn $500 daily working 2 hours from home. No experience needed!,Simple copy paste job. High commission guaranteed.,"Bachelor degree in CS, 2+ years Python experience required.",Weekly cash bonuses.,0,0,0,Full-time,,Bachelor's Degree,Marketing,Sales,0
9,Customer Service Rep,"IN, DEL, Delhi",,100000-120000,We are a leading tech firm establishing global remote teams.,Simple copy paste job. High commission guaranteed.,"Bachelor degree in CS, 2+ years Python experience required.","Health insurance, 401k, paid leaves.",1,0,0,Contract,Mid-Senior level,Bachelor's Degree,Marketing,Administrative,0
10,Work From Home Specialist,"IN, DEL, Delhi",Sales,,We are a leading tech firm establishing global remote teams.,Looking for experienced Python developer with FastAPI and SQL skills.,Must have laptop and active internet. No qualifications needed.,Weekly cash bonuses.,0,1,0,Contract,Entry level,Bachelor's Degree,Marketing,Sales,0
11,Work From Home Specialist,"IN, DEL, Delhi",,,We are a leading tech firm establishing global remote teams.,Manage customer queries via ticket portal and phone support.,"Bachelor degree in CS, 2+ years Python experience required.",,1,1,0,Part-time,Associate,,Marketing,,0
12,Customer Service Rep,"US, CA, Los Angeles",Customer Care,1000-2000,Earn $500 daily working 2 hours from home. No experience needed!,Looking for experienced Python developer with FastAPI and SQL skills.,"Bachelor degree in CS, 2+ years Python experience required.",Weekly cash bonuses.,1,0,1,Part-time,,High School or equivalent,Marketing,Administrative,0
13,Customer Service Rep,"US, CA, Los Angeles",IT,1000-2000,Established multi-national logistics company.,Simple copy paste job. High commission guaranteed.,Must have laptop and active internet. No qualifications needed.,Weekly cash bonuses.,1,0,0,Contract,Associate,,Information Technology,Sales,0
14,Customer Service Rep,"US, NY, New York",Admin,1000-2000,Established multi-national logistics company.,Simple copy paste job. High commission guaranteed.,"Bachelor degree in CS, 2+ years Python experience required.",Weekly cash bonuses.,0,1,0,Contract,,High School or equivalent,,Sales,0
15,Customer Service Rep,"US, NY, New York",Admin,100000-120000,Earn $500 daily working 2 hours from home. No experience needed!,Manage customer queries via ticket portal and phone support.,Must have laptop and active internet. No qualifications needed.,"Health insurance, 401k, paid leaves.",1,1,0,Contract,Mid-Senior level,,Financial Services,,0
16,Marketing Manager,"PK, LHR, Lahore",,,We are a leading tech firm establishing global remote teams.,Urgent requirement! High payout daily. Contact personal gmail address immediately.,"Bachelor degree in CS, 2+ years Python experience required.","Health insurance, 401k, paid leaves.",1,0,0,Part-time,,Bachelor's Degree,Financial Services,Engineering,0
17,Work From Home Specialist,"IN, DEL, Delhi",Admin,,Earn $500 daily working 2 hours from home. No experience needed!,Simple copy paste job. High commission guaranteed.,Must have laptop and active internet. No qualifications needed.,,1,1,1,,Entry level,,Information Technology,Sales,1
18,Work From Home Specialist,"IN, DEL, Delhi",IT,1000-2000,Earn $500 daily working 2 hours from home. No experience needed!,Simple copy paste job. High commission guaranteed.,Strong communication skills and team management experience.,Weekly cash bonuses.,1,1,0,Part-time,Mid-Senior level,High School or equivalent,Marketing,Administrative,0
19,Marketing Manager,"US, NY, New York",Customer Care,100000-120000,We are a leading tech firm establishing global remote teams.,Looking for experienced Python developer with FastAPI and SQL skills.,Must have laptop and active internet. No qualifications needed.,,0,0,0,,Entry level,Bachelor's Degree,Marketing,Engineering,0
20,Work From Home Specialist,"IN, DEL, Delhi",IT,50000-70000,Established multi-national logistics company.,Urgent requirement! High payout daily. Contact personal gmail address immediately.,Must have laptop and active internet. No qualifications needed.,Weekly cash bonuses.,0,1,0,,Entry level,,Information Technology,Engineering,0
21,Marketing Manager,"US, CA, Los Angeles",,50000-70000,Established multi-national logistics company.,Manage customer queries via ticket portal and phone support.,Strong communication skills and team management experience.,Weekly cash bonuses.,1,1,1,,Associate,,,Sales,0
22,Urgent Hiring Admin,"US, CA, Los Angeles",Sales,100000-120000,Immediate opening! Send bank details for equipment processing.,Urgent requirement! High payout daily. Contact personal gmail address immediately.,Must have laptop and active internet. No qualifications needed.,"Health insurance, 401k, paid leaves.",1,0,1,Contract,,High School or equivalent,Marketing,,0
23,Customer Service Rep,"US, CA, Los Angeles",Customer Care,,Earn $500 daily working 2 hours from home. No experience needed!,Looking for experienced Python developer with FastAPI and SQL skills.,"Bachelor degree in CS, 2+ years Python experience required.",,0,0,0,Part-time,Associate,High School or equivalent,Marketing,Sales,0
24,Data Entry Clerk,"IN, DEL, Delhi",IT,50000-70000,Established multi-national logistics company.,Urgent requirement! High payout daily. Contact personal gmail address immediately.,Must have laptop and active internet. No qualifications needed.,,1,0,0,Full-time,,Bachelor's Degree,Financial Services,Sales,0
25,Marketing Manager,"IN, DEL, Delhi",IT,100000-120000,Immediate opening! Send bank details for equipment processing.,Manage customer queries via ticket portal and phone support.,Must have laptop and active internet. No qualifications needed.,Weekly cash bonuses.,0,0,0,Part-time,Entry level,Bachelor's Degree,Financial Services,,0
26,Customer Service Rep,"IN, DEL, Delhi",Admin,100000-120000,Established multi-national logistics company.,Looking for experienced Python developer with FastAPI and SQL skills.,Strong communication skills and team management experience.,,0,1,0,,Associate,Bachelor's Degree,Marketing,Administrative,0
27,Marketing Manager,"US, CA, Los Angeles",Customer Care,1000-2000,Earn $500 daily working 2 hours from home. No experience needed!,Manage customer queries via ticket portal and phone support.,Must have laptop and active internet. No qualifications needed.,,0,1,0,Contract,,,,Engineering,0
28,Data Entry Clerk,"US, NY, New York",IT,1000-2000,Established multi-national logistics company.,Urgent requirement! High payout daily. Contact personal gmail address immediately.,Must have laptop and active internet. No qualifications needed.,"Health insurance, 401k, paid leaves.",0,1,1,Part-time,Mid-Senior level,Bachelor's Degree,Financial Services,Engineering,0
29,Urgent Hiring Admin,"US, CA, Los Angeles",Sales,50000-70000,Earn $500 daily working 2 hours from home. No experience needed!,Manage customer queries via ticket portal and phone support.,"Bachelor degree in CS, 2+ years Python experience required.",Weekly cash bonuses.,1,0,0,Part-time,Associate,,,,0
30,Urgent Hiring Admin,"US, NY, New York",Customer Care,100000-120000,Earn $500 daily working 2 hours from home. No experience needed!,Manage customer queries via ticket portal and phone support.,Strong communication skills and team management experience.,Weekly cash bonuses.,0,1,1,,Entry level,High School or equivalent,,Administrative,0
31,Software Engineer,"IN, DEL, Delhi",Sales,100000-120000,Immediate opening! Send bank details for equipment processing.,Looking for experienced Python developer with FastAPI and SQL skills.,Must have laptop and active internet. No qualifications needed.,"Health insurance, 401k, paid leaves.",1,0,0,Part-time,Mid-Senior level,Bachelor's Degree,Information Technology,Administrative,0
32,Software Engineer,"US, CA, Los Angeles",Sales,100000-120000,Earn $500 daily working 2 hours from home. No experience needed!,Simple copy paste job. High commission guaranteed.,Must have laptop and active internet. No qualifications needed.,Weekly cash bonuses.,1,1,0,,Entry level,Bachelor's Degree,Financial Services,Sales,0
33,Marketing Manager,"US, CA, Los Angeles",Admin,50000-70000,Immediate opening! Send bank details for equipment processing.,Looking for experienced Python developer with FastAPI and SQL skills.,"Bachelor degree in CS, 2+ years Python experience required.","Health insurance, 401k, paid leaves.",1,1,1,Part-time,Associate,High School or equivalent,,,0
34,Customer Service Rep,"US, CA, Los Angeles",Customer Care,1000-2000,Established multi-national logistics company.,Manage customer queries via ticket portal and phone support.,Must have laptop and active internet. No qualifications needed.,,1,0,1,,Associate,,,Administrative,1
35,Customer Service Rep,"US, NY, New York",Sales,,Immediate opening! Send bank details for equipment processing.,Manage customer queries via ticket portal and phone support.,Must have laptop and active internet. No qualifications needed.,,0,0,0,Full-time,,,Information Technology,Sales,1
36,Software Engineer,"US, CA, Los Angeles",Admin,,We are a leading tech firm establishing global remote teams.,Looking for experienced Python developer with FastAPI and SQL skills.,Strong communication skills and team management experience.,"Health insurance, 401k, paid leaves.",0,1,0,Contract,Mid-Senior level,High School or equivalent,,Administrative,0
37,Marketing Manager,"PK, LHR, Lahore",Customer Care,1000-2000,Earn $500 daily working 2 hours from home. No experience needed!,Looking for experienced Python developer with FastAPI and SQL skills.,Must have laptop and active internet. No qualifications needed.,"Health insurance, 401k, paid leaves.",0,1,0,Full-time,Entry level,Bachelor's Degree,Information Technology,Sales,0
38,Marketing Manager,"PK, LHR, Lahore",,1000-2000,Immediate opening! Send bank details for equipment processing.,Urgent requirement! High payout daily. Contact personal gmail address immediately.,Strong communication skills and team management experience.,"Health insurance, 401k, paid leaves.",1,1,1,Full-time,,High School or equivalent,,Administrative,0
39,Work From Home Specialist,"IN, DEL, Delhi",Customer Care,100000-120000,Immediate opening! Send bank details for equipment processing.,Manage customer queries via ticket portal and phone support.,Strong communication skills and team management experience.,,0,0,1,Part-time,,,,Sales,0
40,Marketing Manager,"IN, DEL, Delhi",IT,100000-120000,Established multi-national logistics company.,Manage customer queries via ticket portal and phone support.,Must have laptop and active internet. No qualifications needed.,"Health insurance, 401k, paid leaves.",0,1,1,Contract,Mid-Senior level,High School or equivalent,,Administrative,0
41,Marketing Manager,"PK, LHR, Lahore",Admin,1000-2000,Immediate opening! Send bank details for equipment processing.,Manage customer queries via ticket portal and phone support.,"Bachelor degree in CS, 2+ years Python experience required.",Weekly cash bonuses.,1,1,0,,Associate,High School or equivalent,Marketing,,0
42,Marketing Manager,"PK, LHR, Lahore",IT,100000-120000,Earn $500 daily working 2 hours from home. No experience needed!,Looking for experienced Python developer with FastAPI and SQL skills.,"Bachelor degree in CS, 2+ years Python experience required.",,0,0,0,Contract,,Bachelor's Degree,Financial Services,,0
43,Work From Home Specialist,"US, NY, New York",Admin,,Earn $500 daily working 2 hours from home. No experience needed!,Simple copy paste job. High commission guaranteed.,"Bachelor degree in CS, 2+ years Python experience required.",,1,1,0,Part-time,Entry level,High School or equivalent,,Engineering,0
44,Urgent Hiring Admin,"US, NY, New York",Sales,50000-70000,We are a leading tech firm establishing global remote teams.,Manage customer queries via ticket portal and phone support.,"Bachelor degree in CS, 2+ years Python experience required.",,0,0,1,Contract,Mid-Senior level,,Information Technology,,1
45,Marketing Manager,"IN, DEL, Delhi",Sales,,We are a leading tech firm establishing global remote teams.,Looking for experienced Python developer with FastAPI and SQL skills.,Strong communication skills and team management experience.,"Health insurance, 401k, paid leaves.",0,1,1,,Entry level,Bachelor's Degree,Marketing,Sales,0
46,Work From Home Specialist,"US, NY, New York",Customer Care,50000-70000,Earn $500 daily working 2 hours from home. No experience needed!,Simple copy paste job. High commission guaranteed.,"Bachelor degree in CS, 2+ years Python experience required.",,1,1,0,Full-time,Associate,Bachelor's Degree,Marketing,,0
47,Urgent Hiring Admin,"US, NY, New York",IT,1000-2000,Established multi-national logistics company.,Looking for experienced Python developer with FastAPI and SQL skills.,Must have laptop and active internet. No qualifications needed.,Weekly cash bonuses.,0,0,0,Full-time,,Bachelor's Degree,Marketing,Engineering,0
48,Work From Home Specialist,"PK, LHR, Lahore",,1000-2000,Established multi-national logistics company.,Simple copy paste job. High commission guaranteed.,"Bachelor degree in CS, 2+ years Python experience required.","Health insurance, 401k, paid leaves.",0,1,1,Contract,,,Marketing,Administrative,0
49,Software Engineer,"IN, DEL, Delhi",,1000-2000,Earn $500 daily working 2 hours from home. No experience needed!,Manage customer queries via ticket portal and phone support.,"Bachelor degree in CS, 2+ years Python experience required.",Weekly cash bonuses.,1,0,1,,Associate,,Financial Services,Engineering,0
50,Work From Home Specialist,"PK, LHR, Lahore",Sales,50000-70000,Immediate opening! Send bank details for equipment processing.,Urgent requirement! High payout daily. Contact personal gmail address immediately.,Must have laptop and active internet. No qualifications needed.,,1,0,0,Contract,Associate,Bachelor's Degree,Marketing,Engineering,0
51,Data Entry Clerk,"US, CA, Los Angeles",,1000-2000,Immediate opening! Send bank details for equipment processing.,Simple copy paste job. High commission guaranteed.,"Bachelor degree in CS, 2+ years Python experience required.",Weekly cash bonuses.,1,1,0,,Associate,High School or equivalent,Financial Services,Administrative,0
52,Software Engineer,"PK, LHR, Lahore",Admin,,We are a leading tech firm establishing global remote teams.,Manage customer queries via ticket portal and phone support.,Strong communication skills and team management experience.,"Health insurance, 401k, paid leaves.",1,1,1,Part-time,Mid-Senior level,Bachelor's Degree,Financial Services,Administrative,1
53,Work From Home Specialist,"IN, DEL, Delhi",Customer Care,100000-120000,Established multi-national logistics company.,Urgent requirement! High payout daily. Contact personal gmail address immediately.,Must have laptop and active internet. No qualifications needed.,,0,1,0,Part-time,Associate,Bachelor's Degree,Marketing,Sales,0
54,Software Engineer,"US, NY, New York",IT,100000-120000,Immediate opening! Send bank details for equipment processing.,Urgent requirement! High payout daily. Contact personal gmail address immediately.,Strong communication skills and team management experience.,,0,0,1,Part-time,Associate,Bachelor's Degree,Information Technology,Administrative,0
55,Urgent Hiring Admin,"PK, LHR, Lahore",Admin,,Established multi-national logistics company.,Manage customer queries via ticket portal and phone support.,Must have laptop and active internet. No qualifications needed.,"Health insurance, 401k, paid leaves.",1,1,1,Full-time,Associate,Bachelor's Degree,Financial Services,Sales,0
56,Software Engineer,"US, CA, Los Angeles",Customer Care,,We are a leading tech firm establishing global remote teams.,Manage customer queries via ticket portal and phone support.,"Bachelor degree in CS, 2+ years Python experience required.",Weekly cash bonuses.,1,0,1,,,Bachelor's Degree,Financial Services,Sales,0
57,Marketing Manager,"US, NY, New York",Admin,100000-120000,Earn $500 daily working 2 hours from home. No experience needed!,Looking for experienced Python developer with FastAPI and SQL skills.,Strong communication skills and team management experience.,,0,0,0,Contract,Entry level,High School or equivalent,Information Technology,Administrative,0
58,Marketing Manager,"PK, LHR, Lahore",Sales,100000-120000,We are a leading tech firm establishing global remote teams.,Simple copy paste job. High commission guaranteed.,Must have laptop and active internet. No qualifications needed.,"Health insurance, 401k, paid leaves.",1,0,0,,Mid-Senior level,Bachelor's Degree,Information Technology,Sales,0
59,Urgent Hiring Admin,"US, CA, Los Angeles",Customer Care,,Established multi-national logistics company.,Simple copy paste job. High commission guaranteed.,Strong communication skills and team management experience.,,0,0,0,Full-time,Mid-Senior level,Bachelor's Degree,,Administrative,0
60,Customer Service Rep,"US, NY, New York",,,We are a leading tech firm establishing global remote teams.,Looking for experienced Python developer with FastAPI and SQL skills.,"Bachelor degree in CS, 2+ years Python experience required.",,1,1,1,Contract,Associate,High School or equivalent,,Sales,0
61,Data Entry Clerk,"US, CA, Los Angeles",Admin,100000-120000,Immediate opening! Send bank details for equipment processing.,Urgent requirement! High payout daily. Contact personal gmail address immediately.,Strong communication skills and team management experience.,Weekly cash bonuses.,0,0,1,Full-time,,,Information Technology,Administrative,0
62,Marketing Manager,"US, CA, Los Angeles",Customer Care,1000-2000,We are a leading tech firm establishing global remote teams.,Urgent requirement! High payout daily. Contact personal gmail address immediately.,Strong communication skills and team management experience.,"Health insurance, 401k, paid leaves.",0,1,1,Full-time,Entry level,High School or equivalent,,Administrative,0
63,Urgent Hiring Admin,"US, CA, Los Angeles",IT,50000-70000,We are a leading tech firm establishing global remote teams.,Looking for experienced Python developer with FastAPI and SQL skills.,Must have laptop and active internet. No qualifications needed.,,1,1,0,,Associate,Bachelor's Degree,Financial Services,Administrative,0
64,Work From Home Specialist,"PK, LHR, Lahore",Customer Care,1000-2000,Established multi-national logistics company.,Simple copy paste job. High commission guaranteed.,"Bachelor degree in CS, 2+ years Python experience required.",Weekly cash bonuses.,1,1,1,,Entry level,Bachelor's Degree,Information Technology,Sales,0
65,Customer Service Rep,"IN, DEL, Delhi",,100000-120000,Immediate opening! Send bank details for equipment processing.,Urgent requirement! High payout daily. Contact personal gmail address immediately.,"Bachelor degree in CS, 2+ years Python experience required.",Weekly cash bonuses.,0,1,1,,,,Marketing,,0
66,Marketing Manager,"US, CA, Los Angeles",IT,50000-70000,Established multi-national logistics company.,Looking for experienced Python developer with FastAPI and SQL skills.,Strong communication skills and team management experience.,"Health insurance, 401k, paid leaves.",1,0,1,Contract,,Bachelor's Degree,Marketing,Sales,0
67,Work From Home Specialist,"US, CA, Los Angeles",IT,100000-120000,Earn $500 daily working 2 hours from home. No experience needed!,Looking for experienced Python developer with FastAPI and SQL skills.,Strong communication skills and team management experience.,,0,1,0,Part-time,Associate,,,Sales,0
68,Work From Home Specialist,"PK, LHR, Lahore",Customer Care,1000-2000,Established multi-national logistics company.,Looking for experienced Python developer with FastAPI and SQL skills.,Strong communication skills and team management experience.,"Health insurance, 401k, paid leaves.",1,0,1,Full-time,,Bachelor's Degree,Information Technology,,0
69,Marketing Manager,"US, NY, New York",,100000-120000,Established multi-national logistics company.,Manage customer queries via ticket portal and phone support.,Strong communication skills and team management experience.,Weekly cash bonuses.,1,1,1,Contract,,Bachelor's Degree,Marketing,Sales,0
70,Urgent Hiring Admin,"US, CA, Los Angeles",IT,50000-70000,We are a leading tech firm establishing global remote teams.,Looking for experienced Python developer with FastAPI and SQL skills.,Strong communication skills and team management experience.,,0,0,1,,Associate,Bachelor's Degree,,Sales,1
71,Urgent Hiring Admin,"IN, DEL, Delhi",Sales,1000-2000,Established multi-national logistics company.,Manage customer queries via ticket portal and phone support.,Strong communication skills and team management experience.,"Health insurance, 401k, paid leaves.",1,0,1,Part-time,,Bachelor's Degree,Marketing,Administrative,0
72,Marketing Manager,"IN, DEL, Delhi",IT,1000-2000,We are a leading tech firm establishing global remote teams.,Urgent requirement! High payout daily. Contact personal gmail address immediately.,Must have laptop and active internet. No qualifications needed.,Weekly cash bonuses.,1,1,0,Part-time,Mid-Senior level,High School or equivalent,Financial Services,Engineering,0
73,Work From Home Specialist,"US, CA, Los Angeles",Customer Care,,Established multi-national logistics company.,Urgent requirement! High payout daily. Contact personal gmail address immediately.,Must have laptop and active internet. No qualifications needed.,"Health insurance, 401k, paid leaves.",0,0,1,Contract,Entry level,Bachelor's Degree,Information Technology,,0
74,Data Entry Clerk,"PK, LHR, Lahore",Customer Care,1000-2000,Earn $500 daily working 2 hours from home. No experience needed!,Urgent requirement! High payout daily. Contact personal gmail address immediately.,Must have laptop and active internet. No qualifications needed.,,0,0,0,Part-time,,Bachelor's Degree,Marketing,Sales,0
75,Software Engineer,"PK, LHR, Lahore",,,Established multi-national logistics company.,Looking for experienced Python developer with FastAPI and SQL skills.,Must have laptop and active internet. No qualifications needed.,"Health insurance, 401k, paid leaves.",0,1,1,Full-time,Mid-Senior level,High School or equivalent,,Engineering,0
76,Customer Service Rep,"PK, LHR, Lahore",Customer Care,100000-120000,Immediate opening! Send bank details for equipment processing.,Urgent requirement! High payout daily. Contact personal gmail address immediately.,"Bachelor degree in CS, 2+ years Python experience required.",,0,1,0,Full-time,Mid-Senior level,High School or equivalent,Information Technology,Sales,0
77,Customer Service Rep,"IN, DEL, Delhi",Customer Care,100000-120000,Earn $500 daily working 2 hours from home. No experience needed!,Looking for experienced Python developer with FastAPI and SQL skills.,Strong communication skills and team management experience.,,1,1,0,,Associate,,Financial Services,Sales,1
78,Data Entry Clerk,"US, CA, Los Angeles",Admin,,Earn $500 daily working 2 hours from home. No experience needed!,Simple copy paste job. High commission guaranteed.,"Bachelor degree in CS, 2+ years Python experience required.",,1,0,1,Part-time,Associate,,,,0
79,Urgent Hiring Admin,"IN, DEL, Delhi",Admin,,We are a leading tech firm establishing global remote teams.,Manage customer queries via ticket portal and phone support.,"Bachelor degree in CS, 2+ years Python experience required.",Weekly cash bonuses.,0,0,0,Part-time,Entry level,,Marketing,Sales,0
80,Urgent Hiring Admin,"IN, DEL, Delhi",Customer Care,100000-120000,Immediate opening! Send bank details for equipment processing.,Manage customer queries via ticket portal and phone support.,Strong communication skills and team management experience.,Weekly cash bonuses.,0,1,0,Contract,Mid-Senior level,,Information Technology,Engineering,0
81,Work From Home Specialist,"US, CA, Los Angeles",,1000-2000,Earn $500 daily working 2 hours from home. No experience needed!,Manage customer queries via ticket portal and phone support.,"Bachelor degree in CS, 2+ years Python experience required.",,0,0,0,Contract,Entry level,Bachelor's Degree,Marketing,Administrative,0
82,Urgent Hiring Admin,"IN, DEL, Delhi",Sales,50000-70000,Established multi-national logistics company.,Manage customer queries via ticket portal and phone support.,"Bachelor degree in CS, 2+ years Python experience required.","Health insurance, 401k, paid leaves.",1,0,1,,Associate,High School or equivalent,Financial Services,Sales,0
83,Urgent Hiring Admin,"US, NY, New York",IT,1000-2000,Immediate opening! Send bank details for equipment processing.,Simple copy paste job. High commission guaranteed.,"Bachelor degree in CS, 2+ years Python experience required.",,0,0,0,Contract,Mid-Senior level,,Information Technology,Sales,0
84,Urgent Hiring Admin,"US, CA, Los Angeles",Customer Care,1000-2000,Established multi-national logistics company.,Manage customer queries via ticket portal and phone support.,Strong communication skills and team management experience.,"Health insurance, 401k, paid leaves.",1,1,1,Part-time,Associate,High School or equivalent,,Engineering,0
85,Software Engineer,"PK, LHR, Lahore",Sales,1000-2000,Earn $500 daily working 2 hours from home. No experience needed!,Manage customer queries via ticket portal and phone support.,"Bachelor degree in CS, 2+ years Python experience required.",,0,0,1,Contract,Entry level,,Financial Services,,0
86,Customer Service Rep,"IN, DEL, Delhi",IT,,Immediate opening! Send bank details for equipment processing.,Manage customer queries via ticket portal and phone support.,Must have laptop and active internet. No qualifications needed.,Weekly cash bonuses.,0,0,1,Full-time,Associate,Bachelor's Degree,Financial Services,,0
87,Urgent Hiring Admin,"US, NY, New York",IT,100000-120000,Established multi-national logistics company.,Urgent requirement! High payout daily. Contact personal gmail address immediately.,Must have laptop and active internet. No qualifications needed.,"Health insurance, 401k, paid leaves.",0,1,0,Contract,,,Information Technology,Administrative,0
88,Marketing Manager,"US, CA, Los Angeles",Customer Care,,We are a leading tech firm establishing global remote teams.,Manage customer queries via ticket portal and phone support.,Strong communication skills and team management experience.,,1,0,1,Full-time,Associate,Bachelor's Degree,Marketing,,0
89,Urgent Hiring Admin,"US, NY, New York",,50000-70000,We are a leading tech firm establishing global remote teams.,Manage customer queries via ticket portal and phone support.,Must have laptop and active internet. No qualifications needed.,Weekly cash bonuses.,0,1,1,Full-time,Mid-Senior level,,Financial Services,,0
90,Data Entry Clerk,"US, CA, Los Angeles",Sales,1000-2000,Immediate opening! Send bank details for equipment processing.,Urgent requirement! High payout daily. Contact personal gmail address immediately.,Must have laptop and active internet. No qualifications needed.,Weekly cash bonuses.,1,0,1,Full-time,Mid-Senior level,,Information Technology,Engineering,0
91,Urgent Hiring Admin,"PK, LHR, Lahore",,,Earn $500 daily working 2 hours from home. No experience needed!,Manage customer queries via ticket portal and phone support.,Must have laptop and active internet. No qualifications needed.,,1,1,0,Contract,Mid-Senior level,High School or equivalent,Information Technology,Administrative,0
92,Marketing Manager,"IN, DEL, Delhi",IT,100000-120000,Earn $500 daily working 2 hours from home. No experience needed!,Urgent requirement! High payout daily. Contact personal gmail address immediately.,Strong communication skills and team management experience.,,1,1,0,Part-time,Associate,High School or equivalent,Information Technology,Engineering,0
93,Software Engineer,"US, CA, Los Angeles",Admin,1000-2000,We are a leading tech firm establishing global remote teams.,Manage customer queries via ticket portal and phone support.,Must have laptop and active internet. No qualifications needed.,"Health insurance, 401k, paid leaves.",0,1,1,,Entry level,,,Sales,0
94,Software Engineer,"US, NY, New York",Admin,50000-70000,Earn $500 daily working 2 hours from home. No experience needed!,Urgent requirement! High payout daily. Contact personal gmail address immediately.,Must have laptop and active internet. No qualifications needed.,Weekly cash bonuses.,0,0,0,Contract,Mid-Senior level,Bachelor's Degree,,Administrative,0
95,Software Engineer,"IN, DEL, Delhi",Sales,50000-70000,Established multi-national logistics company.,Looking for experienced Python developer with FastAPI and SQL skills.,"Bachelor degree in CS, 2+ years Python experience required.","Health insurance, 401k, paid leaves.",0,0,1,Full-time,Entry level,Bachelor's Degree,,Administrative,0
96,Data Entry Clerk,"IN, DEL, Delhi",IT,50000-70000,We are a leading tech firm establishing global remote teams.,Manage customer queries via ticket portal and phone support.,Strong communication skills and team management experience.,,1,1,0,Contract,Mid-Senior level,Bachelor's Degree,Information Technology,Sales,0
97,Urgent Hiring Admin,"PK, LHR, Lahore",Customer Care,,Immediate opening! Send bank details for equipment processing.,Manage customer queries via ticket portal and phone support.,"Bachelor degree in CS, 2+ years Python experience required.",Weekly cash bonuses.,0,1,1,Part-time,Associate,Bachelor's Degree,,Administrative,0
98,Work From Home Specialist,"US, NY, New York",Admin,1000-2000,Earn $500 daily working 2 hours from home. No experience needed!,Simple copy paste job. High commission guaranteed.,Strong communication skills and team management experience.,Weekly cash bonuses.,0,0,0,,Entry level,Bachelor's Degree,Marketing,Sales,0
99,Software Engineer,"PK, LHR, Lahore",Customer Care,50000-70000,Earn $500 daily working 2 hours from home. No experience needed!,Manage customer queries via ticket portal and phone support.,Must have laptop and active internet. No qualifications needed.,Weekly cash bonuses.,1,1,0,,Entry level,Bachelor's Degree,Information Technology,Sales,1
100,Work From Home Specialist,"US, CA, Los Angeles",Admin,100000-120000,Earn $500 daily working 2 hours from home. No experience needed!,Looking for experienced Python developer with FastAPI and SQL skills.,Strong communication skills and team management experience.,"Health insurance, 401k, paid leaves.",0,0,0,Contract,,High School or equivalent,Information Technology,,1
101,Marketing Manager,"US, NY, New York",,,Immediate opening! Send bank details for equipment processing.,Simple copy paste job. High commission guaranteed.,"Bachelor degree in CS, 2+ years Python experience required.",,0,0,1,Full-time,,High School or equivalent,Information Technology,Engineering,0
102,Data Entry Clerk,"US, CA, Los Angeles",Customer Care,50000-70000,We are a leading tech firm establishing global remote teams.,Looking for experienced Python developer with FastAPI and SQL skills.,Must have laptop and active internet. No qualifications needed.,,1,0,1,Full-time,Entry level,High School or equivalent,,Sales,0
103,Software Engineer,"PK, LHR, Lahore",,1000-2000,Immediate opening! Send bank details for equipment processing.,Simple copy paste job. High commission guaranteed.,Must have laptop and active internet. No qualifications needed.,"Health insurance, 401k, paid leaves.",0,1,0,Contract,Associate,High School or equivalent,Information Technology,Engineering,0
104,Software Engineer,"US, NY, New York",Customer Care,50000-70000,Established multi-national logistics company.,Simple copy paste job. High commission guaranteed.,Strong communication skills and team management experience.,,0,1,0,,Mid-Senior level,,Marketing,Engineering,0
105,Work From Home Specialist,"US, NY, New York",Sales,,Earn $500 daily working 2 hours from home. No experience needed!,Looking for experienced Python developer with FastAPI and SQL skills.,"Bachelor degree in CS, 2+ years Python experience required.",,0,1,1,Contract,Entry level,High School or equivalent,,Sales,0
106,Data Entry Clerk,"IN, DEL, Delhi",Admin,,Earn $500 daily working 2 hours from home. No experience needed!,Looking for experienced Python developer with FastAPI and SQL skills.,Strong communication skills and team management experience.,,1,1,1,Part-time,Mid-Senior level,Bachelor's Degree,,Engineering,0
107,Work From Home Specialist,"US, CA, Los Angeles",Sales,,We are a leading tech firm establishing global remote teams.,Urgent requirement! High payout daily. Contact personal gmail address immediately.,Must have laptop and active internet. No qualifications needed.,,0,0,0,Full-time,,Bachelor's Degree,,Administrative,0
108,Software Engineer,"PK, LHR, Lahore",Sales,50000-70000,Established multi-national logistics company.,Urgent requirement! High payout daily. Contact personal gmail address immediately.,Must have laptop and active internet. No qualifications needed.,Weekly cash bonuses.,0,0,0,,Associate,,Financial Services,,0
109,Marketing Manager,"PK, LHR, Lahore",Sales,50000-70000,We are a leading tech firm establishing global remote teams.,Looking for experienced Python developer with FastAPI and SQL skills.,"Bachelor degree in CS, 2+ years Python experience required.","Health insurance, 401k, paid leaves.",1,0,0,Contract,,,,Engineering,0
110,Data Entry Clerk,"US, CA, Los Angeles",Customer Care,50000-70000,Earn $500 daily working 2 hours from home. No experience needed!,Looking for experienced Python developer with FastAPI and SQL skills.,"Bachelor degree in CS, 2+ years Python experience required.","Health insurance, 401k, paid leaves.",0,0,1,Contract,Entry level,High School or equivalent,Financial Services,Engineering,0
111,Data Entry Clerk,"PK, LHR, Lahore",Sales,1000-2000,We are a leading tech firm establishing global remote teams.,Looking for experienced Python developer with FastAPI and SQL skills.,Strong communication skills and team management experience.,,0,1,1,,Mid-Senior level,Bachelor's Degree,Marketing,Engineering,0
112,Work From Home Specialist,"PK, LHR, Lahore",Sales,1000-2000,Established multi-national logistics company.,Looking for experienced Python developer with FastAPI and SQL skills.,"Bachelor degree in CS, 2+ years Python experience required.","Health insurance, 401k, paid leaves.",1,1,1,Contract,Entry level,Bachelor's Degree,Information Technology,Engineering,0
113,Software Engineer,"US, NY, New York",Customer Care,50000-70000,We are a leading tech firm establishing global remote teams.,Looking for experienced Python developer with FastAPI and SQL skills.,Strong communication skills and team management experience.,,0,0,1,,Mid-Senior level,High School or equivalent,,,0
114,Data Entry Clerk,"PK, LHR, Lahore",Admin,,Immediate opening! Send bank details for equipment processing.,Simple copy paste job. High commission guaranteed.,"Bachelor degree in CS, 2+ years Python experience required.",Weekly cash bonuses.,0,0,0,Contract,Mid-Senior level,Bachelor's Degree,Financial Services,Engineering,0
115,Data Entry Clerk,"US, CA, Los Angeles",Sales,1000-2000,Earn $500 daily working 2 hours from home. No experience needed!,Looking for experienced Python developer with FastAPI and SQL skills.,"Bachelor degree in CS, 2+ years Python experience required.","Health insurance, 401k, paid leaves.",0,1,1,,,High School or equivalent,Information Technology,Engineering,0
116,Work From Home Specialist,"US, NY, New York",Customer Care,1000-2000,Established multi-national logistics company.,Manage customer queries via ticket portal and phone support.,Strong communication skills and team management experience.,Weekly cash bonuses.,0,0,1,Part-time,Mid-Senior level,High School or equivalent,Marketing,Sales,0
117,Software Engineer,"IN, DEL, Delhi",Sales,1000-2000,We are a leading tech firm establishing global remote teams.,Simple copy paste job. High commission guaranteed.,Strong communication skills and team management experience.,Weekly cash bonuses.,0,0,0,Part-time,Associate,,Information Technology,Sales,0
118,Customer Service Rep,"US, NY, New York",Customer Care,,Earn $500 daily working 2 hours from home. No experience needed!,Manage customer queries via ticket portal and phone support.,"Bachelor degree in CS, 2+ years Python experience required.",Weekly cash bonuses.,1,1,0,Contract,Associate,Bachelor's Degree,Marketing,Engineering,0
119,Urgent Hiring Admin,"US, NY, New York",Admin,50000-70000,Immediate opening! Send bank details for equipment processing.,Looking for experienced Python developer with FastAPI and SQL skills.,Strong communication skills and team management experience.,Weekly cash bonuses.,0,0,0,,Entry level,,Financial Services,Administrative,0
120,Urgent Hiring Admin,"PK, LHR, Lahore",Customer Care,1000-2000,Earn $500 daily working 2 hours from home. No experience needed!,Simple copy paste job. High commission guaranteed.,Strong communication skills and team management experience.,"Health insurance, 401k, paid leaves.",0,0,0,Full-time,Mid-Senior level,Bachelor's Degree,Financial Services,Administrative,0
121,Urgent Hiring Admin,"PK, LHR, Lahore",Admin,50000-70000,Immediate opening! Send bank details for equipment processing.,Manage customer queries via ticket portal and phone support.,Strong communication skills and team management experience.,"Health insurance, 401k, paid leaves.",0,1,0,Full-time,,Bachelor's Degree,Financial Services,Sales,0
122,Data Entry Clerk,"US, NY, New York",Admin,1000-2000,We are a leading tech firm establishing global remote teams.,Looking for experienced Python developer with FastAPI and SQL skills.,Strong communication skills and team management experience.,"Health insurance, 401k, paid leaves.",0,0,1,Full-time,Entry level,High School or equivalent,,Administrative,0
123,Data Entry Clerk,"US, NY, New York",Admin,1000-2000,Earn $500 daily working 2 hours from home. No experience needed!,Urgent requirement! High payout daily. Contact personal gmail address immediately.,Strong communication skills and team management experience.,,0,0,0,,Entry level,,Marketing,Sales,0
124,Marketing Manager,"PK, LHR, Lahore",Customer Care,1000-2000,Established multi-national logistics company.,Simple copy paste job. High commission guaranteed.,"Bachelor degree in CS, 2+ years Python experience required.",Weekly cash bonuses.,0,1,1,Part-time,Associate,High School or equivalent,Financial Services,,0
125,Software Engineer,"US, NY, New York",Sales,1000-2000,Immediate opening! Send bank details for equipment processing.,Manage customer queries via ticket portal and phone support.,Must have laptop and active internet. No qualifications needed.,"Health insurance, 401k, paid leaves.",1,0,1,,,High School or equivalent,Information Technology,Engineering,0
126,Urgent Hiring Admin,"US, NY, New York",Customer Care,100000-120000,Established multi-national logistics company.,Manage customer queries via ticket portal and phone support.,"Bachelor degree in CS, 2+ years Python experience required.","Health insurance, 401k, paid leaves.",0,0,1,,,High School or equivalent,Financial Services,Sales,0
127,Work From Home Specialist,"US, NY, New York",Customer Care,,Earn $500 daily working 2 hours from home. No experience needed!,Simple copy paste job. High commission guaranteed.,Must have laptop and active internet. No qualifications needed.,,0,1,1,Full-time,Entry level,Bachelor's Degree,,,0
128,Marketing Manager,"US, NY, New York",Sales,1000-2000,Immediate opening! Send bank details for equipment processing.,Looking for experienced Python developer with FastAPI and SQL skills.,Strong communication skills and team management experience.,,0,1,1,Part-time,,Bachelor's Degree,Information Technology,,0
129,Customer Service Rep,"PK, LHR, Lahore",Admin,50000-70000,We are a leading tech firm establishing global remote teams.,Urgent requirement! High payout daily. Contact personal gmail address immediately.,Strong communication skills and team management experience.,,1,1,1,Full-time,Entry level,Bachelor's Degree,,Engineering,0
130,Software Engineer,"US, NY, New York",Admin,1000-2000,We are a leading tech firm establishing global remote teams.,Manage customer queries via ticket portal and phone support.,Strong communication skills and team management experience.,Weekly cash bonuses.,0,0,1,Part-time,Associate,Bachelor's Degree,Marketing,Sales,0
131,Marketing Manager,"PK, LHR, Lahore",IT,100000-120000,Immediate opening! Send bank details for equipment processing.,Manage customer queries via ticket portal and phone support.,"Bachelor degree in CS, 2+ years Python experience required.","Health insurance, 401k, paid leaves.",0,1,0,Contract,Entry level,Bachelor's Degree,Marketing,Administrative,0
132,Work From Home Specialist,"IN, DEL, Delhi",,1000-2000,Established multi-national logistics company.,Looking for experienced Python developer with FastAPI and SQL skills.,Strong communication skills and team management experience.,"Health insurance, 401k, paid leaves.",1,1,1,Part-time,Entry level,High School or equivalent,Marketing,Engineering,0
133,Urgent Hiring Admin,"US, CA, Los Angeles",,,We are a leading tech firm establishing global remote teams.,Manage customer queries via ticket portal and phone support.,Strong communication skills and team management experience.,Weekly cash bonuses.,0,0,0,,,High School or equivalent,Information Technology,,0
134,Software Engineer,"IN, DEL, Delhi",Admin,,Immediate opening! Send bank details for equipment processing.,Simple copy paste job. High commission guaranteed.,"Bachelor degree in CS, 2+ years Python experience required.",,1,1,0,,Associate,,Marketing,,0
135,Data Entry Clerk,"IN, DEL, Delhi",Admin,,We are a leading tech firm establishing global remote teams.,Manage customer queries via ticket portal and phone support.,Strong communication skills and team management experience.,Weekly cash bonuses.,0,1,0,,Associate,,,Sales,0
136,Urgent Hiring Admin,"US, NY, New York",Sales,1000-2000,Immediate opening! Send bank details for equipment processing.,Urgent requirement! High payout daily. Contact personal gmail address immediately.,Must have laptop and active internet. No qualifications needed.,Weekly cash bonuses.,1,1,0,,Mid-Senior level,Bachelor's Degree,Financial Services,Engineering,0
137,Data Entry Clerk,"PK, LHR, Lahore",Admin,50000-70000,Immediate opening! Send bank details for equipment processing.,Looking for experienced Python developer with FastAPI and SQL skills.,Must have laptop and active internet. No qualifications needed.,,0,0,0,,Mid-Senior level,,Financial Services,Sales,0
138,Data Entry Clerk,"PK, LHR, Lahore",Sales,100000-120000,Established multi-national logistics company.,Simple copy paste job. High commission guaranteed.,"Bachelor degree in CS, 2+ years Python experience required.",Weekly cash bonuses.,0,1,1,Full-time,Entry level,High School or equivalent,,,0
139,Work From Home Specialist,"US, NY, New York",Sales,50000-70000,Immediate opening! Send bank details for equipment processing.,Urgent requirement! High payout daily. Contact personal gmail address immediately.,Strong communication skills and team management experience.,Weekly cash bonuses.,0,0,0,,Mid-Senior level,High School or equivalent,Marketing,Sales,1
140,Data Entry Clerk,"PK, LHR, Lahore",Customer Care,1000-2000,We are a leading tech firm establishing global remote teams.,Manage customer queries via ticket portal and phone support.,"Bachelor degree in CS, 2+ years Python experience required.",,0,1,1,Part-time,Entry level,Bachelor's Degree,Marketing,,0
141,Data Entry Clerk,"IN, DEL, Delhi",Sales,,Earn $500 daily working 2 hours from home. No experience needed!,Simple copy paste job. High commission guaranteed.,Strong communication skills and team management experience.,"Health insurance, 401k, paid leaves.",0,0,0,Part-time,,,Financial Services,Sales,0
142,Urgent Hiring Admin,"US, NY, New York",Admin,1000-2000,Established multi-national logistics company.,Manage customer queries via ticket portal and phone support.,"Bachelor degree in CS, 2+ years Python experience required.",,1,0,0,Contract,Mid-Senior level,Bachelor's Degree,Marketing,Sales,0
143,Data Entry Clerk,"US, NY, New York",Sales,50000-70000,Immediate opening! Send bank details for equipment processing.,Urgent requirement! High payout daily. Contact personal gmail address immediately.,"Bachelor degree in CS, 2+ years Python experience required.",Weekly cash bonuses.,1,0,0,Contract,Associate,High School or equivalent,,,0
144,Software Engineer,"PK, LHR, Lahore",IT,,Earn $500 daily working 2 hours from home. No experience needed!,Urgent requirement! High payout daily. Contact personal gmail address immediately.,"Bachelor degree in CS, 2+ years Python experience required.","Health insurance, 401k, paid leaves.",1,0,1,,Associate,,Financial Services,Sales,0
145,Work From Home Specialist,"IN, DEL, Delhi",Customer Care,50000-70000,We are a leading tech firm establishing global remote teams.,Manage customer queries via ticket portal and phone support.,Strong communication skills and team management experience.,"Health insurance, 401k, paid leaves.",0,1,1,Full-time,Associate,,Information Technology,,0
146,Urgent Hiring Admin,"US, NY, New York",,50000-70000,Immediate opening! Send bank details for equipment processing.,Manage customer queries via ticket portal and phone support.,Must have laptop and active internet. No qualifications needed.,"Health insurance, 401k, paid leaves.",1,0,1,Part-time,Entry level,,,Sales,0
147,Urgent Hiring Admin,"US, NY, New York",Sales,50000-70000,We are a leading tech firm establishing global remote teams.,Urgent requirement! High payout daily. Contact personal gmail address immediately.,Must have laptop and active internet. No qualifications needed.,"Health insurance, 401k, paid leaves.",1,1,0,Full-time,Mid-Senior level,High School or equivalent,Financial Services,Engineering,0
148,Urgent Hiring Admin,"IN, DEL, Delhi",IT,100000-120000,We are a leading tech firm establishing global remote teams.,Manage customer queries via ticket portal and phone support.,"Bachelor degree in CS, 2+ years Python experience required.",,1,1,0,Part-time,Mid-Senior level,Bachelor's Degree,Financial Services,Administrative,0
149,Customer Service Rep,"PK, LHR, Lahore",IT,,Immediate opening! Send bank details for equipment processing.,Manage customer queries via ticket portal and phone support.,Strong communication skills and team management experience.,,1,0,1,Contract,Entry level,High School or equivalent,,Administrative,0
150,Work From Home Specialist,"IN, DEL, Delhi",Admin,1000-2000,Earn $500 daily working 2 hours from home. No experience needed!,Simple copy paste job. High commission guaranteed.,"Bachelor degree in CS, 2+ years Python experience required.",Weekly cash bonuses.,1,0,0,Full-time,Mid-Senior level,Bachelor's Degree,,Sales,0
151,Marketing Manager,"US, CA, Los Angeles",Admin,50000-70000,Earn $500 daily working 2 hours from home. No experience needed!,Looking for experienced Python developer with FastAPI and SQL skills.,"Bachelor degree in CS, 2+ years Python experience required.","Health insurance, 401k, paid leaves.",0,1,1,Full-time,Mid-Senior level,,Information Technology,Sales,0
152,Marketing Manager,"IN, DEL, Delhi",,1000-2000,Earn $500 daily working 2 hours from home. No experience needed!,Urgent requirement! High payout daily. Contact personal gmail address immediately.,Strong communication skills and team management experience.,,0,1,1,Part-time,Associate,Bachelor's Degree,Information Technology,Engineering,0
153,Marketing Manager,"IN, DEL, Delhi",Customer Care,1000-2000,Established multi-national logistics company.,Simple copy paste job. High commission guaranteed.,Strong communication skills and team management experience.,Weekly cash bonuses.,0,0,0,Full-time,Associate,High School or equivalent,Information Technology,Sales,0
154,Marketing Manager,"US, CA, Los Angeles",Admin,100000-120000,Earn $500 daily working 2 hours from home. No experience needed!,Looking for experienced Python developer with FastAPI and SQL skills.,"Bachelor degree in CS, 2+ years Python experience required.",Weekly cash bonuses.,1,1,0,Part-time,Entry level,Bachelor's Degree,,Administrative,0
155,Software Engineer,"PK, LHR, Lahore",Sales,,We are a leading tech firm establishing global remote teams.,Manage customer queries via ticket portal and phone support.,Strong communication skills and team management experience.,Weekly cash bonuses.,0,1,0,,,Bachelor's Degree,,,0
156,Work From Home Specialist,"IN, DEL, Delhi",Sales,50000-70000,We are a leading tech firm establishing global remote teams.,Simple copy paste job. High commission guaranteed.,Strong communication skills and team management experience.,"Health insurance, 401k, paid leaves.",0,1,0,Contract,Associate,,Financial Services,Administrative,0
157,Customer Service Rep,"IN, DEL, Delhi",,100000-120000,We are a leading tech firm establishing global remote teams.,Urgent requirement! High payout daily. Contact personal gmail address immediately.,Must have laptop and active internet. No qualifications needed.,,1,1,0,Part-time,Entry level,,Marketing,Engineering,0
158,Marketing Manager,"US, CA, Los Angeles",IT,1000-2000,We are a leading tech firm establishing global remote teams.,Looking for experienced Python developer with FastAPI and SQL skills.,Strong communication skills and team management experience.,Weekly cash bonuses.,0,1,0,Contract,,,Marketing,Engineering,0
159,Data Entry Clerk,"US, CA, Los Angeles",IT,100000-120000,Earn $500 daily working 2 hours from home. No experience needed!,Urgent requirement! High payout daily. Contact personal gmail address immediately.,Strong communication skills and team management experience.,,0,0,1,Contract,Mid-Senior level,Bachelor's Degree,,Administrative,0
160,Marketing Manager,"US, CA, Los Angeles",Sales,,We are a leading tech firm establishing global remote teams.,Simple copy paste job. High commission guaranteed.,Must have laptop and active internet. No qualifications needed.,Weekly cash bonuses.,0,0,0,Contract,,Bachelor's Degree,Marketing,Sales,0
161,Marketing Manager,"PK, LHR, Lahore",,,Immediate opening! Send bank details for equipment processing.,Urgent requirement! High payout daily. Contact personal gmail address immediately.,"Bachelor degree in CS, 2+ years Python experience required.",,1,1,0,Part-time,Associate,Bachelor's Degree,,Engineering,0
162,Software Engineer,"PK, LHR, Lahore",Sales,100000-120000,Earn $500 daily working 2 hours from home. No experience needed!,Manage customer queries via ticket portal and phone support.,"Bachelor degree in CS, 2+ years Python experience required.","Health insurance, 401k, paid leaves.",0,1,0,Full-time,Entry level,,,Administrative,0
163,Data Entry Clerk,"IN, DEL, Delhi",IT,,Earn $500 daily working 2 hours from home. No experience needed!,Simple copy paste job. High commission guaranteed.,"Bachelor degree in CS, 2+ years Python experience required.",,0,1,0,Contract,,,Marketing,,0
164,Customer Service Rep,"US, CA, Los Angeles",Sales,50000-70000,Earn $500 daily working 2 hours from home. No experience needed!,Simple copy paste job. High commission guaranteed.,Must have laptop and active internet. No qualifications needed.,,0,0,1,Full-time,Mid-Senior level,High School or equivalent,,Administrative,0
165,Urgent Hiring Admin,"IN, DEL, Delhi",Customer Care,,We are a leading tech firm establishing global remote teams.,Manage customer queries via ticket portal and phone support.,Strong communication skills and team management experience.,,1,0,1,Full-time,Entry level,Bachelor's Degree,Information Technology,Engineering,0
166,Customer Service Rep,"PK, LHR, Lahore",Admin,100000-120000,Earn $500 daily working 2 hours from home. No experience needed!,Manage customer queries via ticket portal and phone support.,Strong communication skills and team management experience.,Weekly cash bonuses.,1,1,0,Part-time,Entry level,,Marketing,Sales,0
167,Software Engineer,"PK, LHR, Lahore",Customer Care,1000-2000,Immediate opening! Send bank details for equipment processing.,Manage customer queries via ticket portal and phone support.,"Bachelor degree in CS, 2+ years Python experience required.",Weekly cash bonuses.,0,0,1,Part-time,Associate,,Financial Services,Engineering,0
168,Marketing Manager,"PK, LHR, Lahore",Admin,,Earn $500 daily working 2 hours from home. No experience needed!,Simple copy paste job. High commission guaranteed.,"Bachelor degree in CS, 2+ years Python experience required.",,0,1,1,Full-time,Associate,High School or equivalent,Financial Services,Administrative,0
169,Customer Service Rep,"US, CA, Los Angeles",Sales,,Earn $500 daily working 2 hours from home. No experience needed!,Urgent requirement! High payout daily. Contact personal gmail address immediately.,"Bachelor degree in CS, 2+ years Python experience required.",,0,1,0,Full-time,,Bachelor's Degree,Marketing,Administrative,0
170,Work From Home Specialist,"US, CA, Los Angeles",IT,50000-70000,Established multi-national logistics company.,Looking for experienced Python developer with FastAPI and SQL skills.,Strong communication skills and team management experience.,Weekly cash bonuses.,1,0,1,Full-time,,,,Administrative,0
171,Data Entry Clerk,"US, NY, New York",Customer Care,,Established multi-national logistics company.,Simple copy paste job. High commission guaranteed.,Must have laptop and active internet. No qualifications needed.,,1,0,1,Contract,Associate,,Information Technology,,0
172,Customer Service Rep,"PK, LHR, Lahore",,1000-2000,Established multi-national logistics company.,Simple copy paste job. High commission guaranteed.,"Bachelor degree in CS, 2+ years Python experience required.",,1,0,0,,Entry level,,Information Technology,,0
173,Software Engineer,"US, NY, New York",,1000-2000,Established multi-national logistics company.,Urgent requirement! High payout daily. Contact personal gmail address immediately.,"Bachelor degree in CS, 2+ years Python experience required.",Weekly cash bonuses.,1,0,1,Part-time,Associate,High School or equivalent,Marketing,Engineering,0
174,Urgent Hiring Admin,"IN, DEL, Delhi",Admin,,Established multi-national logistics company.,Looking for experienced Python developer with FastAPI and SQL skills.,"Bachelor degree in CS, 2+ years Python experience required.",,0,0,1,Part-time,Mid-Senior level,High School or equivalent,Information Technology,Engineering,0
175,Customer Service Rep,"US, NY, New York",Admin,,Immediate opening! Send bank details for equipment processing.,Simple copy paste job. High commission guaranteed.,Must have laptop and active internet. No qualifications needed.,,1,0,1,Full-time,,,Information Technology,,0
176,Work From Home Specialist,"US, CA, Los Angeles",Admin,50000-70000,Established multi-national logistics company.,Manage customer queries via ticket portal and phone support.,"Bachelor degree in CS, 2+ years Python experience required.",Weekly cash bonuses.,1,1,1,,,High School or equivalent,Marketing,,0
177,Software Engineer,"US, NY, New York",IT,100000-120000,Earn $500 daily working 2 hours from home. No experience needed!,Urgent requirement! High payout daily. Contact personal gmail address immediately.,Must have laptop and active internet. No qualifications needed.,"Health insurance, 401k, paid leaves.",0,1,1,Contract,,High School or equivalent,,Administrative,0
178,Software Engineer,"US, NY, New York",Sales,,We are a leading tech firm establishing global remote teams.,Manage customer queries via ticket portal and phone support.,Must have laptop and active internet. No qualifications needed.,,1,0,1,,,High School or equivalent,,Administrative,0
179,Marketing Manager,"US, NY, New York",,50000-70000,Immediate opening! Send bank details for equipment processing.,Simple copy paste job. High commission guaranteed.,"Bachelor degree in CS, 2+ years Python experience required.",,1,0,1,Contract,Mid-Senior level,High School or equivalent,,Engineering,0
180,Data Entry Clerk,"US, CA, Los Angeles",Admin,50000-70000,Immediate opening! Send bank details for equipment processing.,Manage customer queries via ticket portal and phone support.,Strong communication skills and team management experience.,"Health insurance, 401k, paid leaves.",0,0,1,Full-time,Associate,High School or equivalent,Information Technology,Sales,0
181,Customer Service Rep,"IN, DEL, Delhi",Customer Care,1000-2000,We are a leading tech firm establishing global remote teams.,Looking for experienced Python developer with FastAPI and SQL skills.,Strong communication skills and team management experience.,Weekly cash bonuses.,1,1,1,,,Bachelor's Degree,Financial Services,,0
182,Software Engineer,"PK, LHR, Lahore",Customer Care,,Immediate opening! Send bank details for equipment processing.,Simple copy paste job. High commission guaranteed.,"Bachelor degree in CS, 2+ years Python experience required.",,1,1,0,Full-time,Entry level,High School or equivalent,Information Technology,Engineering,0
183,Software Engineer,"PK, LHR, Lahore",IT,100000-120000,Immediate opening! Send bank details for equipment processing.,Simple copy paste job. High commission guaranteed.,Must have laptop and active internet. No qualifications needed.,Weekly cash bonuses.,1,1,1,Contract,Mid-Senior level,Bachelor's Degree,,Administrative,0
184,Customer Service Rep,"US, CA, Los Angeles",,100000-120000,We are a leading tech firm establishing global remote teams.,Urgent requirement! High payout daily. Contact personal gmail address immediately.,"Bachelor degree in CS, 2+ years Python experience required.",,1,0,0,Contract,Entry level,,Information Technology,Administrative,0
185,Customer Service Rep,"IN, DEL, Delhi",Customer Care,100000-120000,Earn $500 daily working 2 hours from home. No experience needed!,Manage customer queries via ticket portal and phone support.,Strong communication skills and team management experience.,Weekly cash bonuses.,0,1,1,,,,Information Technology,Sales,0
186,Urgent Hiring Admin,"US, NY, New York",Admin,1000-2000,Immediate opening! Send bank details for equipment processing.,Looking for experienced Python developer with FastAPI and SQL skills.,Strong communication skills and team management experience.,Weekly cash bonuses.,1,0,0,Part-time,Mid-Senior level,High School or equivalent,Marketing,Engineering,0
187,Software Engineer,"PK, LHR, Lahore",Sales,1000-2000,Established multi-national logistics company.,Manage customer queries via ticket portal and phone support.,Strong communication skills and team management experience.,,0,0,1,Full-time,Mid-Senior level,High School or equivalent,,Engineering,0
188,Data Entry Clerk,"US, CA, Los Angeles",Admin,50000-70000,Immediate opening! Send bank details for equipment processing.,Simple copy paste job. High commission guaranteed.,Must have laptop and active internet. No qualifications needed.,,0,0,1,Part-time,,,,Engineering,0
189,Customer Service Rep,"US, CA, Los Angeles",Admin,1000-2000,Established multi-national logistics company.,Manage customer queries via ticket portal and phone support.,"Bachelor degree in CS, 2+ years Python experience required.",,0,0,1,Contract,Associate,,Information Technology,Sales,0
190,Work From Home Specialist,"US, CA, Los Angeles",Sales,,Immediate opening! Send bank details for equipment processing.,Manage customer queries via ticket portal and phone support.,Must have laptop and active internet. No qualifications needed.,Weekly cash bonuses.,1,0,1,Full-time,Associate,,Financial Services,,0
191,Customer Service Rep,"IN, DEL, Delhi",IT,,Established multi-national logistics company.,Looking for experienced Python developer with FastAPI and SQL skills.,"Bachelor degree in CS, 2+ years Python experience required.","Health insurance, 401k, paid leaves.",0,0,1,Part-time,Mid-Senior level,Bachelor's Degree,Financial Services,Engineering,1
192,Software Engineer,"US, CA, Los Angeles",,50000-70000,We are a leading tech firm establishing global remote teams.,Simple copy paste job. High commission guaranteed.,"Bachelor degree in CS, 2+ years Python experience required.",Weekly cash bonuses.,1,1,1,,,High School or equivalent,,,0
193,Urgent Hiring Admin,"US, NY, New York",IT,50000-70000,We are a leading tech firm establishing global remote teams.,Manage customer queries via ticket portal and phone support.,"Bachelor degree in CS, 2+ years Python experience required.",Weekly cash bonuses.,1,1,0,Full-time,,Bachelor's Degree,Financial Services,,0
194,Customer Service Rep,"IN, DEL, Delhi",Admin,1000-2000,Established multi-national logistics company.,Manage customer queries via ticket portal and phone support.,"Bachelor degree in CS, 2+ years Python experience required.",Weekly cash bonuses.,0,0,1,Part-time,Mid-Senior level,High School or equivalent,Financial Services,Administrative,0
195,Marketing Manager,"PK, LHR, Lahore",IT,,Established multi-national logistics company.,Simple copy paste job. High commission guaranteed.,Must have laptop and active internet. No qualifications needed.,Weekly cash bonuses.,0,0,1,,Mid-Senior level,,Financial Services,,0
196,Customer Service Rep,"US, CA, Los Angeles",Customer Care,50000-70000,Established multi-national logistics company.,Urgent requirement! High payout daily. Contact personal gmail address immediately.,Strong communication skills and team management experience.,,0,1,1,Full-time,Mid-Senior level,High School or equivalent,Marketing,Sales,0
197,Software Engineer,"US, NY, New York",Sales,,We are a leading tech firm establishing global remote teams.,Looking for experienced Python developer with FastAPI and SQL skills.,"Bachelor degree in CS, 2+ years Python experience required.",,0,0,1,,Entry level,Bachelor's Degree,,Administrative,0
198,Marketing Manager,"US, CA, Los Angeles",Admin,1000-2000,We are a leading tech firm establishing global remote teams.,Simple copy paste job. High commission guaranteed.,Must have laptop and active internet. No qualifications needed.,"Health insurance, 401k, paid leaves.",1,0,1,Full-time,Mid-Senior level,Bachelor's Degree,Marketing,Engineering,0
199,Software Engineer,"IN, DEL, Delhi",Admin,50000-70000,Established multi-national logistics company.,Urgent requirement! High payout daily. Contact personal gmail address immediately.,Must have laptop and active internet. No qualifications needed.,"Health insurance, 401k, paid leaves.",0,1,1,Contract,Entry level,Bachelor's Degree,,Sales,0
200,Data Entry Clerk,"PK, LHR, Lahore",Admin,,Earn $500 daily working 2 hours from home. No experience needed!,Looking for experienced Python developer with FastAPI and SQL skills.,Strong communication skills and team management experience.,,1,1,0,Part-time,Mid-Senior level,,Information Technology,Sales,0
201,Marketing Manager,"US, CA, Los Angeles",,1000-2000,Established multi-national logistics company.,Manage customer queries via ticket portal and phone support.,"Bachelor degree in CS, 2+ years Python experience required.",Weekly cash bonuses.,1,1,0,Full-time,Associate,High School or equivalent,Financial Services,Sales,0
202,Customer Service Rep,"US, CA, Los Angeles",IT,100000-120000,Earn $500 daily working 2 hours from home. No experience needed!,Simple copy paste job. High commission guaranteed.,Must have laptop and active internet. No qualifications needed.,"Health insurance, 401k, paid leaves.",1,0,1,Full-time,Mid-Senior level,Bachelor's Degree,Financial Services,Engineering,0
203,Customer Service Rep,"IN, DEL, Delhi",IT,1000-2000,Established multi-national logistics company.,Manage customer queries via ticket portal and phone support.,Must have laptop and active internet. No qualifications needed.,,1,0,0,Contract,Entry level,Bachelor's Degree,Information Technology,Engineering,0
204,Urgent Hiring Admin,"US, CA, Los Angeles",Customer Care,100000-120000,Immediate opening! Send bank details for equipment processing.,Simple copy paste job. High commission guaranteed.,Must have laptop and active internet. No qualifications needed.,"Health insurance, 401k, paid leaves.",1,0,1,Part-time,Entry level,High School or equivalent,Financial Services,Administrative,0
205,Work From Home Specialist,"US, NY, New York",Admin,100000-120000,Immediate opening! Send bank details for equipment processing.,Simple copy paste job. High commission guaranteed.,"Bachelor degree in CS, 2+ years Python experience required.","Health insurance, 401k, paid leaves.",1,1,0,Full-time,Associate,Bachelor's Degree,Information Technology,Sales,0
206,Work From Home Specialist,"IN, DEL, Delhi",Admin,100000-120000,Immediate opening! Send bank details for equipment processing.,Looking for experienced Python developer with FastAPI and SQL skills.,Strong communication skills and team management experience.,,0,0,1,Part-time,Associate,,Marketing,Sales,0
207,Work From Home Specialist,"PK, LHR, Lahore",Admin,50000-70000,Established multi-national logistics company.,Looking for experienced Python developer with FastAPI and SQL skills.,Strong communication skills and team management experience.,Weekly cash bonuses.,0,1,0,Full-time,Entry level,High School or equivalent,Financial Services,Engineering,0
208,Urgent Hiring Admin,"US, NY, New York",Sales,100000-120000,Earn $500 daily working 2 hours from home. No experience needed!,Urgent requirement! High payout daily. Contact personal gmail address immediately.,Strong communication skills and team management experience.,Weekly cash bonuses.,0,1,0,Part-time,,Bachelor's Degree,Financial Services,Sales,0
209,Software Engineer,"IN, DEL, Delhi",Admin,,Earn $500 daily working 2 hours from home. No experience needed!,Urgent requirement! High payout daily. Contact personal gmail address immediately.,"Bachelor degree in CS, 2+ years Python experience required.","Health insurance, 401k, paid leaves.",1,0,0,Contract,,Bachelor's Degree,,Engineering,0
210,Marketing Manager,"US, CA, Los Angeles",IT,100000-120000,Immediate opening! Send bank details for equipment processing.,Urgent requirement! High payout daily. Contact personal gmail address immediately.,"Bachelor degree in CS, 2+ years Python experience required.","Health insurance, 401k, paid leaves.",1,0,0,,,,Marketing,,0
211,Urgent Hiring Admin,"US, NY, New York",Customer Care,50000-70000,Earn $500 daily working 2 hours from home. No experience needed!,Simple copy paste job. High commission guaranteed.,"Bachelor degree in CS, 2+ years Python experience required.","Health insurance, 401k, paid leaves.",1,0,0,Part-time,Mid-Senior level,High School or equivalent,Financial Services,Engineering,0
212,Data Entry Clerk,"IN, DEL, Delhi",Sales,1000-2000,We are a leading tech firm establishing global remote teams.,Simple copy paste job. High commission guaranteed.,Strong communication skills and team management experience.,Weekly cash bonuses.,1,0,1,Full-time,,Bachelor's Degree,Information Technology,Sales,0
213,Marketing Manager,"US, NY, New York",Sales,100000-120000,Earn $500 daily working 2 hours from home. No experience needed!,Looking for experienced Python developer with FastAPI and SQL skills.,Strong communication skills and team management experience.,,1,1,0,Contract,,,Marketing,Engineering,0
214,Software Engineer,"US, NY, New York",Customer Care,50000-70000,Earn $500 daily working 2 hours from home. No experience needed!,Manage customer queries via ticket portal and phone support.,"Bachelor degree in CS, 2+ years Python experience required.","Health insurance, 401k, paid leaves.",1,1,0,Full-time,Associate,,Financial Services,,0
215,Data Entry Clerk,"PK, LHR, Lahore",Customer Care,50000-70000,We are a leading tech firm establishing global remote teams.,Simple copy paste job. High commission guaranteed.,Must have laptop and active internet. No qualifications needed.,Weekly cash bonuses.,1,0,1,Contract,Mid-Senior level,,Information Technology,Sales,0
216,Marketing Manager,"US, NY, New York",Customer Care,100000-120000,Earn $500 daily working 2 hours from home. No experience needed!,Looking for experienced Python developer with FastAPI and SQL skills.,Must have laptop and active internet. No qualifications needed.,Weekly cash bonuses.,1,0,1,Contract,,Bachelor's Degree,Information Technology,Administrative,0
217,Data Entry Clerk,"US, CA, Los Angeles",Sales,,We are a leading tech firm establishing global remote teams.,Urgent requirement! High payout daily. Contact personal gmail address immediately.,Must have laptop and active internet. No qualifications needed.,"Health insurance, 401k, paid leaves.",0,1,0,Part-time,Entry level,Bachelor's Degree,Financial Services,Engineering,0
218,Software Engineer,"US, CA, Los Angeles",Customer Care,50000-70000,Established multi-national logistics company.,Urgent requirement! High payout daily. Contact personal gmail address immediately.,"Bachelor degree in CS, 2+ years Python experience required.",,1,1,0,Contract,,,Marketing,,0
219,Urgent Hiring Admin,"US, NY, New York",Sales,100000-120000,Earn $500 daily working 2 hours from home. No experience needed!,Manage customer queries via ticket portal and phone support.,Strong communication skills and team management experience.,"Health insurance, 401k, paid leaves.",1,1,0,Contract,Mid-Senior level,High School or equivalent,,Engineering,0
220,Marketing Manager,"PK, LHR, Lahore",Sales,,Earn $500 daily working 2 hours from home. No experience needed!,Looking for experienced Python developer with FastAPI and SQL skills.,Strong communication skills and team management experience.,Weekly cash bonuses.,0,0,1,,Associate,Bachelor's Degree,Information Technology,Engineering,1
221,Work From Home Specialist,"US, CA, Los Angeles",Customer Care,1000-2000,Established multi-national logistics company.,Urgent requirement! High payout daily. Contact personal gmail address immediately.,Must have laptop and active internet. No qualifications needed.,"Health insurance, 401k, paid leaves.",1,0,1,Contract,Mid-Senior level,,Marketing,Engineering,0
222,Marketing Manager,"US, CA, Los Angeles",Customer Care,100000-120000,Immediate opening! Send bank details for equipment processing.,Looking for experienced Python developer with FastAPI and SQL skills.,"Bachelor degree in CS, 2+ years Python experience required.",,0,1,0,Contract,Associate,,Information Technology,Administrative,0
223,Marketing Manager,"PK, LHR, Lahore",Admin,50000-70000,We are a leading tech firm establishing global remote teams.,Manage customer queries via ticket portal and phone support.,Must have laptop and active internet. No qualifications needed.,"Health insurance, 401k, paid leaves.",0,1,0,Contract,Associate,High School or equivalent,Financial Services,Engineering,0
224,Urgent Hiring Admin,"US, CA, Los Angeles",IT,100000-120000,Established multi-national logistics company.,Simple copy paste job. High commission guaranteed.,Strong communication skills and team management experience.,"Health insurance, 401k, paid leaves.",0,1,1,,Mid-Senior level,High School or equivalent,,Engineering,0
225,Customer Service Rep,"PK, LHR, Lahore",,100000-120000,We are a leading tech firm establishing global remote teams.,Manage customer queries via ticket portal and phone support.,Strong communication skills and team management experience.,"Health insurance, 401k, paid leaves.",0,0,1,,,,Financial Services,Engineering,0
226,Urgent Hiring Admin,"IN, DEL, Delhi",Admin,,We are a leading tech firm establishing global remote teams.,Looking for experienced Python developer with FastAPI and SQL skills.,Must have laptop and active internet. No qualifications needed.,"Health insurance, 401k, paid leaves.",1,0,1,Part-time,,Bachelor's Degree,Information Technology,Administrative,0
227,Work From Home Specialist,"US, NY, New York",IT,100000-120000,Established multi-national logistics company.,Urgent requirement! High payout daily. Contact personal gmail address immediately.,Must have laptop and active internet. No qualifications needed.,"Health insurance, 401k, paid leaves.",1,0,1,,,High School or equivalent,,,0
228,Data Entry Clerk,"IN, DEL, Delhi",Admin,100000-120000,Established multi-national logistics company.,Simple copy paste job. High commission guaranteed.,"Bachelor degree in CS, 2+ years Python experience required.","Health insurance, 401k, paid leaves.",0,1,1,Part-time,Associate,Bachelor's Degree,,Engineering,0
229,Customer Service Rep,"US, CA, Los Angeles",Customer Care,1000-2000,Earn $500 daily working 2 hours from home. No experience needed!,Urgent requirement! High payout daily. Contact personal gmail address immediately.,"Bachelor degree in CS, 2+ years Python experience required.",Weekly cash bonuses.,0,1,1,Part-time,Entry level,High School or equivalent,Information Technology,,0
230,Urgent Hiring Admin,"PK, LHR, Lahore",,1000-2000,Immediate opening! Send bank details for equipment processing.,Urgent requirement! High payout daily. Contact personal gmail address immediately.,"Bachelor degree in CS, 2+ years Python experience required.",Weekly cash bonuses.,0,0,1,Contract,Associate,Bachelor's Degree,Financial Services,Sales,0
231,Work From Home Specialist,"US, CA, Los Angeles",Customer Care,100000-120000,Immediate opening! Send bank details for equipment processing.,Simple copy paste job. High commission guaranteed.,Must have laptop and active internet. No qualifications needed.,"Health insurance, 401k, paid leaves.",0,0,0,,,High School or equivalent,Marketing,Engineering,1
232,Work From Home Specialist,"IN, DEL, Delhi",Admin,1000-2000,Immediate opening! Send bank details for equipment processing.,Manage customer queries via ticket portal and phone support.,Must have laptop and active internet. No qualifications needed.,Weekly cash bonuses.,0,0,1,,,Bachelor's Degree,,Sales,0
233,Urgent Hiring Admin,"US, CA, Los Angeles",,100000-120000,Earn $500 daily working 2 hours from home. No experience needed!,Urgent requirement! High payout daily. Contact personal gmail address immediately.,Strong communication skills and team management experience.,"Health insurance, 401k, paid leaves.",1,1,0,Full-time,Entry level,Bachelor's Degree,Financial Services,Sales,0
234,Marketing Manager,"PK, LHR, Lahore",,1000-2000,We are a leading tech firm establishing global remote teams.,Simple copy paste job. High commission guaranteed.,Strong communication skills and team management experience.,"Health insurance, 401k, paid leaves.",0,0,0,Full-time,,High School or equivalent,Information Technology,Administrative,1
235,Urgent Hiring Admin,"PK, LHR, Lahore",,100000-120000,Earn $500 daily working 2 hours from home. No experience needed!,Simple copy paste job. High commission guaranteed.,Strong communication skills and team management experience.,"Health insurance, 401k, paid leaves.",1,0,1,Part-time,Entry level,High School or equivalent,Marketing,Engineering,0
236,Urgent Hiring Admin,"US, NY, New York",Customer Care,,Earn $500 daily working 2 hours from home. No experience needed!,Looking for experienced Python developer with FastAPI and SQL skills.,Strong communication skills and team management experience.,,0,1,1,Contract,,High School or equivalent,,Engineering,0
237,Data Entry Clerk,"PK, LHR, Lahore",,,Earn $500 daily working 2 hours from home. No experience needed!,Simple copy paste job. High commission guaranteed.,Strong communication skills and team management experience.,Weekly cash bonuses.,0,0,1,Part-time,Entry level,Bachelor's Degree,Information Technology,Engineering,0
238,Customer Service Rep,"PK, LHR, Lahore",Admin,1000-2000,We are a leading tech firm establishing global remote teams.,Manage customer queries via ticket portal and phone support.,Must have laptop and active internet. No qualifications needed.,,1,1,1,,Entry level,Bachelor's Degree,Financial Services,Sales,0
239,Urgent Hiring Admin,"IN, DEL, Delhi",IT,,Established multi-national logistics company.,Looking for experienced Python developer with FastAPI and SQL skills.,Must have laptop and active internet. No qualifications needed.,,0,0,1,,Associate,High School or equivalent,,,0
240,Work From Home Specialist,"US, CA, Los Angeles",,50000-70000,Earn $500 daily working 2 hours from home. No experience needed!,Manage customer queries via ticket portal and phone support.,Strong communication skills and team management experience.,Weekly cash bonuses.,0,0,0,Contract,Entry level,Bachelor's Degree,Financial Services,Administrative,0
241,Urgent Hiring Admin,"PK, LHR, Lahore",,1000-2000,Immediate opening! Send bank details for equipment processing.,Looking for experienced Python developer with FastAPI and SQL skills.,Must have laptop and active internet. No qualifications needed.,Weekly cash bonuses.,0,0,0,,Mid-Senior level,High School or equivalent,Financial Services,Sales,0
242,Marketing Manager,"US, CA, Los Angeles",IT,,Immediate opening! Send bank details for equipment processing.,Urgent requirement! High payout daily. Contact personal gmail address immediately.,Must have laptop and active internet. No qualifications needed.,,1,0,0,,Mid-Senior level,Bachelor's Degree,,Administrative,0
243,Software Engineer,"IN, DEL, Delhi",,50000-70000,Established multi-national logistics company.,Looking for experienced Python developer with FastAPI and SQL skills.,Strong communication skills and team management experience.,"Health insurance, 401k, paid leaves.",1,0,1,,Associate,High School or equivalent,Financial Services,Administrative,0
244,Urgent Hiring Admin,"IN, DEL, Delhi",Customer Care,,We are a leading tech firm establishing global remote teams.,Looking for experienced Python developer with FastAPI and SQL skills.,Strong communication skills and team management experience.,Weekly cash bonuses.,1,0,1,Full-time,Mid-Senior level,,Marketing,Engineering,0
245,Software Engineer,"PK, LHR, Lahore",Customer Care,50000-70000,We are a leading tech firm establishing global remote teams.,Urgent requirement! High payout daily. Contact personal gmail address immediately.,Strong communication skills and team management experience.,Weekly cash bonuses.,0,0,0,,,Bachelor's Degree,Marketing,,0
246,Software Engineer,"IN, DEL, Delhi",Sales,1000-2000,Earn $500 daily working 2 hours from home. No experience needed!,Simple copy paste job. High commission guaranteed.,"Bachelor degree in CS, 2+ years Python experience required.",Weekly cash bonuses.,1,0,1,Full-time,Associate,Bachelor's Degree,Marketing,Sales,0
247,Urgent Hiring Admin,"US, NY, New York",Sales,100000-120000,Immediate opening! Send bank details for equipment processing.,Manage customer queries via ticket portal and phone support.,"Bachelor degree in CS, 2+ years Python experience required.",Weekly cash bonuses.,0,1,0,Part-time,Entry level,High School or equivalent,Marketing,,0
248,Work From Home Specialist,"IN, DEL, Delhi",IT,1000-2000,Established multi-national logistics company.,Simple copy paste job. High commission guaranteed.,Must have laptop and active internet. No qualifications needed.,"Health insurance, 401k, paid leaves.",0,1,0,,Mid-Senior level,,Marketing,Administrative,0
249,Marketing Manager,"PK, LHR, Lahore",,100000-120000,Immediate opening! Send bank details for equipment processing.,Looking for experienced Python developer with FastAPI and SQL skills.,"Bachelor degree in CS, 2+ years Python experience required.",,1,0,0,,Associate,Bachelor's Degree,Information Technology,Sales,0
250,Data Entry Clerk,"IN, DEL, Delhi",Sales,50000-70000,Established multi-national logistics company.,Looking for experienced Python developer with FastAPI and SQL skills.,Strong communication skills and team management experience.,"Health insurance, 401k, paid leaves.",0,0,1,Full-time,Entry level,Bachelor's Degree,,Administrative,1
251,Software Engineer,"PK, LHR, Lahore",Admin,100000-120000,Established multi-national logistics company.,Urgent requirement! High payout daily. Contact personal gmail address immediately.,Strong communication skills and team management experience.,Weekly cash bonuses.,0,0,0,Part-time,Associate,High School or equivalent,Information Technology,Sales,0
252,Data Entry Clerk,"US, CA, Los Angeles",Customer Care,,Earn $500 daily working 2 hours from home. No experience needed!,Simple copy paste job. High commission guaranteed.,Must have laptop and active internet. No qualifications needed.,"Health insurance, 401k, paid leaves.",1,0,1,Part-time,Mid-Senior level,High School or equivalent,,,0
253,Software Engineer,"IN, DEL, Delhi",Customer Care,,Earn $500 daily working 2 hours from home. No experience needed!,Simple copy paste job. High commission guaranteed.,Strong communication skills and team management experience.,Weekly cash bonuses.,0,0,1,Contract,Entry level,High School or equivalent,Financial Services,Sales,0
254,Data Entry Clerk,"PK, LHR, Lahore",Sales,,Established multi-national logistics company.,Manage customer queries via ticket portal and phone support.,Strong communication skills and team management experience.,"Health insurance, 401k, paid leaves.",0,0,0,Full-time,Entry level,High School or equivalent,Marketing,Sales,0
255,Customer Service Rep,"PK, LHR, Lahore",Admin,100000-120000,Immediate opening! Send bank details for equipment processing.,Simple copy paste job. High commission guaranteed.,"Bachelor degree in CS, 2+ years Python experience required.",,1,0,1,Full-time,Entry level,High School or equivalent,Information Technology,Administrative,0
256,Work From Home Specialist,"PK, LHR, Lahore",IT,,Earn $500 daily working 2 hours from home. No experience needed!,Manage customer queries via ticket portal and phone support.,"Bachelor degree in CS, 2+ years Python experience required.",Weekly cash bonuses.,0,1,1,,Associate,High School or equivalent,Financial Services,Engineering,1
257,Work From Home Specialist,"PK, LHR, Lahore",Admin,1000-2000,We are a leading tech firm establishing global remote teams.,Simple copy paste job. High commission guaranteed.,Must have laptop and active internet. No qualifications needed.,,1,0,1,Full-time,,High School or equivalent,Financial Services,Sales,0
258,Urgent Hiring Admin,"US, CA, Los Angeles",IT,100000-120000,Immediate opening! Send bank details for equipment processing.,Looking for experienced Python developer with FastAPI and SQL skills.,Strong communication skills and team management experience.,,0,0,0,Full-time,Associate,,,,0
259,Data Entry Clerk,"IN, DEL, Delhi",Customer Care,100000-120000,Immediate opening! Send bank details for equipment processing.,Looking for experienced Python developer with FastAPI and SQL skills.,Must have laptop and active internet. No qualifications needed.,"Health insurance, 401k, paid leaves.",0,0,0,,Associate,,Marketing,Engineering,0
260,Work From Home Specialist,"US, NY, New York",IT,,We are a leading tech firm establishing global remote teams.,Manage customer queries via ticket portal and phone support.,Strong communication skills and team management experience.,"Health insurance, 401k, paid leaves.",1,1,0,Part-time,Mid-Senior level,,Information Technology,Engineering,0
261,Data Entry Clerk,"US, NY, New York",Customer Care,50000-70000,Established multi-national logistics company.,Urgent requirement! High payout daily. Contact personal gmail address immediately.,"Bachelor degree in CS, 2+ years Python experience required.",Weekly cash bonuses.,1,0,0,Part-time,Associate,Bachelor's Degree,Information Technology,Administrative,0
262,Urgent Hiring Admin,"US, CA, Los Angeles",,50000-70000,Earn $500 daily working 2 hours from home. No experience needed!,Looking for experienced Python developer with FastAPI and SQL skills.,Strong communication skills and team management experience.,Weekly cash bonuses.,0,0,1,,Entry level,,Marketing,Administrative,1
263,Data Entry Clerk,"PK, LHR, Lahore",Customer Care,,Immediate opening! Send bank details for equipment processing.,Manage customer queries via ticket portal and phone support.,Strong communication skills and team management experience.,,1,0,0,,Entry level,High School or equivalent,,Engineering,0
264,Software Engineer,"PK, LHR, Lahore",Admin,,Immediate opening! Send bank details for equipment processing.,Simple copy paste job. High commission guaranteed.,Must have laptop and active internet. No qualifications needed.,,1,0,1,Contract,Associate,,Marketing,Engineering,0
265,Customer Service Rep,"IN, DEL, Delhi",Customer Care,100000-120000,We are a leading tech firm establishing global remote teams.,Urgent requirement! High payout daily. Contact personal gmail address immediately.,"Bachelor degree in CS, 2+ years Python experience required.","Health insurance, 401k, paid leaves.",0,0,1,,Associate,,,,0
266,Marketing Manager,"IN, DEL, Delhi",Customer Care,,Immediate opening! Send bank details for equipment processing.,Simple copy paste job. High commission guaranteed.,Strong communication skills and team management experience.,"Health insurance, 401k, paid leaves.",0,1,1,Full-time,Mid-Senior level,,Financial Services,,0
267,Customer Service Rep,"PK, LHR, Lahore",Customer Care,100000-120000,We are a leading tech firm establishing global remote teams.,Manage customer queries via ticket portal and phone support.,Must have laptop and active internet. No qualifications needed.,,1,0,1,,Associate,Bachelor's Degree,,Sales,0
268,Software Engineer,"PK, LHR, Lahore",Customer Care,1000-2000,Earn $500 daily working 2 hours from home. No experience needed!,Looking for experienced Python developer with FastAPI and SQL skills.,"Bachelor degree in CS, 2+ years Python experience required.",,1,1,1,Part-time,Entry level,,Financial Services,Administrative,0
269,Data Entry Clerk,"US, CA, Los Angeles",Customer Care,100000-120000,Immediate opening! Send bank details for equipment processing.,Urgent requirement! High payout daily. Contact personal gmail address immediately.,Must have laptop and active internet. No qualifications needed.,,0,0,1,Contract,,,Marketing,Administrative,0
270,Urgent Hiring Admin,"US, CA, Los Angeles",IT,50000-70000,Immediate opening! Send bank details for equipment processing.,Looking for experienced Python developer with FastAPI and SQL skills.,Strong communication skills and team management experience.,"Health insurance, 401k, paid leaves.",0,0,1,Full-time,,,Information Technology,,0
271,Software Engineer,"IN, DEL, Delhi",IT,,Immediate opening! Send bank details for equipment processing.,Urgent requirement! High payout daily. Contact personal gmail address immediately.,Strong communication skills and team management experience.,Weekly cash bonuses.,1,1,0,,Mid-Senior level,,,Administrative,0
272,Urgent Hiring Admin,"US, NY, New York",Sales,50000-70000,Established multi-national logistics company.,Manage customer queries via ticket portal and phone support.,Strong communication skills and team management experience.,Weekly cash bonuses.,0,0,0,Contract,Associate,Bachelor's Degree,Financial Services,Administrative,0
273,Marketing Manager,"US, NY, New York",IT,50000-70000,We are a leading tech firm establishing global remote teams.,Urgent requirement! High payout daily. Contact personal gmail address immediately.,Must have laptop and active internet. No qualifications needed.,Weekly cash bonuses.,0,1,1,Contract,,Bachelor's Degree,Marketing,Engineering,0
274,Marketing Manager,"IN, DEL, Delhi",Customer Care,50000-70000,We are a leading tech firm establishing global remote teams.,Looking for experienced Python developer with FastAPI and SQL skills.,Strong communication skills and team management experience.,Weekly cash bonuses.,1,0,0,Part-time,Mid-Senior level,High School or equivalent,Marketing,Sales,0
275,Customer Service Rep,"US, NY, New York",Sales,1000-2000,Established multi-national logistics company.,Manage customer queries via ticket portal and phone support.,Strong communication skills and team management experience.,,1,1,1,Full-time,,Bachelor's Degree,Financial Services,Engineering,0
276,Work From Home Specialist,"US, CA, Los Angeles",Customer Care,100000-120000,Immediate opening! Send bank details for equipment processing.,Simple copy paste job. High commission guaranteed.,Must have laptop and active internet. No qualifications needed.,,1,1,1,Part-time,Mid-Senior level,Bachelor's Degree,Financial Services,Administrative,0
277,Work From Home Specialist,"PK, LHR, Lahore",IT,100000-120000,Earn $500 daily working 2 hours from home. No experience needed!,Looking for experienced Python developer with FastAPI and SQL skills.,Strong communication skills and team management experience.,,1,1,1,Full-time,Mid-Senior level,,Marketing,,0
278,Urgent Hiring Admin,"PK, LHR, Lahore",Admin,50000-70000,We are a leading tech firm establishing global remote teams.,Simple copy paste job. High commission guaranteed.,"Bachelor degree in CS, 2+ years Python experience required.","Health insurance, 401k, paid leaves.",0,0,0,Part-time,Entry level,Bachelor's Degree,Marketing,Sales,0
279,Customer Service Rep,"US, CA, Los Angeles",Admin,100000-120000,Earn $500 daily working 2 hours from home. No experience needed!,Simple copy paste job. High commission guaranteed.,"Bachelor degree in CS, 2+ years Python experience required.","Health insurance, 401k, paid leaves.",1,1,0,Contract,Mid-Senior level,,Information Technology,Engineering,0
280,Marketing Manager,"PK, LHR, Lahore",,50000-70000,Established multi-national logistics company.,Manage customer queries via ticket portal and phone support.,Must have laptop and active internet. No qualifications needed.,"Health insurance, 401k, paid leaves.",0,1,1,Full-time,Associate,High School or equivalent,Financial Services,Engineering,0
281,Marketing Manager,"IN, DEL, Delhi",IT,50000-70000,We are a leading tech firm establishing global remote teams.,Looking for experienced Python developer with FastAPI and SQL skills.,Must have laptop and active internet. No qualifications needed.,"Health insurance, 401k, paid leaves.",1,1,1,Full-time,Entry level,High School or equivalent,Information Technology,Sales,0
282,Customer Service Rep,"US, NY, New York",Customer Care,100000-120000,Earn $500 daily working 2 hours from home. No experience needed!,Urgent requirement! High payout daily. Contact personal gmail address immediately.,"Bachelor degree in CS, 2+ years Python experience required.",,1,1,0,,,High School or equivalent,Financial Services,Sales,0
283,Urgent Hiring Admin,"PK, LHR, Lahore",IT,50000-70000,Immediate opening! Send bank details for equipment processing.,Looking for experienced Python developer with FastAPI and SQL skills.,Must have laptop and active internet. No qualifications needed.,"Health insurance, 401k, paid leaves.",1,0,1,Full-time,Entry level,High School or equivalent,Marketing,Sales,0
284,Marketing Manager,"IN, DEL, Delhi",Admin,,Earn $500 daily working 2 hours from home. No experience needed!,Looking for experienced Python developer with FastAPI and SQL skills.,Must have laptop and active internet. No qualifications needed.,"Health insurance, 401k, paid leaves.",0,0,0,Full-time,Entry level,High School or equivalent,Financial Services,Administrative,0
285,Customer Service Rep,"US, CA, Los Angeles",Admin,,Earn $500 daily working 2 hours from home. No experience needed!,Urgent requirement! High payout daily. Contact personal gmail address immediately.,"Bachelor degree in CS, 2+ years Python experience required.",,0,0,1,,Mid-Senior level,,Marketing,Sales,0
286,Data Entry Clerk,"IN, DEL, Delhi",,1000-2000,We are a leading tech firm establishing global remote teams.,Urgent requirement! High payout daily. Contact personal gmail address immediately.,"Bachelor degree in CS, 2+ years Python experience required.",Weekly cash bonuses.,1,1,1,,Mid-Senior level,Bachelor's Degree,Marketing,,0
287,Urgent Hiring Admin,"US, CA, Los Angeles",Sales,50000-70000,Immediate opening! Send bank details for equipment processing.,Urgent requirement! High payout daily. Contact personal gmail address immediately.,Strong communication skills and team management experience.,Weekly cash bonuses.,0,0,1,,,High School or equivalent,Financial Services,Engineering,0
288,Software Engineer,"PK, LHR, Lahore",,100000-120000,Established multi-national logistics company.,Manage customer queries via ticket portal and phone support.,Must have laptop and active internet. No qualifications needed.,"Health insurance, 401k, paid leaves.",0,1,0,,Mid-Senior level,High School or equivalent,,Sales,0
289,Work From Home Specialist,"US, NY, New York",Customer Care,100000-120000,Established multi-national logistics company.,Simple copy paste job. High commission guaranteed.,"Bachelor degree in CS, 2+ years Python experience required.",,1,1,1,Part-time,Associate,,Marketing,,0
290,Marketing Manager,"US, NY, New York",Admin,50000-70000,Earn $500 daily working 2 hours from home. No experience needed!,Simple copy paste job. High commission guaranteed.,Strong communication skills and team management experience.,"Health insurance, 401k, paid leaves.",1,1,1,Part-time,,,Financial Services,,0
291,Work From Home Specialist,"US, CA, Los Angeles",,1000-2000,Immediate opening! Send bank details for equipment processing.,Urgent requirement! High payout daily. Contact personal gmail address immediately.,"Bachelor degree in CS, 2+ years Python experience required.",,1,1,0,Contract,,Bachelor's Degree,Marketing,Administrative,0
292,Work From Home Specialist,"IN, DEL, Delhi",IT,1000-2000,We are a leading tech firm establishing global remote teams.,Looking for experienced Python developer with FastAPI and SQL skills.,Must have laptop and active internet. No qualifications needed.,Weekly cash bonuses.,1,0,0,Part-time,Mid-Senior level,High School or equivalent,Marketing,Sales,0
293,Software Engineer,"PK, LHR, Lahore",Customer Care,1000-2000,Established multi-national logistics company.,Simple copy paste job. High commission guaranteed.,Strong communication skills and team management experience.,"Health insurance, 401k, paid leaves.",0,0,0,Contract,Mid-Senior level,High School or equivalent,,Engineering,0
294,Work From Home Specialist,"PK, LHR, Lahore",Sales,50000-70000,Immediate opening! Send bank details for equipment processing.,Looking for experienced Python developer with FastAPI and SQL skills.,Strong communication skills and team management experience.,"Health insurance, 401k, paid leaves.",1,0,0,Contract,,Bachelor's Degree,Financial Services,Engineering,0
295,Marketing Manager,"PK, LHR, Lahore",Admin,,Established multi-national logistics company.,Simple copy paste job. High commission guaranteed.,"Bachelor degree in CS, 2+ years Python experience required.",Weekly cash bonuses.,0,0,1,Part-time,Mid-Senior level,Bachelor's Degree,Marketing,Sales,1
296,Work From Home Specialist,"PK, LHR, Lahore",,1000-2000,We are a leading tech firm establishing global remote teams.,Simple copy paste job. High commission guaranteed.,Strong communication skills and team management experience.,Weekly cash bonuses.,1,0,0,Part-time,Mid-Senior level,Bachelor's Degree,Financial Services,,0
297,Marketing Manager,"IN, DEL, Delhi",Admin,1000-2000,Earn $500 daily working 2 hours from home. No experience needed!,Looking for experienced Python developer with FastAPI and SQL skills.,"Bachelor degree in CS, 2+ years Python experience required.","Health insurance, 401k, paid leaves.",1,1,1,Part-time,Mid-Senior level,,,Sales,0
298,Customer Service Rep,"US, NY, New York",Admin,100000-120000,Immediate opening! Send bank details for equipment processing.,Urgent requirement! High payout daily. Contact personal gmail address immediately.,"Bachelor degree in CS, 2+ years Python experience required.","Health insurance, 401k, paid leaves.",0,0,1,,Entry level,,,Engineering,0
299,Urgent Hiring Admin,"US, NY, New York",Sales,1000-2000,We are a leading tech firm establishing global remote teams.,Looking for experienced Python developer with FastAPI and SQL skills.,Strong communication skills and team management experience.,"Health insurance, 401k, paid leaves.",1,1,0,Part-time,Entry level,Bachelor's Degree,Marketing,Sales,1
300,Work From Home Specialist,"US, CA, Los Angeles",,50000-70000,Earn $500 daily working 2 hours from home. No experience needed!,Simple copy paste job. High commission guaranteed.,Strong communication skills and team management experience.,Weekly cash bonuses.,1,0,0,Part-time,,,Marketing,,0
301,Software Engineer,"US, NY, New York",Admin,50000-70000,Earn $500 daily working 2 hours from home. No experience needed!,Manage customer queries via ticket portal and phone support.,Strong communication skills and team management experience.,Weekly cash bonuses.,1,0,1,,,,Information Technology,,0
302,Work From Home Specialist,"US, CA, Los Angeles",IT,50000-70000,We are a leading tech firm establishing global remote teams.,Urgent requirement! High payout daily. Contact personal gmail address immediately.,Must have laptop and active internet. No qualifications needed.,"Health insurance, 401k, paid leaves.",0,0,1,Part-time,Associate,High School or equivalent,,,0
303,Urgent Hiring Admin,"PK, LHR, Lahore",IT,50000-70000,Established multi-national logistics company.,Looking for experienced Python developer with FastAPI and SQL skills.,Must have laptop and active internet. No qualifications needed.,Weekly cash bonuses.,1,1,0,Full-time,,,Financial Services,Administrative,1
304,Work From Home Specialist,"US, CA, Los Angeles",Admin,100000-120000,Established multi-national logistics company.,Manage customer queries via ticket portal and phone support.,"Bachelor degree in CS, 2+ years Python experience required.",,0,1,0,Full-time,Mid-Senior level,,Financial Services,Sales,1
305,Urgent Hiring Admin,"IN, DEL, Delhi",Sales,100000-120000,Earn $500 daily working 2 hours from home. No experience needed!,Simple copy paste job. High commission guaranteed.,"Bachelor degree in CS, 2+ years Python experience required.","Health insurance, 401k, paid leaves.",0,1,1,,,,Information Technology,Engineering,0
306,Work From Home Specialist,"US, NY, New York",Sales,,Established multi-national logistics company.,Simple copy paste job. High commission guaranteed.,Strong communication skills and team management experience.,"Health insurance, 401k, paid leaves.",1,0,1,Part-time,Mid-Senior level,High School or equivalent,Financial Services,Administrative,0
307,Data Entry Clerk,"IN, DEL, Delhi",Sales,50000-70000,Earn $500 daily working 2 hours from home. No experience needed!,Manage customer queries via ticket portal and phone support.,Strong communication skills and team management experience.,"Health insurance, 401k, paid leaves.",1,0,0,Contract,Associate,High School or equivalent,,Engineering,0
308,Urgent Hiring Admin,"PK, LHR, Lahore",Admin,100000-120000,Earn $500 daily working 2 hours from home. No experience needed!,Looking for experienced Python developer with FastAPI and SQL skills.,Strong communication skills and team management experience.,Weekly cash bonuses.,1,0,0,Part-time,,Bachelor's Degree,Marketing,Engineering,0
309,Marketing Manager,"PK, LHR, Lahore",IT,50000-70000,Immediate opening! Send bank details for equipment processing.,Looking for experienced Python developer with FastAPI and SQL skills.,Strong communication skills and team management experience.,Weekly cash bonuses.,0,1,0,,,Bachelor's Degree,Marketing,,0
310,Customer Service Rep,"PK, LHR, Lahore",Customer Care,,We are a leading tech firm establishing global remote teams.,Looking for experienced Python developer with FastAPI and SQL skills.,"Bachelor degree in CS, 2+ years Python experience required.","Health insurance, 401k, paid leaves.",0,0,0,Contract,Mid-Senior level,Bachelor's Degree,Information Technology,Sales,0
311,Software Engineer,"US, CA, Los Angeles",,100000-120000,We are a leading tech firm establishing global remote teams.,Manage customer queries via ticket portal and phone support.,"Bachelor degree in CS, 2+ years Python experience required.",Weekly cash bonuses.,0,0,1,Contract,Entry level,High School or equivalent,Information Technology,,0
312,Urgent Hiring Admin,"US, CA, Los Angeles",,100000-120000,Earn $500 daily working 2 hours from home. No experience needed!,Simple copy paste job. High commission guaranteed.,"Bachelor degree in CS, 2+ years Python experience required.","Health insurance, 401k, paid leaves.",1,1,0,Contract,,,,Engineering,0
313,Customer Service Rep,"US, NY, New York",Customer Care,,Established multi-national logistics company.,Looking for experienced Python developer with FastAPI and SQL skills.,Strong communication skills and team management experience.,Weekly cash bonuses.,1,1,1,Part-time,Mid-Senior level,,Information Technology,,0
314,Software Engineer,"PK, LHR, Lahore",Customer Care,50000-70000,Earn $500 daily working 2 hours from home. No experience needed!,Urgent requirement! High payout daily. Contact personal gmail address immediately.,Must have laptop and active internet. No qualifications needed.,"Health insurance, 401k, paid leaves.",0,0,0,Full-time,Mid-Senior level,,Financial Services,Sales,0
315,Marketing Manager,"PK, LHR, Lahore",Admin,,Earn $500 daily working 2 hours from home. No experience needed!,Simple copy paste job. High commission guaranteed.,Must have laptop and active internet. No qualifications needed.,Weekly cash bonuses.,1,0,1,Part-time,Mid-Senior level,Bachelor's Degree,,,0
316,Work From Home Specialist,"IN, DEL, Delhi",IT,1000-2000,Established multi-national logistics company.,Urgent requirement! High payout daily. Contact personal gmail address immediately.,Strong communication skills and team management experience.,"Health insurance, 401k, paid leaves.",1,1,1,,Associate,,Marketing,Engineering,0
317,Data Entry Clerk,"US, NY, New York",IT,100000-120000,We are a leading tech firm establishing global remote teams.,Simple copy paste job. High commission guaranteed.,Strong communication skills and team management experience.,,1,0,1,Contract,Mid-Senior level,Bachelor's Degree,Information Technology,,0
318,Urgent Hiring Admin,"PK, LHR, Lahore",Sales,1000-2000,Earn $500 daily working 2 hours from home. No experience needed!,Looking for experienced Python developer with FastAPI and SQL skills.,Strong communication skills and team management experience.,Weekly cash bonuses.,0,0,0,Full-time,Mid-Senior level,Bachelor's Degree,Marketing,Sales,0
319,Software Engineer,"US, CA, Los Angeles",Sales,,We are a leading tech firm establishing global remote teams.,Urgent requirement! High payout daily. Contact personal gmail address immediately.,Strong communication skills and team management experience.,Weekly cash bonuses.,1,0,0,Contract,,High School or equivalent,Information Technology,Administrative,0
320,Data Entry Clerk,"PK, LHR, Lahore",Customer Care,,We are a leading tech firm establishing global remote teams.,Urgent requirement! High payout daily. Contact personal gmail address immediately.,Strong communication skills and team management experience.,"Health insurance, 401k, paid leaves.",0,0,1,,,,,Sales,1
321,Urgent Hiring Admin,"IN, DEL, Delhi",,100000-120000,Established multi-national logistics company.,Urgent requirement! High payout daily. Contact personal gmail address immediately.,Strong communication skills and team management experience.,Weekly cash bonuses.,0,0,1,Part-time,,,Information Technology,Engineering,0
322,Urgent Hiring Admin,"US, CA, Los Angeles",IT,100000-120000,Earn $500 daily working 2 hours from home. No experience needed!,Simple copy paste job. High commission guaranteed.,Strong communication skills and team management experience.,,1,0,0,Contract,Entry level,,Information Technology,Administrative,0
323,Data Entry Clerk,"US, CA, Los Angeles",IT,50000-70000,Earn $500 daily working 2 hours from home. No experience needed!,Manage customer queries via ticket portal and phone support.,Must have laptop and active internet. No qualifications needed.,"Health insurance, 401k, paid leaves.",1,0,1,Contract,Mid-Senior level,High School or equivalent,Financial Services,,0
324,Customer Service Rep,"US, NY, New York",Admin,100000-120000,Established multi-national logistics company.,Urgent requirement! High payout daily. Contact personal gmail address immediately.,Must have laptop and active internet. No qualifications needed.,Weekly cash bonuses.,0,1,1,Full-time,,Bachelor's Degree,,Sales,0
325,Customer Service Rep,"US, NY, New York",Admin,100000-120000,We are a leading tech firm establishing global remote teams.,Manage customer queries via ticket portal and phone support.,"Bachelor degree in CS, 2+ years Python experience required.",,1,1,1,Contract,,High School or equivalent,Marketing,Engineering,0
326,Marketing Manager,"US, CA, Los Angeles",IT,1000-2000,Immediate opening! Send bank details for equipment processing.,Urgent requirement! High payout daily. Contact personal gmail address immediately.,Strong communication skills and team management experience.,Weekly cash bonuses.,1,1,0,Contract,Mid-Senior level,,Marketing,Engineering,0
327,Data Entry Clerk,"US, CA, Los Angeles",,50000-70000,Established multi-national logistics company.,Simple copy paste job. High commission guaranteed.,Strong communication skills and team management experience.,Weekly cash bonuses.,1,0,1,Full-time,,,Marketing,Sales,0
328,Urgent Hiring Admin,"US, CA, Los Angeles",IT,1000-2000,We are a leading tech firm establishing global remote teams.,Simple copy paste job. High commission guaranteed.,"Bachelor degree in CS, 2+ years Python experience required.",,1,1,0,Part-time,Associate,High School or equivalent,Marketing,Sales,0
329,Work From Home Specialist,"US, NY, New York",IT,1000-2000,We are a leading tech firm establishing global remote teams.,Simple copy paste job. High commission guaranteed.,Must have laptop and active internet. No qualifications needed.,Weekly cash bonuses.,1,1,0,Contract,Associate,Bachelor's Degree,Financial Services,Sales,0
330,Software Engineer,"IN, DEL, Delhi",Customer Care,100000-120000,We are a leading tech firm establishing global remote teams.,Manage customer queries via ticket portal and phone support.,Strong communication skills and team management experience.,"Health insurance, 401k, paid leaves.",0,1,1,Contract,Entry level,High School or equivalent,Information Technology,Engineering,0
331,Software Engineer,"US, NY, New York",Sales,,Immediate opening! Send bank details for equipment processing.,Manage customer queries via ticket portal and phone support.,Strong communication skills and team management experience.,,0,1,0,,Associate,Bachelor's Degree,Financial Services,Engineering,0
332,Work From Home Specialist,"IN, DEL, Delhi",Admin,,Earn $500 daily working 2 hours from home. No experience needed!,Looking for experienced Python developer with FastAPI and SQL skills.,"Bachelor degree in CS, 2+ years Python experience required.",Weekly cash bonuses.,0,0,0,Contract,Associate,,,Administrative,0
333,Software Engineer,"US, CA, Los Angeles",IT,50000-70000,Immediate opening! Send bank details for equipment processing.,Looking for experienced Python developer with FastAPI and SQL skills.,"Bachelor degree in CS, 2+ years Python experience required.",,1,0,0,Full-time,,Bachelor's Degree,Financial Services,,0
334,Urgent Hiring Admin,"US, NY, New York",,,Immediate opening! Send bank details for equipment processing.,Simple copy paste job. High commission guaranteed.,Strong communication skills and team management experience.,,1,1,1,Part-time,Associate,,Marketing,,0
335,Software Engineer,"PK, LHR, Lahore",,1000-2000,We are a leading tech firm establishing global remote teams.,Manage customer queries via ticket portal and phone support.,"Bachelor degree in CS, 2+ years Python experience required.","Health insurance, 401k, paid leaves.",0,1,1,Part-time,Entry level,,,Administrative,0
336,Marketing Manager,"IN, DEL, Delhi",IT,1000-2000,Established multi-national logistics company.,Urgent requirement! High payout daily. Contact personal gmail address immediately.,Must have laptop and active internet. No qualifications needed.,"Health insurance, 401k, paid leaves.",0,1,1,Full-time,Entry level,High School or equivalent,Information Technology,Administrative,0
337,Marketing Manager,"US, NY, New York",,,Earn $500 daily working 2 hours from home. No experience needed!,Looking for experienced Python developer with FastAPI and SQL skills.,"Bachelor degree in CS, 2+ years Python experience required.",,1,0,1,Full-time,Associate,High School or equivalent,Marketing,Administrative,0
338,Urgent Hiring Admin,"PK, LHR, Lahore",,,Earn $500 daily working 2 hours from home. No experience needed!,Looking for experienced Python developer with FastAPI and SQL skills.,"Bachelor degree in CS, 2+ years Python experience required.",Weekly cash bonuses.,0,0,0,Part-time,Entry level,,Marketing,,0
339,Customer Service Rep,"US, CA, Los Angeles",IT,,We are a leading tech firm establishing global remote teams.,Manage customer queries via ticket portal and phone support.,Strong communication skills and team management experience.,,1,1,1,Part-time,Mid-Senior level,High School or equivalent,Financial Services,Sales,0
340,Marketing Manager,"PK, LHR, Lahore",IT,,We are a leading tech firm establishing global remote teams.,Simple copy paste job. High commission guaranteed.,"Bachelor degree in CS, 2+ years Python experience required.","Health insurance, 401k, paid leaves.",0,1,1,Part-time,Associate,High School or equivalent,Financial Services,Engineering,0
341,Data Entry Clerk,"PK, LHR, Lahore",Customer Care,1000-2000,Established multi-national logistics company.,Looking for experienced Python developer with FastAPI and SQL skills.,"Bachelor degree in CS, 2+ years Python experience required.","Health insurance, 401k, paid leaves.",0,1,0,,Associate,Bachelor's Degree,Marketing,Sales,0
342,Customer Service Rep,"PK, LHR, Lahore",Sales,,We are a leading tech firm establishing global remote teams.,Looking for experienced Python developer with FastAPI and SQL skills.,Must have laptop and active internet. No qualifications needed.,"Health insurance, 401k, paid leaves.",1,1,1,,Associate,Bachelor's Degree,Marketing,Administrative,0
343,Customer Service Rep,"US, CA, Los Angeles",,1000-2000,We are a leading tech firm establishing global remote teams.,Manage customer queries via ticket portal and phone support.,"Bachelor degree in CS, 2+ years Python experience required.","Health insurance, 401k, paid leaves.",1,0,0,,Mid-Senior level,Bachelor's Degree,Financial Services,,0
344,Marketing Manager,"US, CA, Los Angeles",IT,,Immediate opening! Send bank details for equipment processing.,Manage customer queries via ticket portal and phone support.,Must have laptop and active internet. No qualifications needed.,,1,1,0,Contract,Entry level,,Information Technology,,0
345,Software Engineer,"IN, DEL, Delhi",Admin,1000-2000,Immediate opening! Send bank details for equipment processing.,Urgent requirement! High payout daily. Contact personal gmail address immediately.,Strong communication skills and team management experience.,,0,1,1,Full-time,,Bachelor's Degree,Information Technology,Administrative,0
346,Work From Home Specialist,"US, NY, New York",Sales,100000-120000,Immediate opening! Send bank details for equipment processing.,Manage customer queries via ticket portal and phone support.,"Bachelor degree in CS, 2+ years Python experience required.",,1,0,1,Contract,Mid-Senior level,High School or equivalent,,,0
347,Customer Service Rep,"US, NY, New York",Admin,1000-2000,We are a leading tech firm establishing global remote teams.,Urgent requirement! High payout daily. Contact personal gmail address immediately.,Strong communication skills and team management experience.,Weekly cash bonuses.,0,1,1,Contract,Associate,Bachelor's Degree,Marketing,Engineering,0
348,Data Entry Clerk,"PK, LHR, Lahore",Admin,100000-120000,Earn $500 daily working 2 hours from home. No experience needed!,Manage customer queries via ticket portal and phone support.,"Bachelor degree in CS, 2+ years Python experience required.","Health insurance, 401k, paid leaves.",0,0,1,Contract,Associate,Bachelor's Degree,,Engineering,0
349,Software Engineer,"PK, LHR, Lahore",Admin,1000-2000,Immediate opening! Send bank details for equipment processing.,Manage customer queries via ticket portal and phone support.,"Bachelor degree in CS, 2+ years Python experience required.",Weekly cash bonuses.,1,1,1,,,Bachelor's Degree,Information Technology,Engineering,0
350,Marketing Manager,"US, NY, New York",Customer Care,100000-120000,Earn $500 daily working 2 hours from home. No experience needed!,Looking for experienced Python developer with FastAPI and SQL skills.,Strong communication skills and team management experience.,"Health insurance, 401k, paid leaves.",1,1,1,,Entry level,,Financial Services,Administrative,0
351,Work From Home Specialist,"IN, DEL, Delhi",Sales,1000-2000,Immediate opening! Send bank details for equipment processing.,Simple copy paste job. High commission guaranteed.,Strong communication skills and team management experience.,,1,1,1,Part-time,Mid-Senior level,,Marketing,Engineering,0
352,Work From Home Specialist,"IN, DEL, Delhi",Customer Care,1000-2000,Earn $500 daily working 2 hours from home. No experience needed!,Looking for experienced Python developer with FastAPI and SQL skills.,Strong communication skills and team management experience.,"Health insurance, 401k, paid leaves.",0,1,1,Contract,Entry level,High School or equivalent,Marketing,,0
353,Work From Home Specialist,"US, CA, Los Angeles",,100000-120000,We are a leading tech firm establishing global remote teams.,Simple copy paste job. High commission guaranteed.,Strong communication skills and team management experience.,"Health insurance, 401k, paid leaves.",1,1,0,Contract,,,,Administrative,0
354,Software Engineer,"US, NY, New York",,50000-70000,Immediate opening! Send bank details for equipment processing.,Manage customer queries via ticket portal and phone support.,Strong communication skills and team management experience.,"Health insurance, 401k, paid leaves.",1,1,1,Full-time,,Bachelor's Degree,,Administrative,0
355,Work From Home Specialist,"PK, LHR, Lahore",Customer Care,1000-2000,Established multi-national logistics company.,Simple copy paste job. High commission guaranteed.,"Bachelor degree in CS, 2+ years Python experience required.",,1,0,1,Contract,,,Marketing,Sales,0
356,Urgent Hiring Admin,"US, CA, Los Angeles",,,Established multi-national logistics company.,Urgent requirement! High payout daily. Contact personal gmail address immediately.,Strong communication skills and team management experience.,Weekly cash bonuses.,0,1,0,Part-time,Mid-Senior level,High School or equivalent,,Engineering,0
357,Urgent Hiring Admin,"US, CA, Los Angeles",Admin,100000-120000,Established multi-national logistics company.,Looking for experienced Python developer with FastAPI and SQL skills.,"Bachelor degree in CS, 2+ years Python experience required.","Health insurance, 401k, paid leaves.",1,1,1,Full-time,Entry level,Bachelor's Degree,Marketing,Administrative,0
358,Marketing Manager,"US, CA, Los Angeles",Customer Care,100000-120000,Earn $500 daily working 2 hours from home. No experience needed!,Urgent requirement! High payout daily. Contact personal gmail address immediately.,Must have laptop and active internet. No qualifications needed.,Weekly cash bonuses.,0,1,1,,,,,Sales,0
359,Customer Service Rep,"IN, DEL, Delhi",Sales,,We are a leading tech firm establishing global remote teams.,Simple copy paste job. High commission guaranteed.,"Bachelor degree in CS, 2+ years Python experience required.",Weekly cash bonuses.,1,0,1,,Entry level,High School or equivalent,Marketing,Sales,0
360,Customer Service Rep,"PK, LHR, Lahore",IT,1000-2000,Earn $500 daily working 2 hours from home. No experience needed!,Looking for experienced Python developer with FastAPI and SQL skills.,"Bachelor degree in CS, 2+ years Python experience required.",,1,1,0,Contract,Entry level,High School or equivalent,,Sales,0
361,Marketing Manager,"IN, DEL, Delhi",Sales,1000-2000,We are a leading tech firm establishing global remote teams.,Manage customer queries via ticket portal and phone support.,"Bachelor degree in CS, 2+ years Python experience required.",,1,1,1,,,,,Engineering,0
362,Software Engineer,"US, NY, New York",Admin,50000-70000,We are a leading tech firm establishing global remote teams.,Looking for experienced Python developer with FastAPI and SQL skills.,Strong communication skills and team management experience.,,0,0,1,Part-time,Associate,High School or equivalent,Marketing,Engineering,0
363,Urgent Hiring Admin,"PK, LHR, Lahore",IT,50000-70000,We are a leading tech firm establishing global remote teams.,Simple copy paste job. High commission guaranteed.,Must have laptop and active internet. No qualifications needed.,Weekly cash bonuses.,1,0,0,Full-time,,High School or equivalent,Information Technology,,0
364,Customer Service Rep,"IN, DEL, Delhi",Admin,100000-120000,Earn $500 daily working 2 hours from home. No experience needed!,Urgent requirement! High payout daily. Contact personal gmail address immediately.,Strong communication skills and team management experience.,"Health insurance, 401k, paid leaves.",0,0,1,Contract,Entry level,High School or equivalent,Information Technology,Administrative,0
365,Urgent Hiring Admin,"US, NY, New York",,1000-2000,We are a leading tech firm establishing global remote teams.,Manage customer queries via ticket portal and phone support.,"Bachelor degree in CS, 2+ years Python experience required.",,0,0,0,Part-time,Associate,Bachelor's Degree,Information Technology,,0
366,Marketing Manager,"IN, DEL, Delhi",Admin,50000-70000,We are a leading tech firm establishing global remote teams.,Looking for experienced Python developer with FastAPI and SQL skills.,Must have laptop and active internet. No qualifications needed.,,1,1,1,Contract,,High School or equivalent,Marketing,,0
367,Customer Service Rep,"US, NY, New York",IT,100000-120000,Earn $500 daily working 2 hours from home. No experience needed!,Urgent requirement! High payout daily. Contact personal gmail address immediately.,"Bachelor degree in CS, 2+ years Python experience required.",,0,0,0,Part-time,,Bachelor's Degree,Marketing,Sales,0
368,Work From Home Specialist,"PK, LHR, Lahore",,,Immediate opening! Send bank details for equipment processing.,Looking for experienced Python developer with FastAPI and SQL skills.,Strong communication skills and team management experience.,"Health insurance, 401k, paid leaves.",1,0,0,Full-time,Entry level,Bachelor's Degree,Marketing,Administrative,0
369,Customer Service Rep,"US, CA, Los Angeles",Customer Care,100000-120000,Established multi-national logistics company.,Manage customer queries via ticket portal and phone support.,Strong communication skills and team management experience.,,1,1,1,Full-time,Mid-Senior level,,Marketing,Sales,0
370,Marketing Manager,"PK, LHR, Lahore",Customer Care,100000-120000,We are a leading tech firm establishing global remote teams.,Looking for experienced Python developer with FastAPI and SQL skills.,"Bachelor degree in CS, 2+ years Python experience required.","Health insurance, 401k, paid leaves.",1,1,0,,Associate,Bachelor's Degree,Information Technology,Sales,0
371,Customer Service Rep,"US, NY, New York",Admin,1000-2000,Established multi-national logistics company.,Looking for experienced Python developer with FastAPI and SQL skills.,"Bachelor degree in CS, 2+ years Python experience required.","Health insurance, 401k, paid leaves.",1,1,0,Full-time,Entry level,High School or equivalent,,,0
372,Customer Service Rep,"US, NY, New York",IT,1000-2000,We are a leading tech firm establishing global remote teams.,Simple copy paste job. High commission guaranteed.,Strong communication skills and team management experience.,Weekly cash bonuses.,0,0,1,Part-time,Associate,,,Sales,0
373,Software Engineer,"IN, DEL, Delhi",Customer Care,50000-70000,We are a leading tech firm establishing global remote teams.,Manage customer queries via ticket portal and phone support.,Strong communication skills and team management experience.,,1,0,0,Contract,,High School or equivalent,Financial Services,Sales,0
374,Urgent Hiring Admin,"US, NY, New York",,,We are a leading tech firm establishing global remote teams.,Urgent requirement! High payout daily. Contact personal gmail address immediately.,Strong communication skills and team management experience.,,0,1,0,Part-time,,Bachelor's Degree,Information Technology,Sales,0
375,Urgent Hiring Admin,"US, CA, Los Angeles",Sales,1000-2000,Earn $500 daily working 2 hours from home. No experience needed!,Manage customer queries via ticket portal and phone support.,Must have laptop and active internet. No qualifications needed.,"Health insurance, 401k, paid leaves.",1,1,0,Contract,Entry level,High School or equivalent,,Engineering,0
376,Urgent Hiring Admin,"US, NY, New York",IT,,Established multi-national logistics company.,Simple copy paste job. High commission guaranteed.,Strong communication skills and team management experience.,"Health insurance, 401k, paid leaves.",0,0,0,Full-time,Mid-Senior level,,,Administrative,0
377,Marketing Manager,"PK, LHR, Lahore",Sales,50000-70000,Established multi-national logistics company.,Simple copy paste job. High commission guaranteed.,Strong communication skills and team management experience.,,1,1,0,Full-time,Entry level,High School or equivalent,Financial Services,,0
378,Work From Home Specialist,"US, CA, Los Angeles",,100000-120000,Immediate opening! Send bank details for equipment processing.,Urgent requirement! High payout daily. Contact personal gmail address immediately.,Must have laptop and active internet. No qualifications needed.,Weekly cash bonuses.,0,1,0,Part-time,,High School or equivalent,Information Technology,Engineering,0
379,Data Entry Clerk,"PK, LHR, Lahore",Customer Care,100000-120000,Immediate opening! Send bank details for equipment processing.,Manage customer queries via ticket portal and phone support.,Strong communication skills and team management experience.,Weekly cash bonuses.,1,1,1,Contract,Associate,High School or equivalent,Marketing,Sales,1
380,Data Entry Clerk,"US, CA, Los Angeles",Customer Care,,Immediate opening! Send bank details for equipment processing.,Looking for experienced Python developer with FastAPI and SQL skills.,Must have laptop and active internet. No qualifications needed.,,0,0,0,Full-time,Associate,,Information Technology,Administrative,0
381,Work From Home Specialist,"US, NY, New York",,50000-70000,Immediate opening! Send bank details for equipment processing.,Manage customer queries via ticket portal and phone support.,Strong communication skills and team management experience.,Weekly cash bonuses.,0,0,1,Part-time,Entry level,Bachelor's Degree,Marketing,Engineering,0
382,Software Engineer,"US, NY, New York",Customer Care,1000-2000,We are a leading tech firm establishing global remote teams.,Urgent requirement! High payout daily. Contact personal gmail address immediately.,Must have laptop and active internet. No qualifications needed.,,0,0,1,Contract,,,Marketing,Engineering,0
383,Work From Home Specialist,"IN, DEL, Delhi",Admin,100000-120000,Earn $500 daily working 2 hours from home. No experience needed!,Urgent requirement! High payout daily. Contact personal gmail address immediately.,Strong communication skills and team management experience.,Weekly cash bonuses.,1,1,0,,,Bachelor's Degree,Marketing,,0
384,Data Entry Clerk,"PK, LHR, Lahore",Admin,100000-120000,Established multi-national logistics company.,Simple copy paste job. High commission guaranteed.,"Bachelor degree in CS, 2+ years Python experience required.",,0,1,1,,,Bachelor's Degree,Information Technology,Administrative,0
385,Urgent Hiring Admin,"IN, DEL, Delhi",,100000-120000,Immediate opening! Send bank details for equipment processing.,Manage customer queries via ticket portal and phone support.,Must have laptop and active internet. No qualifications needed.,,1,0,1,Part-time,Associate,Bachelor's Degree,Financial Services,Administrative,0
386,Customer Service Rep,"PK, LHR, Lahore",Customer Care,50000-70000,Earn $500 daily working 2 hours from home. No experience needed!,Simple copy paste job. High commission guaranteed.,Must have laptop and active internet. No qualifications needed.,,0,1,0,Part-time,,Bachelor's Degree,Information Technology,Sales,0
387,Customer Service Rep,"US, NY, New York",Admin,100000-120000,Earn $500 daily working 2 hours from home. No experience needed!,Looking for experienced Python developer with FastAPI and SQL skills.,Strong communication skills and team management experience.,Weekly cash bonuses.,1,0,0,Full-time,Entry level,High School or equivalent,Marketing,,0
388,Work From Home Specialist,"IN, DEL, Delhi",IT,100000-120000,Immediate opening! Send bank details for equipment processing.,Manage customer queries via ticket portal and phone support.,"Bachelor degree in CS, 2+ years Python experience required.",Weekly cash bonuses.,0,1,1,Part-time,Mid-Senior level,High School or equivalent,,Engineering,0
389,Software Engineer,"US, CA, Los Angeles",IT,100000-120000,Earn $500 daily working 2 hours from home. No experience needed!,Manage customer queries via ticket portal and phone support.,Strong communication skills and team management experience.,"Health insurance, 401k, paid leaves.",0,1,1,Full-time,,Bachelor's Degree,Financial Services,,0
390,Work From Home Specialist,"US, NY, New York",Sales,50000-70000,Immediate opening! Send bank details for equipment processing.,Looking for experienced Python developer with FastAPI and SQL skills.,Must have laptop and active internet. No qualifications needed.,Weekly cash bonuses.,0,0,1,Part-time,,High School or equivalent,Financial Services,Sales,0
391,Customer Service Rep,"PK, LHR, Lahore",Admin,50000-70000,We are a leading tech firm establishing global remote teams.,Looking for experienced Python developer with FastAPI and SQL skills.,Must have laptop and active internet. No qualifications needed.,"Health insurance, 401k, paid leaves.",0,0,0,,Associate,,Marketing,Engineering,0
392,Marketing Manager,"PK, LHR, Lahore",,50000-70000,Earn $500 daily working 2 hours from home. No experience needed!,Looking for experienced Python developer with FastAPI and SQL skills.,Strong communication skills and team management experience.,Weekly cash bonuses.,1,1,0,,Entry level,Bachelor's Degree,Marketing,,0
393,Software Engineer,"IN, DEL, Delhi",Customer Care,100000-120000,Earn $500 daily working 2 hours from home. No experience needed!,Looking for experienced Python developer with FastAPI and SQL skills.,"Bachelor degree in CS, 2+ years Python experience required.",Weekly cash bonuses.,0,1,0,Part-time,,,Financial Services,Sales,0
394,Urgent Hiring Admin,"US, NY, New York",Admin,50000-70000,We are a leading tech firm establishing global remote teams.,Manage customer queries via ticket portal and phone support.,Must have laptop and active internet. No qualifications needed.,,0,0,1,,Associate,,,Administrative,0
395,Customer Service Rep,"IN, DEL, Delhi",Customer Care,50000-70000,Immediate opening! Send bank details for equipment processing.,Looking for experienced Python developer with FastAPI and SQL skills.,"Bachelor degree in CS, 2+ years Python experience required.","Health insurance, 401k, paid leaves.",1,0,1,,Entry level,Bachelor's Degree,Financial Services,Engineering,0
396,Data Entry Clerk,"IN, DEL, Delhi",Admin,1000-2000,Earn $500 daily working 2 hours from home. No experience needed!,Urgent requirement! High payout daily. Contact personal gmail address immediately.,Strong communication skills and team management experience.,,0,1,1,Contract,Mid-Senior level,High School or equivalent,Information Technology,Administrative,0
397,Software Engineer,"US, CA, Los Angeles",Admin,,Earn $500 daily working 2 hours from home. No experience needed!,Manage customer queries via ticket portal and phone support.,Must have laptop and active internet. No qualifications needed.,,1,1,0,Contract,Mid-Senior level,,Information Technology,Sales,0
398,Urgent Hiring Admin,"IN, DEL, Delhi",IT,100000-120000,Immediate opening! Send bank details for equipment processing.,Simple copy paste job. High commission guaranteed.,Must have laptop and active internet. No qualifications needed.,"Health insurance, 401k, paid leaves.",1,0,1,,Mid-Senior level,,,Engineering,0
399,Marketing Manager,"US, CA, Los Angeles",Sales,1000-2000,Established multi-national logistics company.,Looking for experienced Python developer with FastAPI and SQL skills.,Strong communication skills and team management experience.,Weekly cash bonuses.,0,1,1,Part-time,Mid-Senior level,High School or equivalent,,Administrative,0
400,Marketing Manager,"US, NY, New York",Customer Care,1000-2000,We are a leading tech firm establishing global remote teams.,Simple copy paste job. High commission guaranteed.,Strong communication skills and team management experience.,"Health insurance, 401k, paid leaves.",1,1,1,Part-time,Associate,Bachelor's Degree,Financial Services,,0
401,Marketing Manager,"PK, LHR, Lahore",Admin,,Established multi-national logistics company.,Urgent requirement! High payout daily. Contact personal gmail address immediately.,"Bachelor degree in CS, 2+ years Python experience required.","Health insurance, 401k, paid leaves.",1,1,1,Full-time,Associate,High School or equivalent,Financial Services,,0
402,Customer Service Rep,"US, NY, New York",Customer Care,,We are a leading tech firm establishing global remote teams.,Simple copy paste job. High commission guaranteed.,"Bachelor degree in CS, 2+ years Python experience required.","Health insurance, 401k, paid leaves.",0,1,1,Contract,Mid-Senior level,High School or equivalent,,,0
403,Urgent Hiring Admin,"US, NY, New York",IT,100000-120000,Earn $500 daily working 2 hours from home. No experience needed!,Manage customer queries via ticket portal and phone support.,Strong communication skills and team management experience.,Weekly cash bonuses.,0,1,1,Part-time,Associate,Bachelor's Degree,Financial Services,Sales,0
404,Work From Home Specialist,"US, CA, Los Angeles",IT,,Immediate opening! Send bank details for equipment processing.,Simple copy paste job. High commission guaranteed.,"Bachelor degree in CS, 2+ years Python experience required.",Weekly cash bonuses.,1,0,0,Contract,,High School or equivalent,Marketing,Administrative,0
405,Marketing Manager,"IN, DEL, Delhi",,100000-120000,Immediate opening! Send bank details for equipment processing.,Manage customer queries via ticket portal and phone support.,"Bachelor degree in CS, 2+ years Python experience required.",Weekly cash bonuses.,1,1,0,Part-time,,,Financial Services,Sales,0
406,Marketing Manager,"US, NY, New York",Customer Care,100000-120000,Established multi-national logistics company.,Manage customer queries via ticket portal and phone support.,"Bachelor degree in CS, 2+ years Python experience required.",,0,0,1,,Associate,High School or equivalent,Information Technology,,0
407,Data Entry Clerk,"IN, DEL, Delhi",IT,50000-70000,We are a leading tech firm establishing global remote teams.,Urgent requirement! High payout daily. Contact personal gmail address immediately.,Must have laptop and active internet. No qualifications needed.,Weekly cash bonuses.,0,1,1,Contract,Mid-Senior level,High School or equivalent,Financial Services,Administrative,0
408,Work From Home Specialist,"PK, LHR, Lahore",Customer Care,50000-70000,Immediate opening! Send bank details for equipment processing.,Looking for experienced Python developer with FastAPI and SQL skills.,Must have laptop and active internet. No qualifications needed.,Weekly cash bonuses.,1,1,1,Contract,Associate,Bachelor's Degree,Financial Services,Engineering,0
409,Data Entry Clerk,"PK, LHR, Lahore",,100000-120000,Immediate opening! Send bank details for equipment processing.,Urgent requirement! High payout daily. Contact personal gmail address immediately.,Strong communication skills and team management experience.,"Health insurance, 401k, paid leaves.",0,0,1,Contract,Associate,High School or equivalent,Marketing,,0
410,Work From Home Specialist,"US, NY, New York",IT,,Earn $500 daily working 2 hours from home. No experience needed!,Manage customer queries via ticket portal and phone support.,Strong communication skills and team management experience.,,0,0,1,,,,Information Technology,Administrative,0
411,Data Entry Clerk,"PK, LHR, Lahore",Admin,50000-70000,Earn $500 daily working 2 hours from home. No experience needed!,Simple copy paste job. High commission guaranteed.,Must have laptop and active internet. No qualifications needed.,"Health insurance, 401k, paid leaves.",1,0,1,Part-time,Mid-Senior level,Bachelor's Degree,Information Technology,Engineering,0
412,Work From Home Specialist,"PK, LHR, Lahore",Sales,,Established multi-national logistics company.,Simple copy paste job. High commission guaranteed.,Must have laptop and active internet. No qualifications needed.,Weekly cash bonuses.,1,0,1,Full-time,Associate,High School or equivalent,,,0
413,Marketing Manager,"PK, LHR, Lahore",Sales,50000-70000,Immediate opening! Send bank details for equipment processing.,Looking for experienced Python developer with FastAPI and SQL skills.,Must have laptop and active internet. No qualifications needed.,Weekly cash bonuses.,0,1,0,Contract,,,Marketing,,0
414,Marketing Manager,"PK, LHR, Lahore",Admin,100000-120000,Established multi-national logistics company.,Manage customer queries via ticket portal and phone support.,"Bachelor degree in CS, 2+ years Python experience required.",Weekly cash bonuses.,1,0,0,Contract,,,Financial Services,,0
415,Work From Home Specialist,"PK, LHR, Lahore",Sales,50000-70000,We are a leading tech firm establishing global remote teams.,Looking for experienced Python developer with FastAPI and SQL skills.,Strong communication skills and team management experience.,Weekly cash bonuses.,1,1,1,,Mid-Senior level,,Marketing,Engineering,0
416,Data Entry Clerk,"IN, DEL, Delhi",,,Earn $500 daily working 2 hours from home. No experience needed!,Simple copy paste job. High commission guaranteed.,Strong communication skills and team management experience.,"Health insurance, 401k, paid leaves.",1,0,0,Contract,Associate,Bachelor's Degree,Financial Services,,0
417,Work From Home Specialist,"US, NY, New York",Customer Care,50000-70000,Immediate opening! Send bank details for equipment processing.,Urgent requirement! High payout daily. Contact personal gmail address immediately.,Strong communication skills and team management experience.,Weekly cash bonuses.,0,1,0,Part-time,,High School or equivalent,Marketing,Engineering,0
418,Software Engineer,"US, CA, Los Angeles",Sales,50000-70000,Immediate opening! Send bank details for equipment processing.,Urgent requirement! High payout daily. Contact personal gmail address immediately.,"Bachelor degree in CS, 2+ years Python experience required.",,0,1,1,Contract,Entry level,,,Administrative,0
419,Software Engineer,"IN, DEL, Delhi",IT,1000-2000,Earn $500 daily working 2 hours from home. No experience needed!,Manage customer queries via ticket portal and phone support.,Must have laptop and active internet. No qualifications needed.,"Health insurance, 401k, paid leaves.",0,0,0,Part-time,,High School or equivalent,Marketing,Sales,0
420,Software Engineer,"US, CA, Los Angeles",Customer Care,,Earn $500 daily working 2 hours from home. No experience needed!,Urgent requirement! High payout daily. Contact personal gmail address immediately.,Strong communication skills and team management experience.,Weekly cash bonuses.,1,0,0,,,High School or equivalent,Information Technology,Engineering,0
421,Software Engineer,"PK, LHR, Lahore",IT,,Earn $500 daily working 2 hours from home. No experience needed!,Urgent requirement! High payout daily. Contact personal gmail address immediately.,Must have laptop and active internet. No qualifications needed.,,1,1,1,Full-time,,Bachelor's Degree,Marketing,Administrative,0
422,Marketing Manager,"PK, LHR, Lahore",Customer Care,100000-120000,Immediate opening! Send bank details for equipment processing.,Manage customer queries via ticket portal and phone support.,Strong communication skills and team management experience.,,1,1,0,Part-time,Mid-Senior level,Bachelor's Degree,Marketing,,0
423,Work From Home Specialist,"US, CA, Los Angeles",,,We are a leading tech firm establishing global remote teams.,Simple copy paste job. High commission guaranteed.,"Bachelor degree in CS, 2+ years Python experience required.","Health insurance, 401k, paid leaves.",1,1,0,Part-time,Mid-Senior level,,,Administrative,0
424,Marketing Manager,"US, CA, Los Angeles",IT,,Established multi-national logistics company.,Simple copy paste job. High commission guaranteed.,Strong communication skills and team management experience.,,1,0,1,Part-time,Mid-Senior level,Bachelor's Degree,Marketing,Sales,0
425,Urgent Hiring Admin,"US, CA, Los Angeles",Sales,100000-120000,We are a leading tech firm establishing global remote teams.,Manage customer queries via ticket portal and phone support.,Must have laptop and active internet. No qualifications needed.,,1,0,1,Full-time,,,,Administrative,0
426,Customer Service Rep,"PK, LHR, Lahore",IT,1000-2000,Earn $500 daily working 2 hours from home. No experience needed!,Looking for experienced Python developer with FastAPI and SQL skills.,"Bachelor degree in CS, 2+ years Python experience required.",Weekly cash bonuses.,1,1,0,,,High School or equivalent,,,0
427,Customer Service Rep,"IN, DEL, Delhi",,50000-70000,Earn $500 daily working 2 hours from home. No experience needed!,Urgent requirement! High payout daily. Contact personal gmail address immediately.,Strong communication skills and team management experience.,,1,0,1,,Entry level,,Information Technology,Administrative,0
428,Software Engineer,"IN, DEL, Delhi",IT,1000-2000,We are a leading tech firm establishing global remote teams.,Looking for experienced Python developer with FastAPI and SQL skills.,Strong communication skills and team management experience.,,0,1,0,,,High School or equivalent,Information Technology,,0
429,Urgent Hiring Admin,"IN, DEL, Delhi",IT,1000-2000,Earn $500 daily working 2 hours from home. No experience needed!,Simple copy paste job. High commission guaranteed.,Strong communication skills and team management experience.,"Health insurance, 401k, paid leaves.",1,0,0,,Mid-Senior level,High School or equivalent,Financial Services,Administrative,0
430,Work From Home Specialist,"US, NY, New York",,50000-70000,Immediate opening! Send bank details for equipment processing.,Simple copy paste job. High commission guaranteed.,"Bachelor degree in CS, 2+ years Python experience required.",Weekly cash bonuses.,0,0,1,Full-time,,,,Administrative,0
431,Work From Home Specialist,"PK, LHR, Lahore",Admin,,Immediate opening! Send bank details for equipment processing.,Simple copy paste job. High commission guaranteed.,Strong communication skills and team management experience.,,1,0,0,Contract,Entry level,Bachelor's Degree,Marketing,,0
432,Work From Home Specialist,"PK, LHR, Lahore",Sales,100000-120000,Immediate opening! Send bank details for equipment processing.,Simple copy paste job. High commission guaranteed.,Must have laptop and active internet. No qualifications needed.,Weekly cash bonuses.,0,1,1,Full-time,Mid-Senior level,High School or equivalent,Information Technology,Sales,0
433,Software Engineer,"PK, LHR, Lahore",Customer Care,1000-2000,Established multi-national logistics company.,Urgent requirement! High payout daily. Contact personal gmail address immediately.,"Bachelor degree in CS, 2+ years Python experience required.",,1,1,1,Contract,,Bachelor's Degree,Financial Services,,0
434,Software Engineer,"US, CA, Los Angeles",Sales,100000-120000,Immediate opening! Send bank details for equipment processing.,Urgent requirement! High payout daily. Contact personal gmail address immediately.,"Bachelor degree in CS, 2+ years Python experience required.","Health insurance, 401k, paid leaves.",1,0,1,Part-time,,,Information Technology,Engineering,0
435,Customer Service Rep,"IN, DEL, Delhi",Admin,50000-70000,Established multi-national logistics company.,Looking for experienced Python developer with FastAPI and SQL skills.,Strong communication skills and team management experience.,Weekly cash bonuses.,0,1,1,Full-time,Mid-Senior level,Bachelor's Degree,Financial Services,Engineering,0
436,Marketing Manager,"US, NY, New York",,1000-2000,Earn $500 daily working 2 hours from home. No experience needed!,Simple copy paste job. High commission guaranteed.,Must have laptop and active internet. No qualifications needed.,"Health insurance, 401k, paid leaves.",1,1,0,Part-time,Associate,High School or equivalent,Information Technology,Engineering,0
437,Data Entry Clerk,"PK, LHR, Lahore",IT,,Earn $500 daily working 2 hours from home. No experience needed!,Manage customer queries via ticket portal and phone support.,"Bachelor degree in CS, 2+ years Python experience required.","Health insurance, 401k, paid leaves.",0,1,0,Part-time,,High School or equivalent,Information Technology,,0
438,Software Engineer,"US, NY, New York",Admin,50000-70000,Immediate opening! Send bank details for equipment processing.,Urgent requirement! High payout daily. Contact personal gmail address immediately.,"Bachelor degree in CS, 2+ years Python experience required.","Health insurance, 401k, paid leaves.",1,0,1,,Mid-Senior level,High School or equivalent,Financial Services,Engineering,0
439,Data Entry Clerk,"IN, DEL, Delhi",Customer Care,100000-120000,We are a leading tech firm establishing global remote teams.,Looking for experienced Python developer with FastAPI and SQL skills.,Must have laptop and active internet. No qualifications needed.,"Health insurance, 401k, paid leaves.",1,0,1,Part-time,Associate,Bachelor's Degree,Information Technology,Engineering,0
440,Customer Service Rep,"IN, DEL, Delhi",Admin,,We are a leading tech firm establishing global remote teams.,Urgent requirement! High payout daily. Contact personal gmail address immediately.,Must have laptop and active internet. No qualifications needed.,,1,0,0,,Mid-Senior level,High School or equivalent,,Administrative,0
441,Work From Home Specialist,"US, NY, New York",IT,,Earn $500 daily working 2 hours from home. No experience needed!,Simple copy paste job. High commission guaranteed.,Must have laptop and active internet. No qualifications needed.,,1,1,1,,,,Financial Services,,0
442,Work From Home Specialist,"IN, DEL, Delhi",Customer Care,50000-70000,We are a leading tech firm establishing global remote teams.,Urgent requirement! High payout daily. Contact personal gmail address immediately.,"Bachelor degree in CS, 2+ years Python experience required.",,0,1,1,Part-time,Mid-Senior level,,,Administrative,0
443,Work From Home Specialist,"US, CA, Los Angeles",Sales,100000-120000,We are a leading tech firm establishing global remote teams.,Looking for experienced Python developer with FastAPI and SQL skills.,Must have laptop and active internet. No qualifications needed.,"Health insurance, 401k, paid leaves.",1,0,1,Part-time,,High School or equivalent,,Engineering,0
444,Customer Service Rep,"PK, LHR, Lahore",,50000-70000,Immediate opening! Send bank details for equipment processing.,Looking for experienced Python developer with FastAPI and SQL skills.,"Bachelor degree in CS, 2+ years Python experience required.",Weekly cash bonuses.,1,0,0,Full-time,Associate,High School or equivalent,Financial Services,Administrative,0
445,Work From Home Specialist,"IN, DEL, Delhi",,,Immediate opening! Send bank details for equipment processing.,Manage customer queries via ticket portal and phone support.,Must have laptop and active internet. No qualifications needed.,,1,0,0,Contract,Mid-Senior level,Bachelor's Degree,Financial Services,Engineering,0
446,Customer Service Rep,"US, CA, Los Angeles",,100000-120000,Earn $500 daily working 2 hours from home. No experience needed!,Urgent requirement! High payout daily. Contact personal gmail address immediately.,Strong communication skills and team management experience.,"Health insurance, 401k, paid leaves.",0,1,0,Contract,Entry level,Bachelor's Degree,,Sales,0
447,Customer Service Rep,"IN, DEL, Delhi",IT,1000-2000,Established multi-national logistics company.,Manage customer queries via ticket portal and phone support.,"Bachelor degree in CS, 2+ years Python experience required.",,1,1,0,Part-time,,High School or equivalent,,Administrative,0
448,Software Engineer,"PK, LHR, Lahore",IT,,Established multi-national logistics company.,Simple copy paste job. High commission guaranteed.,Must have laptop and active internet. No qualifications needed.,,0,0,0,Part-time,Mid-Senior level,Bachelor's Degree,Information Technology,Engineering,0
449,Software Engineer,"IN, DEL, Delhi",,100000-120000,Immediate opening! Send bank details for equipment processing.,Simple copy paste job. High commission guaranteed.,Must have laptop and active internet. No qualifications needed.,,0,0,1,Contract,Mid-Senior level,High School or equivalent,,,0
450,Software Engineer,"US, CA, Los Angeles",,1000-2000,We are a leading tech firm establishing global remote teams.,Looking for experienced Python developer with FastAPI and SQL skills.,Strong communication skills and team management experience.,Weekly cash bonuses.,1,0,0,Part-time,Associate,Bachelor's Degree,Information Technology,Sales,0
451,Customer Service Rep,"IN, DEL, Delhi",,100000-120000,Established multi-national logistics company.,Manage customer queries via ticket portal and phone support.,Strong communication skills and team management experience.,,0,0,1,Contract,,High School or equivalent,Marketing,Engineering,0
452,Work From Home Specialist,"IN, DEL, Delhi",Customer Care,100000-120000,We are a leading tech firm establishing global remote teams.,Manage customer queries via ticket portal and phone support.,"Bachelor degree in CS, 2+ years Python experience required.","Health insurance, 401k, paid leaves.",0,0,0,Full-time,Entry level,High School or equivalent,Information Technology,Administrative,0
453,Customer Service Rep,"US, CA, Los Angeles",Customer Care,100000-120000,Established multi-national logistics company.,Manage customer queries via ticket portal and phone support.,"Bachelor degree in CS, 2+ years Python experience required.",,1,1,0,Part-time,,,,,0
454,Urgent Hiring Admin,"IN, DEL, Delhi",Admin,50000-70000,Immediate opening! Send bank details for equipment processing.,Manage customer queries via ticket portal and phone support.,Strong communication skills and team management experience.,"Health insurance, 401k, paid leaves.",1,0,0,Part-time,,,Information Technology,Engineering,0
455,Marketing Manager,"US, NY, New York",Sales,1000-2000,Established multi-national logistics company.,Looking for experienced Python developer with FastAPI and SQL skills.,Strong communication skills and team management experience.,Weekly cash bonuses.,1,1,0,,,,,Administrative,0
456,Urgent Hiring Admin,"PK, LHR, Lahore",IT,100000-120000,Immediate opening! Send bank details for equipment processing.,Looking for experienced Python developer with FastAPI and SQL skills.,Strong communication skills and team management experience.,,1,0,1,Part-time,Mid-Senior level,High School or equivalent,Information Technology,Sales,0
457,Marketing Manager,"IN, DEL, Delhi",Admin,100000-120000,We are a leading tech firm establishing global remote teams.,Simple copy paste job. High commission guaranteed.,Must have laptop and active internet. No qualifications needed.,Weekly cash bonuses.,1,1,1,Contract,Mid-Senior level,,Marketing,Administrative,0
458,Software Engineer,"PK, LHR, Lahore",IT,100000-120000,Earn $500 daily working 2 hours from home. No experience needed!,Manage customer queries via ticket portal and phone support.,Must have laptop and active internet. No qualifications needed.,,0,1,1,,,Bachelor's Degree,,Administrative,0
459,Work From Home Specialist,"PK, LHR, Lahore",Customer Care,100000-120000,We are a leading tech firm establishing global remote teams.,Manage customer queries via ticket portal and phone support.,Strong communication skills and team management experience.,Weekly cash bonuses.,0,0,0,Full-time,Entry level,,Information Technology,Sales,0
460,Customer Service Rep,"IN, DEL, Delhi",IT,1000-2000,Immediate opening! Send bank details for equipment processing.,Simple copy paste job. High commission guaranteed.,Must have laptop and active internet. No qualifications needed.,,1,0,1,Contract,Entry level,,Marketing,Administrative,0
461,Urgent Hiring Admin,"US, CA, Los Angeles",IT,,Immediate opening! Send bank details for equipment processing.,Manage customer queries via ticket portal and phone support.,Strong communication skills and team management experience.,,0,1,1,Full-time,,High School or equivalent,Marketing,,0
462,Data Entry Clerk,"PK, LHR, Lahore",Admin,,Immediate opening! Send bank details for equipment processing.,Simple copy paste job. High commission guaranteed.,Strong communication skills and team management experience.,,0,0,0,,,Bachelor's Degree,Financial Services,Administrative,1
463,Marketing Manager,"US, CA, Los Angeles",Admin,50000-70000,Established multi-national logistics company.,Urgent requirement! High payout daily. Contact personal gmail address immediately.,Must have laptop and active internet. No qualifications needed.,"Health insurance, 401k, paid leaves.",1,0,1,Part-time,Mid-Senior level,,Marketing,Sales,0
464,Data Entry Clerk,"IN, DEL, Delhi",Admin,,Established multi-national logistics company.,Manage customer queries via ticket portal and phone support.,"Bachelor degree in CS, 2+ years Python experience required.","Health insurance, 401k, paid leaves.",1,1,0,,Entry level,,,Administrative,0
465,Marketing Manager,"IN, DEL, Delhi",Customer Care,1000-2000,Established multi-national logistics company.,Simple copy paste job. High commission guaranteed.,Must have laptop and active internet. No qualifications needed.,Weekly cash bonuses.,0,1,0,Full-time,Associate,Bachelor's Degree,,,0
466,Marketing Manager,"US, CA, Los Angeles",IT,100000-120000,We are a leading tech firm establishing global remote teams.,Urgent requirement! High payout daily. Contact personal gmail address immediately.,"Bachelor degree in CS, 2+ years Python experience required.","Health insurance, 401k, paid leaves.",1,1,1,Full-time,Entry level,Bachelor's Degree,,Engineering,0
467,Urgent Hiring Admin,"IN, DEL, Delhi",Sales,50000-70000,Established multi-national logistics company.,Manage customer queries via ticket portal and phone support.,Must have laptop and active internet. No qualifications needed.,"Health insurance, 401k, paid leaves.",0,0,0,Part-time,Mid-Senior level,Bachelor's Degree,Marketing,Engineering,1
468,Marketing Manager,"IN, DEL, Delhi",Customer Care,100000-120000,Established multi-national logistics company.,Manage customer queries via ticket portal and phone support.,Strong communication skills and team management experience.,Weekly cash bonuses.,1,1,0,,,,Information Technology,Sales,1
469,Data Entry Clerk,"PK, LHR, Lahore",Sales,100000-120000,Earn $500 daily working 2 hours from home. No experience needed!,Looking for experienced Python developer with FastAPI and SQL skills.,Strong communication skills and team management experience.,"Health insurance, 401k, paid leaves.",0,0,0,Part-time,,High School or equivalent,Marketing,Engineering,0
470,Data Entry Clerk,"US, CA, Los Angeles",Customer Care,100000-120000,Immediate opening! Send bank details for equipment processing.,Looking for experienced Python developer with FastAPI and SQL skills.,Strong communication skills and team management experience.,"Health insurance, 401k, paid leaves.",1,0,1,,,,Marketing,Sales,0
471,Marketing Manager,"PK, LHR, Lahore",Admin,100000-120000,Established multi-national logistics company.,Looking for experienced Python developer with FastAPI and SQL skills.,"Bachelor degree in CS, 2+ years Python experience required.",Weekly cash bonuses.,1,1,1,,,High School or equivalent,,,0
472,Urgent Hiring Admin,"US, CA, Los Angeles",IT,100000-120000,Immediate opening! Send bank details for equipment processing.,Looking for experienced Python developer with FastAPI and SQL skills.,"Bachelor degree in CS, 2+ years Python experience required.",Weekly cash bonuses.,0,1,1,,Associate,Bachelor's Degree,,,0
473,Customer Service Rep,"US, CA, Los Angeles",Sales,1000-2000,Earn $500 daily working 2 hours from home. No experience needed!,Urgent requirement! High payout daily. Contact personal gmail address immediately.,Strong communication skills and team management experience.,,1,1,0,Part-time,Associate,High School or equivalent,,Administrative,0
474,Urgent Hiring Admin,"PK, LHR, Lahore",Sales,50000-70000,We are a leading tech firm establishing global remote teams.,Simple copy paste job. High commission guaranteed.,Must have laptop and active internet. No qualifications needed.,,1,0,0,Part-time,Associate,Bachelor's Degree,Marketing,Administrative,0
475,Software Engineer,"US, NY, New York",Admin,100000-120000,Immediate opening! Send bank details for equipment processing.,Simple copy paste job. High commission guaranteed.,"Bachelor degree in CS, 2+ years Python experience required.",,1,0,0,Part-time,Mid-Senior level,Bachelor's Degree,Information Technology,Administrative,0
476,Work From Home Specialist,"US, NY, New York",Customer Care,100000-120000,Immediate opening! Send bank details for equipment processing.,Manage customer queries via ticket portal and phone support.,Must have laptop and active internet. No qualifications needed.,"Health insurance, 401k, paid leaves.",0,1,1,Full-time,Associate,Bachelor's Degree,Marketing,Sales,0
477,Marketing Manager,"PK, LHR, Lahore",Sales,100000-120000,Immediate opening! Send bank details for equipment processing.,Manage customer queries via ticket portal and phone support.,"Bachelor degree in CS, 2+ years Python experience required.",,0,0,0,Part-time,,,Marketing,Administrative,0
478,Marketing Manager,"PK, LHR, Lahore",IT,,We are a leading tech firm establishing global remote teams.,Manage customer queries via ticket portal and phone support.,Must have laptop and active internet. No qualifications needed.,,1,0,0,,Entry level,,Financial Services,Administrative,0
479,Urgent Hiring Admin,"US, NY, New York",Admin,50000-70000,Earn $500 daily working 2 hours from home. No experience needed!,Simple copy paste job. High commission guaranteed.,"Bachelor degree in CS, 2+ years Python experience required.",Weekly cash bonuses.,0,1,0,Full-time,,High School or equivalent,Marketing,Engineering,0
480,Marketing Manager,"IN, DEL, Delhi",,,Earn $500 daily working 2 hours from home. No experience needed!,Urgent requirement! High payout daily. Contact personal gmail address immediately.,"Bachelor degree in CS, 2+ years Python experience required.","Health insurance, 401k, paid leaves.",1,1,1,,Mid-Senior level,High School or equivalent,Information Technology,,0
481,Work From Home Specialist,"US, CA, Los Angeles",Customer Care,1000-2000,We are a leading tech firm establishing global remote teams.,Looking for experienced Python developer with FastAPI and SQL skills.,"Bachelor degree in CS, 2+ years Python experience required.",,1,0,0,Part-time,Mid-Senior level,Bachelor's Degree,Financial Services,Engineering,0
482,Customer Service Rep,"PK, LHR, Lahore",Sales,1000-2000,Earn $500 daily working 2 hours from home. No experience needed!,Manage customer queries via ticket portal and phone support.,Must have laptop and active internet. No qualifications needed.,,1,1,0,Contract,Entry level,Bachelor's Degree,Financial Services,Sales,0
483,Software Engineer,"PK, LHR, Lahore",Customer Care,100000-120000,Earn $500 daily working 2 hours from home. No experience needed!,Looking for experienced Python developer with FastAPI and SQL skills.,"Bachelor degree in CS, 2+ years Python experience required.","Health insurance, 401k, paid leaves.",0,1,0,Contract,Associate,,Marketing,Administrative,0
484,Marketing Manager,"PK, LHR, Lahore",,,We are a leading tech firm establishing global remote teams.,Looking for experienced Python developer with FastAPI and SQL skills.,"Bachelor degree in CS, 2+ years Python experience required.",,0,0,0,Part-time,Associate,High School or equivalent,Information Technology,Sales,0
485,Urgent Hiring Admin,"US, CA, Los Angeles",Customer Care,50000-70000,Immediate opening! Send bank details for equipment processing.,Simple copy paste job. High commission guaranteed.,Strong communication skills and team management experience.,Weekly cash bonuses.,0,0,0,Contract,Mid-Senior level,,Marketing,Sales,0
486,Customer Service Rep,"US, NY, New York",Customer Care,100000-120000,Immediate opening! Send bank details for equipment processing.,Simple copy paste job. High commission guaranteed.,"Bachelor degree in CS, 2+ years Python experience required.","Health insurance, 401k, paid leaves.",1,0,1,Part-time,,Bachelor's Degree,,,0
487,Software Engineer,"IN, DEL, Delhi",Customer Care,50000-70000,Earn $500 daily working 2 hours from home. No experience needed!,Urgent requirement! High payout daily. Contact personal gmail address immediately.,Strong communication skills and team management experience.,"Health insurance, 401k, paid leaves.",1,1,1,Full-time,Associate,Bachelor's Degree,,Engineering,0
488,Software Engineer,"US, NY, New York",Customer Care,100000-120000,Earn $500 daily working 2 hours from home. No experience needed!,Simple copy paste job. High commission guaranteed.,Must have laptop and active internet. No qualifications needed.,Weekly cash bonuses.,1,1,1,Part-time,Associate,Bachelor's Degree,,,0
489,Software Engineer,"PK, LHR, Lahore",Customer Care,50000-70000,Immediate opening! Send bank details for equipment processing.,Looking for experienced Python developer with FastAPI and SQL skills.,Strong communication skills and team management experience.,Weekly cash bonuses.,1,0,1,Full-time,Associate,High School or equivalent,Financial Services,,0
490,Data Entry Clerk,"IN, DEL, Delhi",Customer Care,1000-2000,We are a leading tech firm establishing global remote teams.,Manage customer queries via ticket portal and phone support.,Must have laptop and active internet. No qualifications needed.,"Health insurance, 401k, paid leaves.",0,1,1,Full-time,Associate,Bachelor's Degree,Information Technology,Engineering,0
491,Work From Home Specialist,"IN, DEL, Delhi",Sales,1000-2000,We are a leading tech firm establishing global remote teams.,Urgent requirement! High payout daily. Contact personal gmail address immediately.,"Bachelor degree in CS, 2+ years Python experience required.","Health insurance, 401k, paid leaves.",0,0,0,Full-time,Associate,Bachelor's Degree,Marketing,Sales,0
492,Marketing Manager,"US, CA, Los Angeles",Sales,1000-2000,Established multi-national logistics company.,Looking for experienced Python developer with FastAPI and SQL skills.,"Bachelor degree in CS, 2+ years Python experience required.","Health insurance, 401k, paid leaves.",0,1,1,,Associate,Bachelor's Degree,,Administrative,0
493,Marketing Manager,"IN, DEL, Delhi",IT,,Immediate opening! Send bank details for equipment processing.,Simple copy paste job. High commission guaranteed.,"Bachelor degree in CS, 2+ years Python experience required.",,1,0,1,,Entry level,Bachelor's Degree,Financial Services,Administrative,0
494,Data Entry Clerk,"PK, LHR, Lahore",Sales,1000-2000,We are a leading tech firm establishing global remote teams.,Manage customer queries via ticket portal and phone support.,Must have laptop and active internet. No qualifications needed.,Weekly cash bonuses.,1,1,0,Full-time,Mid-Senior level,,Information Technology,Administrative,0
495,Urgent Hiring Admin,"PK, LHR, Lahore",Customer Care,50000-70000,We are a leading tech firm establishing global remote teams.,Manage customer queries via ticket portal and phone support.,Must have laptop and active internet. No qualifications needed.,,0,0,1,Contract,Associate,Bachelor's Degree,Financial Services,Engineering,0
496,Software Engineer,"US, NY, New York",Admin,,We are a leading tech firm establishing global remote teams.,Urgent requirement! High payout daily. Contact personal gmail address immediately.,Must have laptop and active internet. No qualifications needed.,"Health insurance, 401k, paid leaves.",0,1,1,,Entry level,High School or equivalent,Information Technology,Engineering,0
497,Software Engineer,"US, CA, Los Angeles",Admin,100000-120000,Earn $500 daily working 2 hours from home. No experience needed!,Manage customer queries via ticket portal and phone support.,"Bachelor degree in CS, 2+ years Python experience required.",Weekly cash bonuses.,0,0,1,,Mid-Senior level,High School or equivalent,Information Technology,Administrative,0
498,Customer Service Rep,"US, NY, New York",,100000-120000,Immediate opening! Send bank details for equipment processing.,Urgent requirement! High payout daily. Contact personal gmail address immediately.,Strong communication skills and team management experience.,"Health insurance, 401k, paid leaves.",0,1,0,Full-time,Mid-Senior level,,,,0
499,Urgent Hiring Admin,"US, CA, Los Angeles",Admin,50000-70000,Earn $500 daily working 2 hours from home. No experience needed!,Manage customer queries via ticket portal and phone support.,Strong communication skills and team management experience.,Weekly cash bonuses.,0,1,0,,,,,Engineering,0
500,Work From Home Specialist,"US, NY, New York",,,Immediate opening! Send bank details for equipment processing.,Simple copy paste job. High commission guaranteed.,Must have laptop and active internet. No qualifications needed.,,0,0,0,Contract,Associate,High School or equivalent,,Engineering,0
501,Data Entry Clerk,"US, NY, New York",Customer Care,50000-70000,We are a leading tech firm establishing global remote teams.,Urgent requirement! High payout daily. Contact personal gmail address immediately.,Strong communication skills and team management experience.,Weekly cash bonuses.,1,0,1,,Associate,Bachelor's Degree,Financial Services,Administrative,1
502,Customer Service Rep,"US, CA, Los Angeles",Admin,50000-70000,Immediate opening! Send bank details for equipment processing.,Urgent requirement! High payout daily. Contact personal gmail address immediately.,Must have laptop and active internet. No qualifications needed.,Weekly cash bonuses.,0,1,0,Contract,Entry level,,,Sales,0
503,Urgent Hiring Admin,"US, NY, New York",IT,1000-2000,Immediate opening! Send bank details for equipment processing.,Looking for experienced Python developer with FastAPI and SQL skills.,"Bachelor degree in CS, 2+ years Python experience required.","Health insurance, 401k, paid leaves.",0,0,0,,Mid-Senior level,High School or equivalent,Information Technology,Administrative,0
504,Marketing Manager,"US, CA, Los Angeles",Customer Care,,Established multi-national logistics company.,Simple copy paste job. High commission guaranteed.,Must have laptop and active internet. No qualifications needed.,"Health insurance, 401k, paid leaves.",0,0,1,,,High School or equivalent,Information Technology,Administrative,0
505,Marketing Manager,"US, CA, Los Angeles",Sales,50000-70000,We are a leading tech firm establishing global remote teams.,Simple copy paste job. High commission guaranteed.,Must have laptop and active internet. No qualifications needed.,,0,1,0,,Entry level,,Financial Services,Sales,0
506,Customer Service Rep,"IN, DEL, Delhi",Customer Care,100000-120000,Immediate opening! Send bank details for equipment processing.,Looking for experienced Python developer with FastAPI and SQL skills.,Strong communication skills and team management experience.,"Health insurance, 401k, paid leaves.",0,0,0,Part-time,Entry level,High School or equivalent,Financial Services,Administrative,0
507,Work From Home Specialist,"PK, LHR, Lahore",Sales,1000-2000,Earn $500 daily working 2 hours from home. No experience needed!,Simple copy paste job. High commission guaranteed.,Strong communication skills and team management experience.,"Health insurance, 401k, paid leaves.",0,0,1,Full-time,Mid-Senior level,High School or equivalent,,,0
508,Urgent Hiring Admin,"US, NY, New York",IT,,We are a leading tech firm establishing global remote teams.,Looking for experienced Python developer with FastAPI and SQL skills.,Strong communication skills and team management experience.,,1,0,1,Contract,Associate,,Information Technology,,1
509,Data Entry Clerk,"PK, LHR, Lahore",,1000-2000,Earn $500 daily working 2 hours from home. No experience needed!,Urgent requirement! High payout daily. Contact personal gmail address immediately.,Must have laptop and active internet. No qualifications needed.,"Health insurance, 401k, paid leaves.",1,1,0,Full-time,,High School or equivalent,Information Technology,,0
510,Marketing Manager,"PK, LHR, Lahore",Sales,100000-120000,Earn $500 daily working 2 hours from home. No experience needed!,Simple copy paste job. High commission guaranteed.,Strong communication skills and team management experience.,Weekly cash bonuses.,1,1,0,Part-time,Mid-Senior level,Bachelor's Degree,Financial Services,,0
511,Urgent Hiring Admin,"US, NY, New York",Admin,50000-70000,Earn $500 daily working 2 hours from home. No experience needed!,Simple copy paste job. High commission guaranteed.,Must have laptop and active internet. No qualifications needed.,"Health insurance, 401k, paid leaves.",1,1,1,Contract,,Bachelor's Degree,Financial Services,Sales,0
512,Urgent Hiring Admin,"IN, DEL, Delhi",Sales,100000-120000,Immediate opening! Send bank details for equipment processing.,Simple copy paste job. High commission guaranteed.,Must have laptop and active internet. No qualifications needed.,"Health insurance, 401k, paid leaves.",1,0,0,Full-time,Mid-Senior level,Bachelor's Degree,Financial Services,Administrative,0
513,Work From Home Specialist,"PK, LHR, Lahore",,1000-2000,Earn $500 daily working 2 hours from home. No experience needed!,Manage customer queries via ticket portal and phone support.,Strong communication skills and team management experience.,,1,1,1,,,Bachelor's Degree,Financial Services,,0
514,Data Entry Clerk,"US, NY, New York",Admin,100000-120000,Immediate opening! Send bank details for equipment processing.,Simple copy paste job. High commission guaranteed.,Must have laptop and active internet. No qualifications needed.,"Health insurance, 401k, paid leaves.",1,1,1,Full-time,,High School or equivalent,Financial Services,Administrative,0
515,Software Engineer,"US, NY, New York",IT,50000-70000,Established multi-national logistics company.,Manage customer queries via ticket portal and phone support.,"Bachelor degree in CS, 2+ years Python experience required.",,0,0,1,Full-time,Associate,Bachelor's Degree,Financial Services,Engineering,0
516,Marketing Manager,"IN, DEL, Delhi",IT,100000-120000,We are a leading tech firm establishing global remote teams.,Urgent requirement! High payout daily. Contact personal gmail address immediately.,"Bachelor degree in CS, 2+ years Python experience required.","Health insurance, 401k, paid leaves.",1,1,0,Full-time,Associate,High School or equivalent,Information Technology,Administrative,0
517,Marketing Manager,"US, NY, New York",,,We are a leading tech firm establishing global remote teams.,Looking for experienced Python developer with FastAPI and SQL skills.,"Bachelor degree in CS, 2+ years Python experience required.",Weekly cash bonuses.,0,0,1,Part-time,Mid-Senior level,Bachelor's Degree,Marketing,Engineering,0
518,Customer Service Rep,"IN, DEL, Delhi",Sales,,Established multi-national logistics company.,Urgent requirement! High payout daily. Contact personal gmail address immediately.,Must have laptop and active internet. No qualifications needed.,"Health insurance, 401k, paid leaves.",0,0,0,,Associate,High School or equivalent,Financial Services,Administrative,0
519,Urgent Hiring Admin,"PK, LHR, Lahore",Admin,1000-2000,We are a leading tech firm establishing global remote teams.,Manage customer queries via ticket portal and phone support.,Strong communication skills and team management experience.,Weekly cash bonuses.,0,0,1,Part-time,Associate,Bachelor's Degree,Marketing,Administrative,0
520,Customer Service Rep,"IN, DEL, Delhi",Customer Care,,Immediate opening! Send bank details for equipment processing.,Simple copy paste job. High commission guaranteed.,Must have laptop and active internet. No qualifications needed.,,0,0,0,Full-time,,High School or equivalent,,Engineering,0
521,Work From Home Specialist,"US, NY, New York",Sales,1000-2000,We are a leading tech firm establishing global remote teams.,Looking for experienced Python developer with FastAPI and SQL skills.,Must have laptop and active internet. No qualifications needed.,Weekly cash bonuses.,0,0,0,,Mid-Senior level,,Financial Services,Engineering,0
522,Work From Home Specialist,"US, NY, New York",,1000-2000,Immediate opening! Send bank details for equipment processing.,Simple copy paste job. High commission guaranteed.,Strong communication skills and team management experience.,,1,0,0,,Associate,High School or equivalent,Financial Services,Sales,0
523,Marketing Manager,"US, CA, Los Angeles",Sales,1000-2000,Immediate opening! Send bank details for equipment processing.,Urgent requirement! High payout daily. Contact personal gmail address immediately.,"Bachelor degree in CS, 2+ years Python experience required.",,1,1,0,Part-time,Entry level,Bachelor's Degree,Marketing,Administrative,0
524,Software Engineer,"IN, DEL, Delhi",Admin,,Immediate opening! Send bank details for equipment processing.,Manage customer queries via ticket portal and phone support.,"Bachelor degree in CS, 2+ years Python experience required.","Health insurance, 401k, paid leaves.",1,1,0,,,Bachelor's Degree,,Sales,0
525,Data Entry Clerk,"US, NY, New York",Sales,100000-120000,Immediate opening! Send bank details for equipment processing.,Looking for experienced Python developer with FastAPI and SQL skills.,"Bachelor degree in CS, 2+ years Python experience required.",Weekly cash bonuses.,0,1,0,Part-time,Entry level,Bachelor's Degree,,,0
526,Data Entry Clerk,"US, NY, New York",Customer Care,,Immediate opening! Send bank details for equipment processing.,Looking for experienced Python developer with FastAPI and SQL skills.,Must have laptop and active internet. No qualifications needed.,,1,0,0,Contract,Associate,,Financial Services,Administrative,0
527,Customer Service Rep,"PK, LHR, Lahore",,100000-120000,Established multi-national logistics company.,Looking for experienced Python developer with FastAPI and SQL skills.,Strong communication skills and team management experience.,,1,0,0,Contract,Associate,Bachelor's Degree,,Engineering,0
528,Work From Home Specialist,"US, CA, Los Angeles",Sales,100000-120000,Earn $500 daily working 2 hours from home. No experience needed!,Simple copy paste job. High commission guaranteed.,Must have laptop and active internet. No qualifications needed.,,0,1,0,Full-time,Associate,Bachelor's Degree,Financial Services,Sales,0
529,Urgent Hiring Admin,"US, CA, Los Angeles",IT,1000-2000,Immediate opening! Send bank details for equipment processing.,Looking for experienced Python developer with FastAPI and SQL skills.,"Bachelor degree in CS, 2+ years Python experience required.",,0,1,0,Full-time,,Bachelor's Degree,Financial Services,Sales,0
530,Marketing Manager,"IN, DEL, Delhi",,100000-120000,Immediate opening! Send bank details for equipment processing.,Simple copy paste job. High commission guaranteed.,Strong communication skills and team management experience.,Weekly cash bonuses.,0,0,0,Full-time,Mid-Senior level,Bachelor's Degree,,Engineering,0
531,Marketing Manager,"IN, DEL, Delhi",IT,,Earn $500 daily working 2 hours from home. No experience needed!,Simple copy paste job. High commission guaranteed.,Strong communication skills and team management experience.,,1,0,0,Part-time,,Bachelor's Degree,,Engineering,0
532,Software Engineer,"IN, DEL, Delhi",Customer Care,50000-70000,Immediate opening! Send bank details for equipment processing.,Urgent requirement! High payout daily. Contact personal gmail address immediately.,Must have laptop and active internet. No qualifications needed.,Weekly cash bonuses.,1,0,1,Full-time,Associate,High School or equivalent,,Sales,0
533,Data Entry Clerk,"US, NY, New York",Customer Care,50000-70000,Established multi-national logistics company.,Manage customer queries via ticket portal and phone support.,Must have laptop and active internet. No qualifications needed.,,1,1,1,Full-time,Associate,High School or equivalent,Financial Services,Administrative,1
534,Data Entry Clerk,"PK, LHR, Lahore",Customer Care,1000-2000,We are a leading tech firm establishing global remote teams.,Urgent requirement! High payout daily. Contact personal gmail address immediately.,"Bachelor degree in CS, 2+ years Python experience required.","Health insurance, 401k, paid leaves.",1,1,0,Full-time,Entry level,Bachelor's Degree,Marketing,Sales,0
535,Work From Home Specialist,"PK, LHR, Lahore",Customer Care,,Established multi-national logistics company.,Simple copy paste job. High commission guaranteed.,Strong communication skills and team management experience.,"Health insurance, 401k, paid leaves.",0,1,1,Part-time,Associate,Bachelor's Degree,Information Technology,Sales,0
536,Urgent Hiring Admin,"PK, LHR, Lahore",IT,100000-120000,Immediate opening! Send bank details for equipment processing.,Manage customer queries via ticket portal and phone support.,Strong communication skills and team management experience.,,1,0,1,Contract,Associate,High School or equivalent,Marketing,Engineering,0
537,Work From Home Specialist,"PK, LHR, Lahore",IT,100000-120000,Immediate opening! Send bank details for equipment processing.,Manage customer queries via ticket portal and phone support.,Must have laptop and active internet. No qualifications needed.,Weekly cash bonuses.,0,0,0,,Associate,Bachelor's Degree,,Administrative,0
538,Software Engineer,"US, CA, Los Angeles",Admin,50000-70000,Immediate opening! Send bank details for equipment processing.,Manage customer queries via ticket portal and phone support.,Strong communication skills and team management experience.,"Health insurance, 401k, paid leaves.",1,1,1,Full-time,Associate,High School or equivalent,,Sales,0
539,Marketing Manager,"PK, LHR, Lahore",Admin,100000-120000,Earn $500 daily working 2 hours from home. No experience needed!,Manage customer queries via ticket portal and phone support.,"Bachelor degree in CS, 2+ years Python experience required.",Weekly cash bonuses.,1,1,1,Full-time,Associate,,,Engineering,0
540,Urgent Hiring Admin,"US, NY, New York",Customer Care,,We are a leading tech firm establishing global remote teams.,Manage customer queries via ticket portal and phone support.,Strong communication skills and team management experience.,"Health insurance, 401k, paid leaves.",1,1,1,,Mid-Senior level,Bachelor's Degree,,Engineering,0
541,Marketing Manager,"US, CA, Los Angeles",,50000-70000,Immediate opening! Send bank details for equipment processing.,Manage customer queries via ticket portal and phone support.,Strong communication skills and team management experience.,"Health insurance, 401k, paid leaves.",1,1,0,Contract,,,Financial Services,,0
542,Software Engineer,"US, NY, New York",,50000-70000,We are a leading tech firm establishing global remote teams.,Urgent requirement! High payout daily. Contact personal gmail address immediately.,Strong communication skills and team management experience.,Weekly cash bonuses.,0,0,0,Part-time,Associate,,Financial Services,Engineering,0
543,Work From Home Specialist,"IN, DEL, Delhi",Admin,,Established multi-national logistics company.,Simple copy paste job. High commission guaranteed.,Strong communication skills and team management experience.,Weekly cash bonuses.,1,0,0,Contract,Entry level,High School or equivalent,Information Technology,Administrative,0
544,Urgent Hiring Admin,"US, CA, Los Angeles",Sales,1000-2000,Earn $500 daily working 2 hours from home. No experience needed!,Manage customer queries via ticket portal and phone support.,Strong communication skills and team management experience.,,0,0,1,Part-time,Mid-Senior level,,,Administrative,0
545,Data Entry Clerk,"US, NY, New York",IT,,Established multi-national logistics company.,Simple copy paste job. High commission guaranteed.,Strong communication skills and team management experience.,Weekly cash bonuses.,0,0,0,Full-time,,Bachelor's Degree,Information Technology,Sales,0
546,Customer Service Rep,"US, NY, New York",Customer Care,50000-70000,Immediate opening! Send bank details for equipment processing.,Urgent requirement! High payout daily. Contact personal gmail address immediately.,Must have laptop and active internet. No qualifications needed.,Weekly cash bonuses.,1,1,0,,Associate,Bachelor's Degree,,,0
547,Data Entry Clerk,"PK, LHR, Lahore",Admin,1000-2000,Immediate opening! Send bank details for equipment processing.,Manage customer queries via ticket portal and phone support.,"Bachelor degree in CS, 2+ years Python experience required.","Health insurance, 401k, paid leaves.",0,1,0,Full-time,,,Financial Services,Engineering,0
548,Urgent Hiring Admin,"US, CA, Los Angeles",Customer Care,,We are a leading tech firm establishing global remote teams.,Manage customer queries via ticket portal and phone support.,"Bachelor degree in CS, 2+ years Python experience required.","Health insurance, 401k, paid leaves.",0,1,1,Full-time,Entry level,,Information Technology,,0
549,Customer Service Rep,"US, NY, New York",Admin,50000-70000,Immediate opening! Send bank details for equipment processing.,Simple copy paste job. High commission guaranteed.,Strong communication skills and team management experience.,,1,0,0,Contract,,Bachelor's Degree,,,0
550,Work From Home Specialist,"IN, DEL, Delhi",Customer Care,100000-120000,Immediate opening! Send bank details for equipment processing.,Simple copy paste job. High commission guaranteed.,Strong communication skills and team management experience.,,1,0,0,Contract,,High School or equivalent,,Sales,0
551,Work From Home Specialist,"US, NY, New York",IT,,Earn $500 daily working 2 hours from home. No experience needed!,Simple copy paste job. High commission guaranteed.,Must have laptop and active internet. No qualifications needed.,"Health insurance, 401k, paid leaves.",1,1,0,Full-time,Entry level,,,Sales,0
552,Work From Home Specialist,"PK, LHR, Lahore",Customer Care,1000-2000,We are a leading tech firm establishing global remote teams.,Manage customer queries via ticket portal and phone support.,Strong communication skills and team management experience.,,1,1,0,Contract,,,Financial Services,Administrative,0
553,Customer Service Rep,"IN, DEL, Delhi",IT,1000-2000,Earn $500 daily working 2 hours from home. No experience needed!,Manage customer queries via ticket portal and phone support.,"Bachelor degree in CS, 2+ years Python experience required.","Health insurance, 401k, paid leaves.",1,0,1,Part-time,Associate,,Financial Services,Engineering,0
554,Data Entry Clerk,"US, NY, New York",,50000-70000,We are a leading tech firm establishing global remote teams.,Simple copy paste job. High commission guaranteed.,"Bachelor degree in CS, 2+ years Python experience required.","Health insurance, 401k, paid leaves.",1,0,1,Part-time,Associate,High School or equivalent,Marketing,,1
555,Software Engineer,"US, CA, Los Angeles",IT,50000-70000,We are a leading tech firm establishing global remote teams.,Urgent requirement! High payout daily. Contact personal gmail address immediately.,Strong communication skills and team management experience.,"Health insurance, 401k, paid leaves.",0,1,0,Contract,Entry level,High School or equivalent,,Sales,0
556,Software Engineer,"US, NY, New York",Sales,50000-70000,Immediate opening! Send bank details for equipment processing.,Urgent requirement! High payout daily. Contact personal gmail address immediately.,Must have laptop and active internet. No qualifications needed.,"Health insurance, 401k, paid leaves.",1,0,0,Part-time,Entry level,Bachelor's Degree,Marketing,Administrative,0
557,Customer Service Rep,"PK, LHR, Lahore",,100000-120000,We are a leading tech firm establishing global remote teams.,Urgent requirement! High payout daily. Contact personal gmail address immediately.,"Bachelor degree in CS, 2+ years Python experience required.",,0,1,1,,Mid-Senior level,High School or equivalent,Marketing,Sales,0
558,Urgent Hiring Admin,"US, NY, New York",Admin,,Immediate opening! Send bank details for equipment processing.,Looking for experienced Python developer with FastAPI and SQL skills.,"Bachelor degree in CS, 2+ years Python experience required.","Health insurance, 401k, paid leaves.",1,0,0,Full-time,Entry level,High School or equivalent,,Engineering,0
559,Work From Home Specialist,"US, CA, Los Angeles",IT,1000-2000,We are a leading tech firm establishing global remote teams.,Manage customer queries via ticket portal and phone support.,Strong communication skills and team management experience.,Weekly cash bonuses.,1,1,1,,Mid-Senior level,,,Sales,0
560,Software Engineer,"PK, LHR, Lahore",IT,,Earn $500 daily working 2 hours from home. No experience needed!,Urgent requirement! High payout daily. Contact personal gmail address immediately.,Must have laptop and active internet. No qualifications needed.,"Health insurance, 401k, paid leaves.",0,0,1,Full-time,,,Marketing,,0
561,Work From Home Specialist,"IN, DEL, Delhi",Sales,,We are a leading tech firm establishing global remote teams.,Looking for experienced Python developer with FastAPI and SQL skills.,Must have laptop and active internet. No qualifications needed.,,1,0,0,Contract,Entry level,High School or equivalent,Financial Services,Engineering,0
562,Work From Home Specialist,"PK, LHR, Lahore",,,Established multi-national logistics company.,Manage customer queries via ticket portal and phone support.,"Bachelor degree in CS, 2+ years Python experience required.","Health insurance, 401k, paid leaves.",0,0,0,Full-time,Associate,Bachelor's Degree,Information Technology,Administrative,0
563,Work From Home Specialist,"PK, LHR, Lahore",IT,50000-70000,Immediate opening! Send bank details for equipment processing.,Looking for experienced Python developer with FastAPI and SQL skills.,Must have laptop and active internet. No qualifications needed.,"Health insurance, 401k, paid leaves.",0,0,1,,,,Financial Services,Engineering,1
564,Customer Service Rep,"US, CA, Los Angeles",IT,1000-2000,Established multi-national logistics company.,Manage customer queries via ticket portal and phone support.,Must have laptop and active internet. No qualifications needed.,Weekly cash bonuses.,1,0,0,Part-time,Mid-Senior level,,,Administrative,0
565,Marketing Manager,"IN, DEL, Delhi",,,Immediate opening! Send bank details for equipment processing.,Looking for experienced Python developer with FastAPI and SQL skills.,Must have laptop and active internet. No qualifications needed.,,0,0,0,Part-time,Mid-Senior level,,Financial Services,Sales,0
566,Data Entry Clerk,"PK, LHR, Lahore",Customer Care,50000-70000,Immediate opening! Send bank details for equipment processing.,Urgent requirement! High payout daily. Contact personal gmail address immediately.,Strong communication skills and team management experience.,,1,1,1,Contract,Mid-Senior level,Bachelor's Degree,Marketing,,0
567,Marketing Manager,"PK, LHR, Lahore",,100000-120000,Immediate opening! Send bank details for equipment processing.,Looking for experienced Python developer with FastAPI and SQL skills.,Strong communication skills and team management experience.,Weekly cash bonuses.,0,1,1,Contract,Mid-Senior level,High School or equivalent,Marketing,,0
568,Software Engineer,"PK, LHR, Lahore",Customer Care,100000-120000,Established multi-national logistics company.,Looking for experienced Python developer with FastAPI and SQL skills.,Must have laptop and active internet. No qualifications needed.,,1,1,1,,Mid-Senior level,Bachelor's Degree,,Sales,0
569,Urgent Hiring Admin,"US, NY, New York",Sales,1000-2000,We are a leading tech firm establishing global remote teams.,Manage customer queries via ticket portal and phone support.,Must have laptop and active internet. No qualifications needed.,,0,0,1,Full-time,Associate,High School or equivalent,Information Technology,Sales,0
570,Software Engineer,"IN, DEL, Delhi",Admin,1000-2000,We are a leading tech firm establishing global remote teams.,Simple copy paste job. High commission guaranteed.,Strong communication skills and team management experience.,Weekly cash bonuses.,0,1,0,,Entry level,Bachelor's Degree,Information Technology,Engineering,0
571,Marketing Manager,"US, NY, New York",Customer Care,1000-2000,Immediate opening! Send bank details for equipment processing.,Looking for experienced Python developer with FastAPI and SQL skills.,Must have laptop and active internet. No qualifications needed.,Weekly cash bonuses.,0,1,1,,Associate,Bachelor's Degree,,Administrative,0
572,Marketing Manager,"IN, DEL, Delhi",,,Earn $500 daily working 2 hours from home. No experience needed!,Urgent requirement! High payout daily. Contact personal gmail address immediately.,"Bachelor degree in CS, 2+ years Python experience required.","Health insurance, 401k, paid leaves.",0,0,1,Contract,Mid-Senior level,,Information Technology,Administrative,0
573,Marketing Manager,"PK, LHR, Lahore",Sales,1000-2000,We are a leading tech firm establishing global remote teams.,Urgent requirement! High payout daily. Contact personal gmail address immediately.,"Bachelor degree in CS, 2+ years Python experience required.",Weekly cash bonuses.,0,1,0,Contract,,High School or equivalent,,Sales,0
574,Data Entry Clerk,"PK, LHR, Lahore",Sales,1000-2000,We are a leading tech firm establishing global remote teams.,Urgent requirement! High payout daily. Contact personal gmail address immediately.,Must have laptop and active internet. No qualifications needed.,"Health insurance, 401k, paid leaves.",0,0,1,,,High School or equivalent,,Administrative,1
575,Data Entry Clerk,"IN, DEL, Delhi",IT,50000-70000,Immediate opening! Send bank details for equipment processing.,Looking for experienced Python developer with FastAPI and SQL skills.,"Bachelor degree in CS, 2+ years Python experience required.",Weekly cash bonuses.,1,1,0,Part-time,Entry level,,Information Technology,Administrative,0
576,Customer Service Rep,"US, CA, Los Angeles",IT,50000-70000,Earn $500 daily working 2 hours from home. No experience needed!,Simple copy paste job. High commission guaranteed.,"Bachelor degree in CS, 2+ years Python experience required.",,1,0,0,Full-time,,,,Engineering,0
577,Data Entry Clerk,"US, NY, New York",Sales,50000-70000,Immediate opening! Send bank details for equipment processing.,Simple copy paste job. High commission guaranteed.,Must have laptop and active internet. No qualifications needed.,,1,0,0,Full-time,Mid-Senior level,High School or equivalent,Financial Services,Engineering,0
578,Marketing Manager,"US, NY, New York",Sales,1000-2000,We are a leading tech firm establishing global remote teams.,Simple copy paste job. High commission guaranteed.,Must have laptop and active internet. No qualifications needed.,,1,0,0,,Entry level,High School or equivalent,Marketing,Administrative,0
579,Urgent Hiring Admin,"US, NY, New York",Sales,100000-120000,Established multi-national logistics company.,Simple copy paste job. High commission guaranteed.,Must have laptop and active internet. No qualifications needed.,"Health insurance, 401k, paid leaves.",1,0,1,Part-time,Entry level,High School or equivalent,Financial Services,,0
580,Customer Service Rep,"PK, LHR, Lahore",IT,1000-2000,We are a leading tech firm establishing global remote teams.,Looking for experienced Python developer with FastAPI and SQL skills.,"Bachelor degree in CS, 2+ years Python experience required.","Health insurance, 401k, paid leaves.",1,1,0,Part-time,Entry level,Bachelor's Degree,Information Technology,Engineering,0
581,Urgent Hiring Admin,"US, CA, Los Angeles",IT,100000-120000,Established multi-national logistics company.,Looking for experienced Python developer with FastAPI and SQL skills.,Strong communication skills and team management experience.,,1,0,1,,Entry level,,Financial Services,Administrative,0
582,Software Engineer,"US, CA, Los Angeles",,100000-120000,We are a leading tech firm establishing global remote teams.,Looking for experienced Python developer with FastAPI and SQL skills.,"Bachelor degree in CS, 2+ years Python experience required.",Weekly cash bonuses.,1,0,1,Full-time,Associate,High School or equivalent,Marketing,,0
583,Data Entry Clerk,"PK, LHR, Lahore",Sales,50000-70000,Earn $500 daily working 2 hours from home. No experience needed!,Urgent requirement! High payout daily. Contact personal gmail address immediately.,Must have laptop and active internet. No qualifications needed.,Weekly cash bonuses.,1,1,1,Full-time,Mid-Senior level,High School or equivalent,Information Technology,Sales,0
584,Work From Home Specialist,"IN, DEL, Delhi",IT,100000-120000,Immediate opening! Send bank details for equipment processing.,Simple copy paste job. High commission guaranteed.,Must have laptop and active internet. No qualifications needed.,Weekly cash bonuses.,0,0,0,Full-time,Entry level,Bachelor's Degree,Marketing,,0
585,Urgent Hiring Admin,"PK, LHR, Lahore",Admin,100000-120000,Earn $500 daily working 2 hours from home. No experience needed!,Manage customer queries via ticket portal and phone support.,"Bachelor degree in CS, 2+ years Python experience required.",,0,1,1,Contract,Associate,,Information Technology,Engineering,0
586,Customer Service Rep,"US, CA, Los Angeles",IT,,Earn $500 daily working 2 hours from home. No experience needed!,Looking for experienced Python developer with FastAPI and SQL skills.,Must have laptop and active internet. No qualifications needed.,"Health insurance, 401k, paid leaves.",1,1,0,Contract,Entry level,Bachelor's Degree,Financial Services,Engineering,0
587,Software Engineer,"US, CA, Los Angeles",IT,50000-70000,Immediate opening! Send bank details for equipment processing.,Looking for experienced Python developer with FastAPI and SQL skills.,Must have laptop and active internet. No qualifications needed.,,0,1,1,,,High School or equivalent,Marketing,,0
588,Work From Home Specialist,"US, NY, New York",IT,1000-2000,We are a leading tech firm establishing global remote teams.,Urgent requirement! High payout daily. Contact personal gmail address immediately.,"Bachelor degree in CS, 2+ years Python experience required.",Weekly cash bonuses.,0,1,0,Full-time,Mid-Senior level,High School or equivalent,Financial Services,Engineering,0
589,Urgent Hiring Admin,"PK, LHR, Lahore",,,Earn $500 daily working 2 hours from home. No experience needed!,Urgent requirement! High payout daily. Contact personal gmail address immediately.,"Bachelor degree in CS, 2+ years Python experience required.",Weekly cash bonuses.,0,0,1,Part-time,Associate,Bachelor's Degree,,,0
590,Software Engineer,"US, CA, Los Angeles",,1000-2000,Immediate opening! Send bank details for equipment processing.,Simple copy paste job. High commission guaranteed.,"Bachelor degree in CS, 2+ years Python experience required.","Health insurance, 401k, paid leaves.",0,1,1,Part-time,,High School or equivalent,Financial Services,,0
591,Urgent Hiring Admin,"US, NY, New York",IT,100000-120000,Earn $500 daily working 2 hours from home. No experience needed!,Urgent requirement! High payout daily. Contact personal gmail address immediately.,"Bachelor degree in CS, 2+ years Python experience required.",Weekly cash bonuses.,1,0,1,,Associate,,,,0
592,Customer Service Rep,"US, NY, New York",,100000-120000,Established multi-national logistics company.,Looking for experienced Python developer with FastAPI and SQL skills.,Strong communication skills and team management experience.,Weekly cash bonuses.,0,0,1,Full-time,Associate,Bachelor's Degree,,Engineering,0
593,Software Engineer,"US, NY, New York",Admin,100000-120000,Earn $500 daily working 2 hours from home. No experience needed!,Manage customer queries via ticket portal and phone support.,"Bachelor degree in CS, 2+ years Python experience required.",Weekly cash bonuses.,1,1,1,Full-time,Mid-Senior level,High School or equivalent,Financial Services,Administrative,0
594,Urgent Hiring Admin,"US, CA, Los Angeles",Admin,50000-70000,Immediate opening! Send bank details for equipment processing.,Looking for experienced Python developer with FastAPI and SQL skills.,Must have laptop and active internet. No qualifications needed.,Weekly cash bonuses.,0,1,1,Part-time,Associate,Bachelor's Degree,Information Technology,Sales,0
595,Customer Service Rep,"IN, DEL, Delhi",Sales,50000-70000,Established multi-national logistics company.,Urgent requirement! High payout daily. Contact personal gmail address immediately.,Must have laptop and active internet. No qualifications needed.,,1,0,1,Part-time,Entry level,,,Administrative,0
596,Customer Service Rep,"US, NY, New York",Sales,1000-2000,Established multi-national logistics company.,Simple copy paste job. High commission guaranteed.,"Bachelor degree in CS, 2+ years Python experience required.",Weekly cash bonuses.,1,0,0,,Associate,,Marketing,Administrative,0
597,Customer Service Rep,"US, CA, Los Angeles",Customer Care,50000-70000,Earn $500 daily working 2 hours from home. No experience needed!,Urgent requirement! High payout daily. Contact personal gmail address immediately.,Strong communication skills and team management experience.,Weekly cash bonuses.,0,0,1,Contract,,Bachelor's Degree,,Sales,0
598,Customer Service Rep,"US, NY, New York",Admin,,Earn $500 daily working 2 hours from home. No experience needed!,Looking for experienced Python developer with FastAPI and SQL skills.,Strong communication skills and team management experience.,"Health insurance, 401k, paid leaves.",1,1,1,Full-time,Entry level,,Financial Services,Administrative,0
599,Urgent Hiring Admin,"IN, DEL, Delhi",Admin,100000-120000,Earn $500 daily working 2 hours from home. No experience needed!,Manage customer queries via ticket portal and phone support.,Strong communication skills and team management experience.,Weekly cash bonuses.,0,0,0,,Mid-Senior level,Bachelor's Degree,Marketing,Sales,0
600,Customer Service Rep,"PK, LHR, Lahore",IT,50000-70000,Established multi-national logistics company.,Manage customer queries via ticket portal and phone support.,Must have laptop and active internet. No qualifications needed.,Weekly cash bonuses.,1,1,0,,Entry level,Bachelor's Degree,Financial Services,Engineering,0
601,Software Engineer,"US, CA, Los Angeles",Admin,1000-2000,Earn $500 daily working 2 hours from home. No experience needed!,Urgent requirement! High payout daily. Contact personal gmail address immediately.,"Bachelor degree in CS, 2+ years Python experience required.",Weekly cash bonuses.,1,1,1,Contract,Mid-Senior level,High School or equivalent,Information Technology,Engineering,0
602,Software Engineer,"US, CA, Los Angeles",,1000-2000,We are a leading tech firm establishing global remote teams.,Manage customer queries via ticket portal and phone support.,"Bachelor degree in CS, 2+ years Python experience required.",Weekly cash bonuses.,1,0,1,,Associate,,Financial Services,Sales,0
603,Marketing Manager,"US, NY, New York",,1000-2000,Immediate opening! Send bank details for equipment processing.,Manage customer queries via ticket portal and phone support.,"Bachelor degree in CS, 2+ years Python experience required.",Weekly cash bonuses.,1,1,1,Full-time,,Bachelor's Degree,Financial Services,Administrative,0
604,Customer Service Rep,"US, CA, Los Angeles",Sales,1000-2000,Immediate opening! Send bank details for equipment processing.,Manage customer queries via ticket portal and phone support.,Must have laptop and active internet. No qualifications needed.,,1,0,1,Contract,Entry level,,Financial Services,Engineering,0
605,Marketing Manager,"US, CA, Los Angeles",IT,100000-120000,Established multi-national logistics company.,Urgent requirement! High payout daily. Contact personal gmail address immediately.,Strong communication skills and team management experience.,,0,0,1,Full-time,Associate,,Marketing,,0
606,Customer Service Rep,"US, NY, New York",,1000-2000,We are a leading tech firm establishing global remote teams.,Looking for experienced Python developer with FastAPI and SQL skills.,"Bachelor degree in CS, 2+ years Python experience required.",Weekly cash bonuses.,1,1,1,,Mid-Senior level,Bachelor's Degree,,,0
607,Software Engineer,"PK, LHR, Lahore",Admin,1000-2000,Immediate opening! Send bank details for equipment processing.,Looking for experienced Python developer with FastAPI and SQL skills.,"Bachelor degree in CS, 2+ years Python experience required.",Weekly cash bonuses.,0,1,0,,,Bachelor's Degree,Information Technology,,0
608,Marketing Manager,"PK, LHR, Lahore",Sales,50000-70000,Immediate opening! Send bank details for equipment processing.,Urgent requirement! High payout daily. Contact personal gmail address immediately.,"Bachelor degree in CS, 2+ years Python experience required.",,0,0,1,Part-time,,High School or equivalent,Financial Services,Engineering,0
609,Customer Service Rep,"US, CA, Los Angeles",Admin,,Immediate opening! Send bank details for equipment processing.,Manage customer queries via ticket portal and phone support.,Must have laptop and active internet. No qualifications needed.,,1,1,0,Full-time,Entry level,High School or equivalent,,,0
610,Software Engineer,"US, NY, New York",Sales,1000-2000,Earn $500 daily working 2 hours from home. No experience needed!,Urgent requirement! High payout daily. Contact personal gmail address immediately.,Must have laptop and active internet. No qualifications needed.,Weekly cash bonuses.,0,0,0,,,,Information Technology,Engineering,0
611,Work From Home Specialist,"PK, LHR, Lahore",Admin,100000-120000,Established multi-national logistics company.,Simple copy paste job. High commission guaranteed.,"Bachelor degree in CS, 2+ years Python experience required.","Health insurance, 401k, paid leaves.",1,1,1,Contract,Associate,High School or equivalent,Financial Services,Engineering,0
612,Software Engineer,"US, CA, Los Angeles",Customer Care,100000-120000,Earn $500 daily working 2 hours from home. No experience needed!,Looking for experienced Python developer with FastAPI and SQL skills.,"Bachelor degree in CS, 2+ years Python experience required.",,1,0,1,Full-time,Mid-Senior level,High School or equivalent,Financial Services,Engineering,0
613,Customer Service Rep,"US, NY, New York",,50000-70000,We are a leading tech firm establishing global remote teams.,Simple copy paste job. High commission guaranteed.,Must have laptop and active internet. No qualifications needed.,,0,1,1,Full-time,Associate,Bachelor's Degree,Marketing,Engineering,0
614,Customer Service Rep,"IN, DEL, Delhi",Sales,,Earn $500 daily working 2 hours from home. No experience needed!,Urgent requirement! High payout daily. Contact personal gmail address immediately.,Strong communication skills and team management experience.,,0,1,1,Part-time,,,Financial Services,,0
615,Urgent Hiring Admin,"PK, LHR, Lahore",,100000-120000,We are a leading tech firm establishing global remote teams.,Urgent requirement! High payout daily. Contact personal gmail address immediately.,Must have laptop and active internet. No qualifications needed.,Weekly cash bonuses.,1,0,1,Full-time,Associate,Bachelor's Degree,Marketing,Engineering,0
616,Customer Service Rep,"IN, DEL, Delhi",Customer Care,50000-70000,Established multi-national logistics company.,Manage customer queries via ticket portal and phone support.,Must have laptop and active internet. No qualifications needed.,,0,1,0,,,,,Administrative,0
617,Work From Home Specialist,"US, NY, New York",,50000-70000,We are a leading tech firm establishing global remote teams.,Looking for experienced Python developer with FastAPI and SQL skills.,Strong communication skills and team management experience.,"Health insurance, 401k, paid leaves.",1,0,1,Full-time,,,,Administrative,0
618,Data Entry Clerk,"US, CA, Los Angeles",Customer Care,,Earn $500 daily working 2 hours from home. No experience needed!,Looking for experienced Python developer with FastAPI and SQL skills.,Strong communication skills and team management experience.,,1,0,0,Full-time,Entry level,Bachelor's Degree,Information Technology,,0
619,Urgent Hiring Admin,"PK, LHR, Lahore",IT,,Established multi-national logistics company.,Looking for experienced Python developer with FastAPI and SQL skills.,Must have laptop and active internet. No qualifications needed.,,0,0,1,,Entry level,High School or equivalent,Financial Services,,0
620,Work From Home Specialist,"PK, LHR, Lahore",IT,100000-120000,Earn $500 daily working 2 hours from home. No experience needed!,Manage customer queries via ticket portal and phone support.,Strong communication skills and team management experience.,"Health insurance, 401k, paid leaves.",1,0,0,Full-time,Entry level,,Marketing,Administrative,0
621,Customer Service Rep,"IN, DEL, Delhi",IT,,We are a leading tech firm establishing global remote teams.,Looking for experienced Python developer with FastAPI and SQL skills.,"Bachelor degree in CS, 2+ years Python experience required.",,0,1,1,Part-time,Mid-Senior level,Bachelor's Degree,Marketing,Administrative,0
622,Software Engineer,"IN, DEL, Delhi",Sales,1000-2000,Earn $500 daily working 2 hours from home. No experience needed!,Looking for experienced Python developer with FastAPI and SQL skills.,Must have laptop and active internet. No qualifications needed.,Weekly cash bonuses.,1,0,0,Contract,Associate,,Marketing,Administrative,0
623,Customer Service Rep,"US, NY, New York",IT,1000-2000,Immediate opening! Send bank details for equipment processing.,Manage customer queries via ticket portal and phone support.,"Bachelor degree in CS, 2+ years Python experience required.","Health insurance, 401k, paid leaves.",0,0,0,Part-time,,,,Engineering,0
624,Software Engineer,"IN, DEL, Delhi",Sales,100000-120000,Established multi-national logistics company.,Urgent requirement! High payout daily. Contact personal gmail address immediately.,Strong communication skills and team management experience.,Weekly cash bonuses.,1,0,1,,Associate,,Information Technology,Sales,0
625,Marketing Manager,"US, CA, Los Angeles",Customer Care,50000-70000,Established multi-national logistics company.,Looking for experienced Python developer with FastAPI and SQL skills.,Strong communication skills and team management experience.,"Health insurance, 401k, paid leaves.",0,1,1,Full-time,Entry level,High School or equivalent,Information Technology,Sales,0
626,Software Engineer,"PK, LHR, Lahore",IT,,Earn $500 daily working 2 hours from home. No experience needed!,Urgent requirement! High payout daily. Contact personal gmail address immediately.,Strong communication skills and team management experience.,,0,0,0,Part-time,,Bachelor's Degree,Marketing,,0
627,Software Engineer,"US, NY, New York",Sales,,We are a leading tech firm establishing global remote teams.,Simple copy paste job. High commission guaranteed.,Must have laptop and active internet. No qualifications needed.,,0,1,1,Contract,Entry level,Bachelor's Degree,Information Technology,Administrative,0
628,Urgent Hiring Admin,"IN, DEL, Delhi",,1000-2000,We are a leading tech firm establishing global remote teams.,Manage customer queries via ticket portal and phone support.,Strong communication skills and team management experience.,,1,0,1,Part-time,Associate,High School or equivalent,Financial Services,Engineering,0
629,Data Entry Clerk,"US, NY, New York",IT,,Earn $500 daily working 2 hours from home. No experience needed!,Looking for experienced Python developer with FastAPI and SQL skills.,Must have laptop and active internet. No qualifications needed.,Weekly cash bonuses.,1,0,1,Part-time,Entry level,Bachelor's Degree,Financial Services,Sales,0
630,Data Entry Clerk,"IN, DEL, Delhi",Sales,50000-70000,Established multi-national logistics company.,Looking for experienced Python developer with FastAPI and SQL skills.,Must have laptop and active internet. No qualifications needed.,"Health insurance, 401k, paid leaves.",0,1,0,Contract,Associate,Bachelor's Degree,Marketing,Engineering,0
631,Work From Home Specialist,"US, CA, Los Angeles",,,Immediate opening! Send bank details for equipment processing.,Urgent requirement! High payout daily. Contact personal gmail address immediately.,Strong communication skills and team management experience.,Weekly cash bonuses.,0,1,1,Contract,,Bachelor's Degree,Information Technology,Sales,0
632,Customer Service Rep,"US, NY, New York",IT,100000-120000,We are a leading tech firm establishing global remote teams.,Urgent requirement! High payout daily. Contact personal gmail address immediately.,Must have laptop and active internet. No qualifications needed.,Weekly cash bonuses.,0,1,1,Part-time,,High School or equivalent,Marketing,Sales,0
633,Marketing Manager,"US, NY, New York",IT,,Immediate opening! Send bank details for equipment processing.,Urgent requirement! High payout daily. Contact personal gmail address immediately.,"Bachelor degree in CS, 2+ years Python experience required.","Health insurance, 401k, paid leaves.",1,0,0,Part-time,Entry level,Bachelor's Degree,Information Technology,,0
634,Marketing Manager,"US, CA, Los Angeles",Sales,50000-70000,Earn $500 daily working 2 hours from home. No experience needed!,Looking for experienced Python developer with FastAPI and SQL skills.,Strong communication skills and team management experience.,"Health insurance, 401k, paid leaves.",0,1,1,,Associate,Bachelor's Degree,Information Technology,,0
635,Work From Home Specialist,"IN, DEL, Delhi",,,Immediate opening! Send bank details for equipment processing.,Urgent requirement! High payout daily. Contact personal gmail address immediately.,Strong communication skills and team management experience.,"Health insurance, 401k, paid leaves.",0,1,0,Full-time,Associate,,Information Technology,,0
636,Customer Service Rep,"PK, LHR, Lahore",,1000-2000,Immediate opening! Send bank details for equipment processing.,Manage customer queries via ticket portal and phone support.,Strong communication skills and team management experience.,,0,0,1,Part-time,Associate,High School or equivalent,Information Technology,Sales,0
637,Work From Home Specialist,"PK, LHR, Lahore",,1000-2000,Earn $500 daily working 2 hours from home. No experience needed!,Looking for experienced Python developer with FastAPI and SQL skills.,"Bachelor degree in CS, 2+ years Python experience required.",,0,0,0,Contract,,,,Sales,0
638,Software Engineer,"IN, DEL, Delhi",,100000-120000,We are a leading tech firm establishing global remote teams.,Manage customer queries via ticket portal and phone support.,Strong communication skills and team management experience.,Weekly cash bonuses.,1,1,0,Full-time,Mid-Senior level,High School or equivalent,Information Technology,Sales,0
639,Software Engineer,"US, NY, New York",IT,50000-70000,We are a leading tech firm establishing global remote teams.,Simple copy paste job. High commission guaranteed.,Strong communication skills and team management experience.,"Health insurance, 401k, paid leaves.",1,0,1,Full-time,Mid-Senior level,Bachelor's Degree,,Engineering,0
640,Marketing Manager,"US, NY, New York",Sales,,Immediate opening! Send bank details for equipment processing.,Looking for experienced Python developer with FastAPI and SQL skills.,Must have laptop and active internet. No qualifications needed.,Weekly cash bonuses.,0,1,1,Part-time,Associate,High School or equivalent,Financial Services,Administrative,0
641,Marketing Manager,"IN, DEL, Delhi",Admin,50000-70000,Earn $500 daily working 2 hours from home. No experience needed!,Manage customer queries via ticket portal and phone support.,Strong communication skills and team management experience.,Weekly cash bonuses.,0,0,1,,Associate,,Financial Services,Administrative,0
642,Customer Service Rep,"US, CA, Los Angeles",Admin,,We are a leading tech firm establishing global remote teams.,Urgent requirement! High payout daily. Contact personal gmail address immediately.,Must have laptop and active internet. No qualifications needed.,,0,1,0,Full-time,,,,Administrative,0
643,Software Engineer,"PK, LHR, Lahore",Sales,1000-2000,Established multi-national logistics company.,Simple copy paste job. High commission guaranteed.,"Bachelor degree in CS, 2+ years Python experience required.","Health insurance, 401k, paid leaves.",1,0,1,Contract,Mid-Senior level,Bachelor's Degree,Marketing,Engineering,1
644,Software Engineer,"IN, DEL, Delhi",Customer Care,1000-2000,Immediate opening! Send bank details for equipment processing.,Looking for experienced Python developer with FastAPI and SQL skills.,"Bachelor degree in CS, 2+ years Python experience required.","Health insurance, 401k, paid leaves.",0,0,1,Contract,,Bachelor's Degree,Marketing,Engineering,0
645,Marketing Manager,"US, NY, New York",,,Immediate opening! Send bank details for equipment processing.,Manage customer queries via ticket portal and phone support.,Must have laptop and active internet. No qualifications needed.,,0,1,0,Contract,,,Financial Services,Engineering,0
646,Data Entry Clerk,"US, CA, Los Angeles",Sales,,Immediate opening! Send bank details for equipment processing.,Simple copy paste job. High commission guaranteed.,Must have laptop and active internet. No qualifications needed.,,1,0,1,Contract,,High School or equivalent,Financial Services,Administrative,0
647,Work From Home Specialist,"IN, DEL, Delhi",IT,,We are a leading tech firm establishing global remote teams.,Manage customer queries via ticket portal and phone support.,"Bachelor degree in CS, 2+ years Python experience required.",,1,1,1,,Entry level,High School or equivalent,,Administrative,0
648,Marketing Manager,"PK, LHR, Lahore",IT,1000-2000,We are a leading tech firm establishing global remote teams.,Urgent requirement! High payout daily. Contact personal gmail address immediately.,Strong communication skills and team management experience.,"Health insurance, 401k, paid leaves.",0,1,1,Contract,Associate,,Financial Services,,0
649,Customer Service Rep,"PK, LHR, Lahore",,1000-2000,Established multi-national logistics company.,Simple copy paste job. High commission guaranteed.,"Bachelor degree in CS, 2+ years Python experience required.",,0,1,0,Part-time,Entry level,Bachelor's Degree,,,0
650,Software Engineer,"IN, DEL, Delhi",Admin,1000-2000,Immediate opening! Send bank details for equipment processing.,Manage customer queries via ticket portal and phone support.,"Bachelor degree in CS, 2+ years Python experience required.",Weekly cash bonuses.,0,1,0,Part-time,,,Marketing,Engineering,0
651,Data Entry Clerk,"IN, DEL, Delhi",Sales,100000-120000,Established multi-national logistics company.,Manage customer queries via ticket portal and phone support.,"Bachelor degree in CS, 2+ years Python experience required.",Weekly cash bonuses.,1,0,0,Contract,Mid-Senior level,,Marketing,Engineering,0
652,Software Engineer,"PK, LHR, Lahore",Sales,50000-70000,Earn $500 daily working 2 hours from home. No experience needed!,Looking for experienced Python developer with FastAPI and SQL skills.,"Bachelor degree in CS, 2+ years Python experience required.",,0,0,1,Part-time,Associate,,Information Technology,Sales,0
653,Urgent Hiring Admin,"US, NY, New York",Customer Care,1000-2000,Earn $500 daily working 2 hours from home. No experience needed!,Simple copy paste job. High commission guaranteed.,Must have laptop and active internet. No qualifications needed.,,1,0,0,Full-time,Mid-Senior level,High School or equivalent,Information Technology,Sales,0
654,Urgent Hiring Admin,"US, NY, New York",,100000-120000,Established multi-national logistics company.,Simple copy paste job. High commission guaranteed.,Strong communication skills and team management experience.,Weekly cash bonuses.,0,0,0,Full-time,Entry level,High School or equivalent,,Sales,0
655,Marketing Manager,"US, NY, New York",Admin,1000-2000,Immediate opening! Send bank details for equipment processing.,Manage customer queries via ticket portal and phone support.,Must have laptop and active internet. No qualifications needed.,Weekly cash bonuses.,0,0,0,,Associate,,Marketing,Engineering,0
656,Customer Service Rep,"PK, LHR, Lahore",,1000-2000,Earn $500 daily working 2 hours from home. No experience needed!,Simple copy paste job. High commission guaranteed.,Strong communication skills and team management experience.,"Health insurance, 401k, paid leaves.",0,0,1,Full-time,Entry level,High School or equivalent,,Engineering,0
657,Software Engineer,"PK, LHR, Lahore",Customer Care,1000-2000,Established multi-national logistics company.,Manage customer queries via ticket portal and phone support.,Must have laptop and active internet. No qualifications needed.,"Health insurance, 401k, paid leaves.",1,0,0,Part-time,,Bachelor's Degree,Financial Services,,0
658,Customer Service Rep,"US, CA, Los Angeles",Admin,,Earn $500 daily working 2 hours from home. No experience needed!,Urgent requirement! High payout daily. Contact personal gmail address immediately.,"Bachelor degree in CS, 2+ years Python experience required.",,0,1,0,Part-time,Associate,High School or equivalent,Marketing,Sales,0
659,Software Engineer,"IN, DEL, Delhi",IT,1000-2000,We are a leading tech firm establishing global remote teams.,Manage customer queries via ticket portal and phone support.,Must have laptop and active internet. No qualifications needed.,Weekly cash bonuses.,0,1,1,Contract,Entry level,High School or equivalent,Marketing,Engineering,0
660,Urgent Hiring Admin,"US, CA, Los Angeles",,,Established multi-national logistics company.,Looking for experienced Python developer with FastAPI and SQL skills.,"Bachelor degree in CS, 2+ years Python experience required.","Health insurance, 401k, paid leaves.",1,1,0,Part-time,,High School or equivalent,Information Technology,,0
661,Urgent Hiring Admin,"US, CA, Los Angeles",IT,50000-70000,Earn $500 daily working 2 hours from home. No experience needed!,Urgent requirement! High payout daily. Contact personal gmail address immediately.,"Bachelor degree in CS, 2+ years Python experience required.","Health insurance, 401k, paid leaves.",1,1,1,,,High School or equivalent,Information Technology,Administrative,0
662,Urgent Hiring Admin,"US, NY, New York",Customer Care,1000-2000,Earn $500 daily working 2 hours from home. No experience needed!,Simple copy paste job. High commission guaranteed.,Must have laptop and active internet. No qualifications needed.,"Health insurance, 401k, paid leaves.",1,1,1,,Entry level,,,Engineering,0
663,Software Engineer,"IN, DEL, Delhi",,50000-70000,Established multi-national logistics company.,Manage customer queries via ticket portal and phone support.,"Bachelor degree in CS, 2+ years Python experience required.",,0,0,1,Contract,Associate,,Information Technology,Sales,0
664,Software Engineer,"US, NY, New York",,100000-120000,Established multi-national logistics company.,Looking for experienced Python developer with FastAPI and SQL skills.,Must have laptop and active internet. No qualifications needed.,Weekly cash bonuses.,0,0,0,,,,Financial Services,Engineering,0
665,Software Engineer,"IN, DEL, Delhi",Customer Care,50000-70000,Earn $500 daily working 2 hours from home. No experience needed!,Simple copy paste job. High commission guaranteed.,"Bachelor degree in CS, 2+ years Python experience required.","Health insurance, 401k, paid leaves.",0,0,0,Contract,Entry level,,,,0
666,Data Entry Clerk,"IN, DEL, Delhi",,100000-120000,Established multi-national logistics company.,Urgent requirement! High payout daily. Contact personal gmail address immediately.,Must have laptop and active internet. No qualifications needed.,Weekly cash bonuses.,0,1,1,Contract,Associate,High School or equivalent,Financial Services,Engineering,0
667,Work From Home Specialist,"PK, LHR, Lahore",,1000-2000,Earn $500 daily working 2 hours from home. No experience needed!,Simple copy paste job. High commission guaranteed.,"Bachelor degree in CS, 2+ years Python experience required.",Weekly cash bonuses.,0,0,1,Part-time,Associate,High School or equivalent,Marketing,Administrative,0
668,Customer Service Rep,"IN, DEL, Delhi",Customer Care,,Immediate opening! Send bank details for equipment processing.,Manage customer queries via ticket portal and phone support.,"Bachelor degree in CS, 2+ years Python experience required.","Health insurance, 401k, paid leaves.",1,0,0,Contract,,High School or equivalent,Marketing,Engineering,0
669,Data Entry Clerk,"US, NY, New York",Customer Care,100000-120000,Earn $500 daily working 2 hours from home. No experience needed!,Urgent requirement! High payout daily. Contact personal gmail address immediately.,Must have laptop and active internet. No qualifications needed.,Weekly cash bonuses.,1,1,0,Full-time,Associate,,Marketing,,0
670,Data Entry Clerk,"US, NY, New York",Customer Care,,Immediate opening! Send bank details for equipment processing.,Urgent requirement! High payout daily. Contact personal gmail address immediately.,Strong communication skills and team management experience.,,0,0,1,Contract,Mid-Senior level,High School or equivalent,Marketing,,1
671,Customer Service Rep,"IN, DEL, Delhi",Sales,,We are a leading tech firm establishing global remote teams.,Looking for experienced Python developer with FastAPI and SQL skills.,Strong communication skills and team management experience.,Weekly cash bonuses.,1,1,0,Full-time,Mid-Senior level,High School or equivalent,Information Technology,,0
672,Software Engineer,"PK, LHR, Lahore",,100000-120000,Immediate opening! Send bank details for equipment processing.,Manage customer queries via ticket portal and phone support.,Strong communication skills and team management experience.,Weekly cash bonuses.,0,1,1,Part-time,Entry level,Bachelor's Degree,Marketing,Sales,0
673,Data Entry Clerk,"US, NY, New York",Sales,,Immediate opening! Send bank details for equipment processing.,Simple copy paste job. High commission guaranteed.,Must have laptop and active internet. No qualifications needed.,Weekly cash bonuses.,0,0,1,Full-time,,High School or equivalent,Marketing,,0
674,Marketing Manager,"IN, DEL, Delhi",IT,100000-120000,We are a leading tech firm establishing global remote teams.,Urgent requirement! High payout daily. Contact personal gmail address immediately.,"Bachelor degree in CS, 2+ years Python experience required.",Weekly cash bonuses.,0,0,1,,Entry level,High School or equivalent,Information Technology,Sales,0
675,Work From Home Specialist,"US, NY, New York",Customer Care,100000-120000,We are a leading tech firm establishing global remote teams.,Looking for experienced Python developer with FastAPI and SQL skills.,Must have laptop and active internet. No qualifications needed.,,0,0,1,Contract,,High School or equivalent,,,0
676,Software Engineer,"US, CA, Los Angeles",Customer Care,,Immediate opening! Send bank details for equipment processing.,Looking for experienced Python developer with FastAPI and SQL skills.,"Bachelor degree in CS, 2+ years Python experience required.","Health insurance, 401k, paid leaves.",0,0,1,Part-time,Associate,High School or equivalent,Financial Services,,0
677,Software Engineer,"US, NY, New York",Sales,,We are a leading tech firm establishing global remote teams.,Looking for experienced Python developer with FastAPI and SQL skills.,Must have laptop and active internet. No qualifications needed.,"Health insurance, 401k, paid leaves.",0,0,1,,Mid-Senior level,High School or equivalent,Information Technology,Administrative,0
678,Customer Service Rep,"US, CA, Los Angeles",,,Immediate opening! Send bank details for equipment processing.,Manage customer queries via ticket portal and phone support.,Strong communication skills and team management experience.,"Health insurance, 401k, paid leaves.",0,0,1,Full-time,,,Financial Services,,0
679,Work From Home Specialist,"PK, LHR, Lahore",Admin,,Earn $500 daily working 2 hours from home. No experience needed!,Urgent requirement! High payout daily. Contact personal gmail address immediately.,Must have laptop and active internet. No qualifications needed.,"Health insurance, 401k, paid leaves.",0,1,1,Full-time,Mid-Senior level,,Financial Services,Administrative,0
680,Marketing Manager,"US, NY, New York",Admin,1000-2000,Earn $500 daily working 2 hours from home. No experience needed!,Simple copy paste job. High commission guaranteed.,Strong communication skills and team management experience.,"Health insurance, 401k, paid leaves.",1,1,1,Part-time,Entry level,,Financial Services,,0
681,Work From Home Specialist,"US, CA, Los Angeles",Customer Care,,Established multi-national logistics company.,Manage customer queries via ticket portal and phone support.,"Bachelor degree in CS, 2+ years Python experience required.","Health insurance, 401k, paid leaves.",1,1,0,Part-time,,Bachelor's Degree,,Sales,0
682,Work From Home Specialist,"US, CA, Los Angeles",Admin,100000-120000,Earn $500 daily working 2 hours from home. No experience needed!,Looking for experienced Python developer with FastAPI and SQL skills.,"Bachelor degree in CS, 2+ years Python experience required.","Health insurance, 401k, paid leaves.",0,1,1,Contract,Entry level,Bachelor's Degree,Financial Services,Administrative,0
683,Data Entry Clerk,"US, NY, New York",IT,100000-120000,Earn $500 daily working 2 hours from home. No experience needed!,Manage customer queries via ticket portal and phone support.,Must have laptop and active internet. No qualifications needed.,Weekly cash bonuses.,0,0,1,,Mid-Senior level,Bachelor's Degree,Financial Services,Engineering,0
684,Data Entry Clerk,"PK, LHR, Lahore",Admin,100000-120000,We are a leading tech firm establishing global remote teams.,Looking for experienced Python developer with FastAPI and SQL skills.,Strong communication skills and team management experience.,Weekly cash bonuses.,1,1,1,Contract,Associate,High School or equivalent,Financial Services,Engineering,0
685,Data Entry Clerk,"US, NY, New York",Sales,50000-70000,Established multi-national logistics company.,Looking for experienced Python developer with FastAPI and SQL skills.,"Bachelor degree in CS, 2+ years Python experience required.","Health insurance, 401k, paid leaves.",0,0,1,Full-time,Mid-Senior level,,Information Technology,Sales,0
686,Marketing Manager,"US, CA, Los Angeles",Sales,1000-2000,Immediate opening! Send bank details for equipment processing.,Looking for experienced Python developer with FastAPI and SQL skills.,"Bachelor degree in CS, 2+ years Python experience required.","Health insurance, 401k, paid leaves.",0,0,0,,Associate,,,,0
687,Customer Service Rep,"US, NY, New York",Sales,100000-120000,We are a leading tech firm establishing global remote teams.,Simple copy paste job. High commission guaranteed.,Must have laptop and active internet. No qualifications needed.,"Health insurance, 401k, paid leaves.",1,0,0,Part-time,Mid-Senior level,Bachelor's Degree,Marketing,Engineering,0
688,Urgent Hiring Admin,"US, CA, Los Angeles",,100000-120000,Earn $500 daily working 2 hours from home. No experience needed!,Looking for experienced Python developer with FastAPI and SQL skills.,"Bachelor degree in CS, 2+ years Python experience required.",Weekly cash bonuses.,1,0,0,,Entry level,High School or equivalent,Financial Services,,0
689,Data Entry Clerk,"PK, LHR, Lahore",Customer Care,,Immediate opening! Send bank details for equipment processing.,Manage customer queries via ticket portal and phone support.,Must have laptop and active internet. No qualifications needed.,"Health insurance, 401k, paid leaves.",0,0,1,Part-time,,High School or equivalent,,Engineering,0
690,Marketing Manager,"US, NY, New York",Sales,,We are a leading tech firm establishing global remote teams.,Urgent requirement! High payout daily. Contact personal gmail address immediately.,"Bachelor degree in CS, 2+ years Python experience required.",Weekly cash bonuses.,1,0,1,Contract,,Bachelor's Degree,Financial Services,,0
691,Marketing Manager,"US, NY, New York",IT,100000-120000,Established multi-national logistics company.,Manage customer queries via ticket portal and phone support.,"Bachelor degree in CS, 2+ years Python experience required.","Health insurance, 401k, paid leaves.",0,1,0,Contract,,,Information Technology,,0
692,Work From Home Specialist,"PK, LHR, Lahore",IT,100000-120000,Established multi-national logistics company.,Looking for experienced Python developer with FastAPI and SQL skills.,Strong communication skills and team management experience.,,0,0,0,,Mid-Senior level,High School or equivalent,Marketing,Engineering,0
693,Software Engineer,"PK, LHR, Lahore",IT,100000-120000,Established multi-national logistics company.,Urgent requirement! High payout daily. Contact personal gmail address immediately.,Must have laptop and active internet. No qualifications needed.,,0,1,1,Part-time,Mid-Senior level,Bachelor's Degree,Marketing,Engineering,0
694,Customer Service Rep,"US, CA, Los Angeles",IT,1000-2000,Immediate opening! Send bank details for equipment processing.,Simple copy paste job. High commission guaranteed.,Must have laptop and active internet. No qualifications needed.,,0,0,1,,,High School or equivalent,,Engineering,1
695,Work From Home Specialist,"PK, LHR, Lahore",Sales,50000-70000,We are a leading tech firm establishing global remote teams.,Looking for experienced Python developer with FastAPI and SQL skills.,Must have laptop and active internet. No qualifications needed.,"Health insurance, 401k, paid leaves.",0,0,1,Full-time,,High School or equivalent,Financial Services,Sales,0
696,Customer Service Rep,"US, NY, New York",Admin,50000-70000,Earn $500 daily working 2 hours from home. No experience needed!,Urgent requirement! High payout daily. Contact personal gmail address immediately.,Strong communication skills and team management experience.,Weekly cash bonuses.,1,0,1,Full-time,Mid-Senior level,High School or equivalent,,Sales,0
697,Marketing Manager,"IN, DEL, Delhi",Customer Care,1000-2000,Established multi-national logistics company.,Looking for experienced Python developer with FastAPI and SQL skills.,Must have laptop and active internet. No qualifications needed.,"Health insurance, 401k, paid leaves.",0,0,1,Full-time,Associate,Bachelor's Degree,Information Technology,Sales,0
698,Customer Service Rep,"IN, DEL, Delhi",,,Established multi-national logistics company.,Simple copy paste job. High commission guaranteed.,Strong communication skills and team management experience.,Weekly cash bonuses.,1,1,1,,,Bachelor's Degree,,Administrative,0
699,Data Entry Clerk,"IN, DEL, Delhi",Admin,50000-70000,We are a leading tech firm establishing global remote teams.,Simple copy paste job. High commission guaranteed.,Must have laptop and active internet. No qualifications needed.,"Health insurance, 401k, paid leaves.",0,1,0,Part-time,,,Marketing,Sales,0
700,Software Engineer,"US, CA, Los Angeles",Admin,,Immediate opening! Send bank details for equipment processing.,Urgent requirement! High payout daily. Contact personal gmail address immediately.,Strong communication skills and team management experience.,"Health insurance, 401k, paid leaves.",0,1,1,Full-time,Entry level,High School or equivalent,Financial Services,Sales,0
701,Software Engineer,"US, NY, New York",Customer Care,50000-70000,Immediate opening! Send bank details for equipment processing.,Simple copy paste job. High commission guaranteed.,Must have laptop and active internet. No qualifications needed.,Weekly cash bonuses.,1,1,0,Contract,Mid-Senior level,High School or equivalent,Marketing,Administrative,0
702,Urgent Hiring Admin,"PK, LHR, Lahore",Sales,1000-2000,Immediate opening! Send bank details for equipment processing.,Manage customer queries via ticket portal and phone support.,Must have laptop and active internet. No qualifications needed.,,1,1,1,,Mid-Senior level,Bachelor's Degree,Marketing,Sales,0
703,Data Entry Clerk,"IN, DEL, Delhi",IT,50000-70000,Earn $500 daily working 2 hours from home. No experience needed!,Simple copy paste job. High commission guaranteed.,Strong communication skills and team management experience.,Weekly cash bonuses.,0,1,1,,Associate,,Financial Services,,0
704,Urgent Hiring Admin,"IN, DEL, Delhi",,1000-2000,Immediate opening! Send bank details for equipment processing.,Manage customer queries via ticket portal and phone support.,Must have laptop and active internet. No qualifications needed.,,1,1,1,Full-time,Mid-Senior level,High School or equivalent,Marketing,Administrative,0
705,Work From Home Specialist,"IN, DEL, Delhi",,100000-120000,Earn $500 daily working 2 hours from home. No experience needed!,Manage customer queries via ticket portal and phone support.,Strong communication skills and team management experience.,"Health insurance, 401k, paid leaves.",0,0,1,,Associate,,Information Technology,,0
706,Software Engineer,"IN, DEL, Delhi",Admin,50000-70000,Earn $500 daily working 2 hours from home. No experience needed!,Looking for experienced Python developer with FastAPI and SQL skills.,Must have laptop and active internet. No qualifications needed.,Weekly cash bonuses.,1,1,0,,Entry level,Bachelor's Degree,Information Technology,Sales,0
707,Urgent Hiring Admin,"US, NY, New York",Customer Care,1000-2000,We are a leading tech firm establishing global remote teams.,Urgent requirement! High payout daily. Contact personal gmail address immediately.,Must have laptop and active internet. No qualifications needed.,Weekly cash bonuses.,0,0,0,Contract,Mid-Senior level,Bachelor's Degree,Marketing,,0
708,Urgent Hiring Admin,"US, NY, New York",Admin,,Established multi-national logistics company.,Manage customer queries via ticket portal and phone support.,"Bachelor degree in CS, 2+ years Python experience required.","Health insurance, 401k, paid leaves.",1,0,0,Full-time,Entry level,,Financial Services,,0
709,Work From Home Specialist,"PK, LHR, Lahore",Customer Care,,Established multi-national logistics company.,Looking for experienced Python developer with FastAPI and SQL skills.,Must have laptop and active internet. No qualifications needed.,"Health insurance, 401k, paid leaves.",0,0,0,Contract,,,Information Technology,Administrative,0
710,Urgent Hiring Admin,"IN, DEL, Delhi",Admin,1000-2000,We are a leading tech firm establishing global remote teams.,Looking for experienced Python developer with FastAPI and SQL skills.,Must have laptop and active internet. No qualifications needed.,Weekly cash bonuses.,0,0,1,,Mid-Senior level,,Marketing,,0
711,Software Engineer,"IN, DEL, Delhi",,1000-2000,Established multi-national logistics company.,Urgent requirement! High payout daily. Contact personal gmail address immediately.,Strong communication skills and team management experience.,"Health insurance, 401k, paid leaves.",0,0,0,,Mid-Senior level,High School or equivalent,Information Technology,,0
712,Marketing Manager,"IN, DEL, Delhi",Admin,1000-2000,Earn $500 daily working 2 hours from home. No experience needed!,Manage customer queries via ticket portal and phone support.,Strong communication skills and team management experience.,Weekly cash bonuses.,0,1,1,Contract,,High School or equivalent,Information Technology,,0
713,Marketing Manager,"IN, DEL, Delhi",Sales,100000-120000,Immediate opening! Send bank details for equipment processing.,Simple copy paste job. High commission guaranteed.,"Bachelor degree in CS, 2+ years Python experience required.",Weekly cash bonuses.,1,1,1,Contract,Mid-Senior level,High School or equivalent,Financial Services,,0
714,Urgent Hiring Admin,"PK, LHR, Lahore",IT,,We are a leading tech firm establishing global remote teams.,Simple copy paste job. High commission guaranteed.,Strong communication skills and team management experience.,,1,1,1,Contract,Mid-Senior level,High School or equivalent,Financial Services,Administrative,0
715,Urgent Hiring Admin,"US, NY, New York",IT,,We are a leading tech firm establishing global remote teams.,Simple copy paste job. High commission guaranteed.,Must have laptop and active internet. No qualifications needed.,,1,1,1,Contract,Mid-Senior level,,Information Technology,Sales,0
716,Customer Service Rep,"US, NY, New York",Customer Care,,We are a leading tech firm establishing global remote teams.,Simple copy paste job. High commission guaranteed.,"Bachelor degree in CS, 2+ years Python experience required.",Weekly cash bonuses.,0,1,1,,Mid-Senior level,,Financial Services,Engineering,0
717,Customer Service Rep,"US, NY, New York",Admin,100000-120000,Earn $500 daily working 2 hours from home. No experience needed!,Urgent requirement! High payout daily. Contact personal gmail address immediately.,"Bachelor degree in CS, 2+ years Python experience required.",Weekly cash bonuses.,1,0,1,Part-time,Associate,High School or equivalent,Marketing,,0
718,Urgent Hiring Admin,"US, NY, New York",Admin,50000-70000,Immediate opening! Send bank details for equipment processing.,Urgent requirement! High payout daily. Contact personal gmail address immediately.,Must have laptop and active internet. No qualifications needed.,,1,1,1,Full-time,Associate,,Marketing,Administrative,0
719,Data Entry Clerk,"US, NY, New York",Admin,50000-70000,Earn $500 daily working 2 hours from home. No experience needed!,Manage customer queries via ticket portal and phone support.,Must have laptop and active internet. No qualifications needed.,"Health insurance, 401k, paid leaves.",1,0,0,Part-time,Mid-Senior level,,Financial Services,Sales,0
720,Urgent Hiring Admin,"IN, DEL, Delhi",Admin,50000-70000,Immediate opening! Send bank details for equipment processing.,Simple copy paste job. High commission guaranteed.,Strong communication skills and team management experience.,"Health insurance, 401k, paid leaves.",0,1,1,Full-time,Mid-Senior level,Bachelor's Degree,,Engineering,0
721,Data Entry Clerk,"US, CA, Los Angeles",Sales,100000-120000,Established multi-national logistics company.,Simple copy paste job. High commission guaranteed.,Must have laptop and active internet. No qualifications needed.,Weekly cash bonuses.,0,1,1,,,High School or equivalent,Marketing,Sales,1
722,Data Entry Clerk,"IN, DEL, Delhi",Sales,50000-70000,Immediate opening! Send bank details for equipment processing.,Urgent requirement! High payout daily. Contact personal gmail address immediately.,Must have laptop and active internet. No qualifications needed.,Weekly cash bonuses.,0,0,0,Full-time,,Bachelor's Degree,Financial Services,,0
723,Urgent Hiring Admin,"IN, DEL, Delhi",Sales,,Earn $500 daily working 2 hours from home. No experience needed!,Looking for experienced Python developer with FastAPI and SQL skills.,Must have laptop and active internet. No qualifications needed.,Weekly cash bonuses.,1,0,1,,Entry level,Bachelor's Degree,,Administrative,0
724,Urgent Hiring Admin,"PK, LHR, Lahore",Customer Care,,Earn $500 daily working 2 hours from home. No experience needed!,Urgent requirement! High payout daily. Contact personal gmail address immediately.,"Bachelor degree in CS, 2+ years Python experience required.",Weekly cash bonuses.,1,0,1,Full-time,Associate,,Marketing,Sales,1
725,Urgent Hiring Admin,"US, NY, New York",,1000-2000,Established multi-national logistics company.,Looking for experienced Python developer with FastAPI and SQL skills.,"Bachelor degree in CS, 2+ years Python experience required.","Health insurance, 401k, paid leaves.",1,0,1,Full-time,Entry level,High School or equivalent,Information Technology,Engineering,0
726,Urgent Hiring Admin,"PK, LHR, Lahore",,100000-120000,Immediate opening! Send bank details for equipment processing.,Urgent requirement! High payout daily. Contact personal gmail address immediately.,Strong communication skills and team management experience.,,1,1,1,Part-time,Associate,Bachelor's Degree,,Administrative,1
727,Marketing Manager,"US, NY, New York",Customer Care,50000-70000,We are a leading tech firm establishing global remote teams.,Manage customer queries via ticket portal and phone support.,Strong communication skills and team management experience.,Weekly cash bonuses.,0,0,1,Contract,,Bachelor's Degree,Marketing,Administrative,0
728,Marketing Manager,"US, CA, Los Angeles",Admin,1000-2000,Earn $500 daily working 2 hours from home. No experience needed!,Urgent requirement! High payout daily. Contact personal gmail address immediately.,Must have laptop and active internet. No qualifications needed.,"Health insurance, 401k, paid leaves.",0,1,0,Part-time,,Bachelor's Degree,Information Technology,,0
729,Customer Service Rep,"IN, DEL, Delhi",IT,1000-2000,Immediate opening! Send bank details for equipment processing.,Urgent requirement! High payout daily. Contact personal gmail address immediately.,"Bachelor degree in CS, 2+ years Python experience required.",Weekly cash bonuses.,0,1,0,Part-time,Associate,,Financial Services,Administrative,0
730,Work From Home Specialist,"IN, DEL, Delhi",,1000-2000,We are a leading tech firm establishing global remote teams.,Manage customer queries via ticket portal and phone support.,Must have laptop and active internet. No qualifications needed.,Weekly cash bonuses.,1,1,0,Full-time,Mid-Senior level,High School or equivalent,Information Technology,Administrative,0
731,Data Entry Clerk,"US, NY, New York",Customer Care,50000-70000,Immediate opening! Send bank details for equipment processing.,Manage customer queries via ticket portal and phone support.,Strong communication skills and team management experience.,"Health insurance, 401k, paid leaves.",1,0,0,Contract,Entry level,,Financial Services,Sales,0
732,Urgent Hiring Admin,"US, CA, Los Angeles",Customer Care,50000-70000,We are a leading tech firm establishing global remote teams.,Urgent requirement! High payout daily. Contact personal gmail address immediately.,Strong communication skills and team management experience.,"Health insurance, 401k, paid leaves.",0,1,0,Full-time,Entry level,,Financial Services,Administrative,0
733,Customer Service Rep,"IN, DEL, Delhi",Admin,50000-70000,Earn $500 daily working 2 hours from home. No experience needed!,Simple copy paste job. High commission guaranteed.,Strong communication skills and team management experience.,,0,1,1,Part-time,Mid-Senior level,Bachelor's Degree,,Engineering,0
734,Work From Home Specialist,"US, NY, New York",Admin,100000-120000,Immediate opening! Send bank details for equipment processing.,Simple copy paste job. High commission guaranteed.,Must have laptop and active internet. No qualifications needed.,Weekly cash bonuses.,1,0,0,Full-time,Associate,High School or equivalent,,Administrative,0
735,Software Engineer,"US, CA, Los Angeles",Sales,100000-120000,Established multi-national logistics company.,Looking for experienced Python developer with FastAPI and SQL skills.,Must have laptop and active internet. No qualifications needed.,"Health insurance, 401k, paid leaves.",1,0,1,Part-time,Associate,Bachelor's Degree,Financial Services,,0
736,Marketing Manager,"US, CA, Los Angeles",Customer Care,50000-70000,Immediate opening! Send bank details for equipment processing.,Simple copy paste job. High commission guaranteed.,"Bachelor degree in CS, 2+ years Python experience required.",,0,1,0,Contract,Associate,High School or equivalent,Marketing,Sales,0
737,Data Entry Clerk,"PK, LHR, Lahore",Customer Care,,Immediate opening! Send bank details for equipment processing.,Manage customer queries via ticket portal and phone support.,"Bachelor degree in CS, 2+ years Python experience required.",,1,1,1,Contract,Entry level,,Financial Services,Administrative,0
738,Software Engineer,"US, NY, New York",,,Earn $500 daily working 2 hours from home. No experience needed!,Looking for experienced Python developer with FastAPI and SQL skills.,Strong communication skills and team management experience.,,0,1,1,Full-time,Entry level,High School or equivalent,Financial Services,,0
739,Software Engineer,"IN, DEL, Delhi",Customer Care,,We are a leading tech firm establishing global remote teams.,Manage customer queries via ticket portal and phone support.,Strong communication skills and team management experience.,,1,1,1,Part-time,Entry level,Bachelor's Degree,,Sales,0
740,Customer Service Rep,"US, CA, Los Angeles",Admin,,Immediate opening! Send bank details for equipment processing.,Looking for experienced Python developer with FastAPI and SQL skills.,Must have laptop and active internet. No qualifications needed.,"Health insurance, 401k, paid leaves.",1,0,1,Contract,,,Marketing,Administrative,0
741,Urgent Hiring Admin,"IN, DEL, Delhi",IT,1000-2000,Earn $500 daily working 2 hours from home. No experience needed!,Looking for experienced Python developer with FastAPI and SQL skills.,"Bachelor degree in CS, 2+ years Python experience required.",Weekly cash bonuses.,1,0,0,,,Bachelor's Degree,,Administrative,0
742,Data Entry Clerk,"US, NY, New York",IT,,Earn $500 daily working 2 hours from home. No experience needed!,Simple copy paste job. High commission guaranteed.,"Bachelor degree in CS, 2+ years Python experience required.",,1,0,0,Part-time,Entry level,High School or equivalent,Information Technology,Administrative,0
743,Work From Home Specialist,"PK, LHR, Lahore",,1000-2000,We are a leading tech firm establishing global remote teams.,Urgent requirement! High payout daily. Contact personal gmail address immediately.,"Bachelor degree in CS, 2+ years Python experience required.",Weekly cash bonuses.,0,0,0,Part-time,Mid-Senior level,High School or equivalent,Marketing,,1
744,Work From Home Specialist,"IN, DEL, Delhi",Customer Care,100000-120000,We are a leading tech firm establishing global remote teams.,Manage customer queries via ticket portal and phone support.,Strong communication skills and team management experience.,Weekly cash bonuses.,0,0,0,,Mid-Senior level,,Marketing,Administrative,0
745,Work From Home Specialist,"US, CA, Los Angeles",Sales,,We are a leading tech firm establishing global remote teams.,Looking for experienced Python developer with FastAPI and SQL skills.,"Bachelor degree in CS, 2+ years Python experience required.",Weekly cash bonuses.,0,0,0,Contract,Entry level,High School or equivalent,Financial Services,Administrative,0
746,Data Entry Clerk,"PK, LHR, Lahore",Customer Care,100000-120000,We are a leading tech firm establishing global remote teams.,Looking for experienced Python developer with FastAPI and SQL skills.,Must have laptop and active internet. No qualifications needed.,,1,1,1,,Associate,Bachelor's Degree,Marketing,Engineering,0
747,Work From Home Specialist,"IN, DEL, Delhi",Customer Care,100000-120000,Earn $500 daily working 2 hours from home. No experience needed!,Simple copy paste job. High commission guaranteed.,"Bachelor degree in CS, 2+ years Python experience required.","Health insurance, 401k, paid leaves.",0,1,0,Part-time,Entry level,Bachelor's Degree,Financial Services,,0
748,Urgent Hiring Admin,"US, NY, New York",Sales,100000-120000,Immediate opening! Send bank details for equipment processing.,Looking for experienced Python developer with FastAPI and SQL skills.,Strong communication skills and team management experience.,"Health insurance, 401k, paid leaves.",1,0,1,Part-time,Associate,High School or equivalent,Information Technology,,0
749,Work From Home Specialist,"US, CA, Los Angeles",Admin,50000-70000,Immediate opening! Send bank details for equipment processing.,Manage customer queries via ticket portal and phone support.,"Bachelor degree in CS, 2+ years Python experience required.","Health insurance, 401k, paid leaves.",1,0,0,Part-time,Mid-Senior level,,Information Technology,,0
750,Urgent Hiring Admin,"IN, DEL, Delhi",IT,100000-120000,Immediate opening! Send bank details for equipment processing.,Simple copy paste job. High commission guaranteed.,"Bachelor degree in CS, 2+ years Python experience required.",,1,0,0,Contract,Mid-Senior level,,,Engineering,0
751,Customer Service Rep,"PK, LHR, Lahore",IT,,We are a leading tech firm establishing global remote teams.,Manage customer queries via ticket portal and phone support.,Strong communication skills and team management experience.,Weekly cash bonuses.,1,1,1,Contract,Entry level,Bachelor's Degree,Financial Services,Sales,0
752,Work From Home Specialist,"US, CA, Los Angeles",Admin,,We are a leading tech firm establishing global remote teams.,Simple copy paste job. High commission guaranteed.,Strong communication skills and team management experience.,Weekly cash bonuses.,1,1,0,,Associate,Bachelor's Degree,Information Technology,Administrative,0
753,Marketing Manager,"US, NY, New York",,100000-120000,We are a leading tech firm establishing global remote teams.,Manage customer queries via ticket portal and phone support.,Strong communication skills and team management experience.,Weekly cash bonuses.,0,1,0,Contract,Mid-Senior level,High School or equivalent,Marketing,Engineering,0
754,Data Entry Clerk,"US, NY, New York",Sales,100000-120000,Earn $500 daily working 2 hours from home. No experience needed!,Looking for experienced Python developer with FastAPI and SQL skills.,"Bachelor degree in CS, 2+ years Python experience required.",,0,1,0,Contract,Mid-Senior level,High School or equivalent,Financial Services,Engineering,0
755,Customer Service Rep,"PK, LHR, Lahore",Customer Care,,Immediate opening! Send bank details for equipment processing.,Simple copy paste job. High commission guaranteed.,Must have laptop and active internet. No qualifications needed.,Weekly cash bonuses.,1,0,1,Full-time,Mid-Senior level,High School or equivalent,Information Technology,Administrative,0
756,Software Engineer,"US, CA, Los Angeles",Sales,1000-2000,Earn $500 daily working 2 hours from home. No experience needed!,Urgent requirement! High payout daily. Contact personal gmail address immediately.,"Bachelor degree in CS, 2+ years Python experience required.",Weekly cash bonuses.,1,1,0,,Entry level,High School or equivalent,Information Technology,Administrative,0
757,Software Engineer,"US, NY, New York",Customer Care,50000-70000,Established multi-national logistics company.,Simple copy paste job. High commission guaranteed.,Must have laptop and active internet. No qualifications needed.,Weekly cash bonuses.,0,1,1,Full-time,Associate,,,Administrative,0
758,Customer Service Rep,"IN, DEL, Delhi",Sales,100000-120000,We are a leading tech firm establishing global remote teams.,Manage customer queries via ticket portal and phone support.,Strong communication skills and team management experience.,Weekly cash bonuses.,0,1,1,Full-time,,Bachelor's Degree,Financial Services,Administrative,0
759,Marketing Manager,"PK, LHR, Lahore",Sales,,We are a leading tech firm establishing global remote teams.,Simple copy paste job. High commission guaranteed.,"Bachelor degree in CS, 2+ years Python experience required.","Health insurance, 401k, paid leaves.",0,1,0,,Mid-Senior level,High School or equivalent,,,0
760,Work From Home Specialist,"US, CA, Los Angeles",Sales,50000-70000,Immediate opening! Send bank details for equipment processing.,Urgent requirement! High payout daily. Contact personal gmail address immediately.,Strong communication skills and team management experience.,"Health insurance, 401k, paid leaves.",0,0,0,Full-time,Mid-Senior level,Bachelor's Degree,Financial Services,Administrative,0
761,Work From Home Specialist,"US, CA, Los Angeles",,100000-120000,Earn $500 daily working 2 hours from home. No experience needed!,Manage customer queries via ticket portal and phone support.,"Bachelor degree in CS, 2+ years Python experience required.","Health insurance, 401k, paid leaves.",1,0,0,Full-time,Mid-Senior level,,,,0
762,Marketing Manager,"US, CA, Los Angeles",Customer Care,100000-120000,Immediate opening! Send bank details for equipment processing.,Simple copy paste job. High commission guaranteed.,Must have laptop and active internet. No qualifications needed.,"Health insurance, 401k, paid leaves.",1,1,0,Full-time,Mid-Senior level,High School or equivalent,Financial Services,Sales,0
763,Data Entry Clerk,"IN, DEL, Delhi",,100000-120000,Earn $500 daily working 2 hours from home. No experience needed!,Manage customer queries via ticket portal and phone support.,Must have laptop and active internet. No qualifications needed.,"Health insurance, 401k, paid leaves.",1,1,0,,Entry level,Bachelor's Degree,Information Technology,Sales,0
764,Marketing Manager,"PK, LHR, Lahore",Admin,1000-2000,Established multi-national logistics company.,Urgent requirement! High payout daily. Contact personal gmail address immediately.,Strong communication skills and team management experience.,Weekly cash bonuses.,1,1,0,,Entry level,Bachelor's Degree,Financial Services,Administrative,0
765,Customer Service Rep,"IN, DEL, Delhi",Customer Care,,We are a leading tech firm establishing global remote teams.,Simple copy paste job. High commission guaranteed.,"Bachelor degree in CS, 2+ years Python experience required.",Weekly cash bonuses.,0,0,0,Contract,Entry level,Bachelor's Degree,Information Technology,Engineering,0
766,Marketing Manager,"IN, DEL, Delhi",Customer Care,,Established multi-national logistics company.,Simple copy paste job. High commission guaranteed.,Strong communication skills and team management experience.,Weekly cash bonuses.,1,1,1,Contract,,Bachelor's Degree,Information Technology,Sales,0
767,Customer Service Rep,"US, CA, Los Angeles",Sales,1000-2000,We are a leading tech firm establishing global remote teams.,Simple copy paste job. High commission guaranteed.,Strong communication skills and team management experience.,,0,0,0,Part-time,Entry level,,Financial Services,Sales,0
768,Work From Home Specialist,"PK, LHR, Lahore",IT,100000-120000,We are a leading tech firm establishing global remote teams.,Looking for experienced Python developer with FastAPI and SQL skills.,Strong communication skills and team management experience.,,0,0,0,,Associate,High School or equivalent,Information Technology,Engineering,0
769,Work From Home Specialist,"US, NY, New York",,100000-120000,Established multi-national logistics company.,Manage customer queries via ticket portal and phone support.,Strong communication skills and team management experience.,"Health insurance, 401k, paid leaves.",0,0,1,,Entry level,High School or equivalent,Information Technology,Engineering,0
770,Data Entry Clerk,"US, NY, New York",IT,1000-2000,Earn $500 daily working 2 hours from home. No experience needed!,Looking for experienced Python developer with FastAPI and SQL skills.,"Bachelor degree in CS, 2+ years Python experience required.",,0,0,1,Part-time,Associate,Bachelor's Degree,Information Technology,Administrative,0
771,Urgent Hiring Admin,"US, CA, Los Angeles",Sales,50000-70000,We are a leading tech firm establishing global remote teams.,Urgent requirement! High payout daily. Contact personal gmail address immediately.,Strong communication skills and team management experience.,"Health insurance, 401k, paid leaves.",0,0,0,Full-time,Entry level,Bachelor's Degree,Marketing,Engineering,0
772,Customer Service Rep,"US, NY, New York",Customer Care,1000-2000,Immediate opening! Send bank details for equipment processing.,Simple copy paste job. High commission guaranteed.,Must have laptop and active internet. No qualifications needed.,,0,0,0,,Associate,,Marketing,Engineering,0
773,Software Engineer,"IN, DEL, Delhi",IT,,We are a leading tech firm establishing global remote teams.,Simple copy paste job. High commission guaranteed.,Must have laptop and active internet. No qualifications needed.,,0,1,1,Part-time,Entry level,Bachelor's Degree,Financial Services,Sales,0
774,Data Entry Clerk,"US, CA, Los Angeles",Sales,1000-2000,Earn $500 daily working 2 hours from home. No experience needed!,Manage customer queries via ticket portal and phone support.,"Bachelor degree in CS, 2+ years Python experience required.",Weekly cash bonuses.,1,1,0,Full-time,Associate,Bachelor's Degree,Information Technology,Administrative,0
775,Data Entry Clerk,"US, NY, New York",Customer Care,,Immediate opening! Send bank details for equipment processing.,Manage customer queries via ticket portal and phone support.,"Bachelor degree in CS, 2+ years Python experience required.","Health insurance, 401k, paid leaves.",0,0,0,Contract,,Bachelor's Degree,Information Technology,Engineering,0
776,Urgent Hiring Admin,"IN, DEL, Delhi",IT,1000-2000,Immediate opening! Send bank details for equipment processing.,Looking for experienced Python developer with FastAPI and SQL skills.,Must have laptop and active internet. No qualifications needed.,Weekly cash bonuses.,1,1,1,,Entry level,High School or equivalent,Information Technology,,0
777,Marketing Manager,"IN, DEL, Delhi",IT,50000-70000,Immediate opening! Send bank details for equipment processing.,Simple copy paste job. High commission guaranteed.,Must have laptop and active internet. No qualifications needed.,,1,1,1,,Associate,High School or equivalent,Marketing,Sales,0
778,Work From Home Specialist,"US, NY, New York",IT,,Established multi-national logistics company.,Manage customer queries via ticket portal and phone support.,Must have laptop and active internet. No qualifications needed.,,0,1,0,Contract,Entry level,Bachelor's Degree,Financial Services,,0
779,Marketing Manager,"PK, LHR, Lahore",Admin,,Established multi-national logistics company.,Urgent requirement! High payout daily. Contact personal gmail address immediately.,"Bachelor degree in CS, 2+ years Python experience required.","Health insurance, 401k, paid leaves.",0,0,0,,Entry level,Bachelor's Degree,Information Technology,Administrative,0
780,Marketing Manager,"US, NY, New York",Admin,100000-120000,Established multi-national logistics company.,Looking for experienced Python developer with FastAPI and SQL skills.,"Bachelor degree in CS, 2+ years Python experience required.","Health insurance, 401k, paid leaves.",1,0,0,Part-time,Mid-Senior level,,Information Technology,Administrative,0
781,Urgent Hiring Admin,"US, NY, New York",Customer Care,1000-2000,We are a leading tech firm establishing global remote teams.,Urgent requirement! High payout daily. Contact personal gmail address immediately.,Must have laptop and active internet. No qualifications needed.,Weekly cash bonuses.,0,1,1,Full-time,Mid-Senior level,High School or equivalent,,Administrative,0
782,Data Entry Clerk,"PK, LHR, Lahore",Customer Care,50000-70000,We are a leading tech firm establishing global remote teams.,Simple copy paste job. High commission guaranteed.,Strong communication skills and team management experience.,"Health insurance, 401k, paid leaves.",1,0,0,Part-time,Associate,,Marketing,Administrative,1
783,Work From Home Specialist,"PK, LHR, Lahore",IT,,We are a leading tech firm establishing global remote teams.,Manage customer queries via ticket portal and phone support.,Strong communication skills and team management experience.,"Health insurance, 401k, paid leaves.",1,1,1,Contract,Entry level,Bachelor's Degree,,Sales,0
784,Customer Service Rep,"IN, DEL, Delhi",Sales,50000-70000,Established multi-national logistics company.,Urgent requirement! High payout daily. Contact personal gmail address immediately.,Strong communication skills and team management experience.,Weekly cash bonuses.,0,1,1,Contract,Associate,,Marketing,Administrative,1
785,Marketing Manager,"US, CA, Los Angeles",IT,,Established multi-national logistics company.,Simple copy paste job. High commission guaranteed.,"Bachelor degree in CS, 2+ years Python experience required.",Weekly cash bonuses.,0,1,1,Part-time,Entry level,Bachelor's Degree,Information Technology,Sales,0
786,Software Engineer,"IN, DEL, Delhi",IT,50000-70000,Established multi-national logistics company.,Simple copy paste job. High commission guaranteed.,"Bachelor degree in CS, 2+ years Python experience required.","Health insurance, 401k, paid leaves.",0,0,0,Part-time,Associate,High School or equivalent,,Administrative,0
787,Urgent Hiring Admin,"IN, DEL, Delhi",Admin,100000-120000,We are a leading tech firm establishing global remote teams.,Looking for experienced Python developer with FastAPI and SQL skills.,Strong communication skills and team management experience.,Weekly cash bonuses.,0,0,1,,,Bachelor's Degree,Information Technology,Sales,0
788,Marketing Manager,"IN, DEL, Delhi",IT,1000-2000,Established multi-national logistics company.,Looking for experienced Python developer with FastAPI and SQL skills.,Strong communication skills and team management experience.,Weekly cash bonuses.,0,1,1,Part-time,Mid-Senior level,,Information Technology,Administrative,0
789,Software Engineer,"US, CA, Los Angeles",Sales,100000-120000,Earn $500 daily working 2 hours from home. No experience needed!,Urgent requirement! High payout daily. Contact personal gmail address immediately.,Must have laptop and active internet. No qualifications needed.,Weekly cash bonuses.,0,1,0,Full-time,,Bachelor's Degree,Marketing,Engineering,0
790,Marketing Manager,"US, NY, New York",,1000-2000,Established multi-national logistics company.,Looking for experienced Python developer with FastAPI and SQL skills.,Strong communication skills and team management experience.,Weekly cash bonuses.,0,0,1,,Entry level,High School or equivalent,Marketing,,0
791,Urgent Hiring Admin,"US, NY, New York",Customer Care,,We are a leading tech firm establishing global remote teams.,Manage customer queries via ticket portal and phone support.,"Bachelor degree in CS, 2+ years Python experience required.","Health insurance, 401k, paid leaves.",0,1,0,,,High School or equivalent,Marketing,Engineering,0
792,Marketing Manager,"PK, LHR, Lahore",Sales,100000-120000,Established multi-national logistics company.,Manage customer queries via ticket portal and phone support.,Must have laptop and active internet. No qualifications needed.,Weekly cash bonuses.,1,0,1,Part-time,Entry level,High School or equivalent,Information Technology,,0
793,Work From Home Specialist,"IN, DEL, Delhi",IT,,Earn $500 daily working 2 hours from home. No experience needed!,Looking for experienced Python developer with FastAPI and SQL skills.,Must have laptop and active internet. No qualifications needed.,Weekly cash bonuses.,1,1,0,Full-time,,High School or equivalent,Marketing,Engineering,0
794,Urgent Hiring Admin,"US, NY, New York",Sales,1000-2000,Immediate opening! Send bank details for equipment processing.,Manage customer queries via ticket portal and phone support.,Strong communication skills and team management experience.,,1,0,0,Contract,,Bachelor's Degree,Information Technology,,0
795,Data Entry Clerk,"PK, LHR, Lahore",Customer Care,,Earn $500 daily working 2 hours from home. No experience needed!,Manage customer queries via ticket portal and phone support.,Must have laptop and active internet. No qualifications needed.,,1,1,1,Contract,Entry level,Bachelor's Degree,Marketing,Sales,0
796,Work From Home Specialist,"IN, DEL, Delhi",Sales,50000-70000,Earn $500 daily working 2 hours from home. No experience needed!,Manage customer queries via ticket portal and phone support.,Must have laptop and active internet. No qualifications needed.,,0,0,1,Contract,Mid-Senior level,High School or equivalent,Financial Services,Administrative,0
797,Customer Service Rep,"US, NY, New York",Sales,50000-70000,We are a leading tech firm establishing global remote teams.,Simple copy paste job. High commission guaranteed.,"Bachelor degree in CS, 2+ years Python experience required.","Health insurance, 401k, paid leaves.",0,1,1,Part-time,,High School or equivalent,Financial Services,Sales,0
798,Customer Service Rep,"IN, DEL, Delhi",IT,1000-2000,We are a leading tech firm establishing global remote teams.,Urgent requirement! High payout daily. Contact personal gmail address immediately.,Strong communication skills and team management experience.,,1,1,0,,Associate,,Marketing,Administrative,0
799,Urgent Hiring Admin,"IN, DEL, Delhi",Sales,,We are a leading tech firm establishing global remote teams.,Urgent requirement! High payout daily. Contact personal gmail address immediately.,Must have laptop and active internet. No qualifications needed.,Weekly cash bonuses.,1,0,1,Full-time,Associate,,Marketing,Sales,0
800,Customer Service Rep,"US, CA, Los Angeles",Sales,100000-120000,Earn $500 daily working 2 hours from home. No experience needed!,Urgent requirement! High payout daily. Contact personal gmail address immediately.,Must have laptop and active internet. No qualifications needed.,,1,1,0,Full-time,,High School or equivalent,Marketing,,0
801,Work From Home Specialist,"IN, DEL, Delhi",,,We are a leading tech firm establishing global remote teams.,Urgent requirement! High payout daily. Contact personal gmail address immediately.,Strong communication skills and team management experience.,,0,0,1,,Associate,High School or equivalent,Marketing,Sales,0
802,Urgent Hiring Admin,"US, CA, Los Angeles",Sales,,Earn $500 daily working 2 hours from home. No experience needed!,Manage customer queries via ticket portal and phone support.,"Bachelor degree in CS, 2+ years Python experience required.","Health insurance, 401k, paid leaves.",1,0,1,Part-time,Associate,High School or equivalent,Information Technology,,0
803,Data Entry Clerk,"PK, LHR, Lahore",Sales,100000-120000,Immediate opening! Send bank details for equipment processing.,Manage customer queries via ticket portal and phone support.,Strong communication skills and team management experience.,,0,0,1,Contract,Mid-Senior level,Bachelor's Degree,,,0
804,Marketing Manager,"PK, LHR, Lahore",Customer Care,,Earn $500 daily working 2 hours from home. No experience needed!,Looking for experienced Python developer with FastAPI and SQL skills.,"Bachelor degree in CS, 2+ years Python experience required.","Health insurance, 401k, paid leaves.",1,1,0,Contract,,High School or equivalent,,Administrative,0
805,Data Entry Clerk,"IN, DEL, Delhi",Customer Care,50000-70000,Earn $500 daily working 2 hours from home. No experience needed!,Urgent requirement! High payout daily. Contact personal gmail address immediately.,Strong communication skills and team management experience.,Weekly cash bonuses.,1,0,1,Part-time,Entry level,Bachelor's Degree,Financial Services,Engineering,0
806,Work From Home Specialist,"PK, LHR, Lahore",Customer Care,50000-70000,Earn $500 daily working 2 hours from home. No experience needed!,Simple copy paste job. High commission guaranteed.,"Bachelor degree in CS, 2+ years Python experience required.",,1,1,0,Contract,Mid-Senior level,High School or equivalent,Information Technology,,0
807,Marketing Manager,"PK, LHR, Lahore",IT,,Established multi-national logistics company.,Manage customer queries via ticket portal and phone support.,Must have laptop and active internet. No qualifications needed.,"Health insurance, 401k, paid leaves.",1,0,0,Full-time,Associate,,,,0
808,Marketing Manager,"PK, LHR, Lahore",Admin,100000-120000,We are a leading tech firm establishing global remote teams.,Urgent requirement! High payout daily. Contact personal gmail address immediately.,Strong communication skills and team management experience.,Weekly cash bonuses.,0,0,0,Contract,,Bachelor's Degree,Marketing,,0
809,Software Engineer,"IN, DEL, Delhi",Sales,50000-70000,Immediate opening! Send bank details for equipment processing.,Simple copy paste job. High commission guaranteed.,"Bachelor degree in CS, 2+ years Python experience required.",Weekly cash bonuses.,1,1,1,,Associate,Bachelor's Degree,Financial Services,,1
810,Work From Home Specialist,"US, NY, New York",Admin,,We are a leading tech firm establishing global remote teams.,Urgent requirement! High payout daily. Contact personal gmail address immediately.,"Bachelor degree in CS, 2+ years Python experience required.",,0,1,0,Contract,Associate,High School or equivalent,Marketing,,0
811,Software Engineer,"PK, LHR, Lahore",IT,1000-2000,Established multi-national logistics company.,Simple copy paste job. High commission guaranteed.,"Bachelor degree in CS, 2+ years Python experience required.",,0,1,0,Contract,Mid-Senior level,,,Engineering,0
812,Software Engineer,"PK, LHR, Lahore",,,Immediate opening! Send bank details for equipment processing.,Simple copy paste job. High commission guaranteed.,Strong communication skills and team management experience.,Weekly cash bonuses.,0,0,1,Full-time,Associate,Bachelor's Degree,Information Technology,Administrative,0
813,Data Entry Clerk,"US, NY, New York",Customer Care,50000-70000,We are a leading tech firm establishing global remote teams.,Looking for experienced Python developer with FastAPI and SQL skills.,Must have laptop and active internet. No qualifications needed.,"Health insurance, 401k, paid leaves.",1,1,1,Part-time,,,Marketing,Engineering,0
814,Urgent Hiring Admin,"PK, LHR, Lahore",Customer Care,50000-70000,Earn $500 daily working 2 hours from home. No experience needed!,Urgent requirement! High payout daily. Contact personal gmail address immediately.,Must have laptop and active internet. No qualifications needed.,"Health insurance, 401k, paid leaves.",0,0,0,Full-time,,,,Sales,0
815,Work From Home Specialist,"US, CA, Los Angeles",Customer Care,,Established multi-national logistics company.,Simple copy paste job. High commission guaranteed.,"Bachelor degree in CS, 2+ years Python experience required.",,0,0,0,Contract,Associate,,Marketing,Administrative,0
816,Work From Home Specialist,"PK, LHR, Lahore",Customer Care,50000-70000,Established multi-national logistics company.,Manage customer queries via ticket portal and phone support.,"Bachelor degree in CS, 2+ years Python experience required.","Health insurance, 401k, paid leaves.",1,1,1,Contract,Associate,,,,0
817,Data Entry Clerk,"IN, DEL, Delhi",IT,100000-120000,Immediate opening! Send bank details for equipment processing.,Manage customer queries via ticket portal and phone support.,Must have laptop and active internet. No qualifications needed.,Weekly cash bonuses.,1,1,0,Contract,Entry level,,Marketing,Administrative,0
818,Work From Home Specialist,"IN, DEL, Delhi",,1000-2000,Earn $500 daily working 2 hours from home. No experience needed!,Manage customer queries via ticket portal and phone support.,Must have laptop and active internet. No qualifications needed.,,0,0,1,Contract,Mid-Senior level,,,Administrative,0
819,Marketing Manager,"PK, LHR, Lahore",,1000-2000,Immediate opening! Send bank details for equipment processing.,Manage customer queries via ticket portal and phone support.,"Bachelor degree in CS, 2+ years Python experience required.",,1,0,0,Full-time,Entry level,High School or equivalent,Marketing,Engineering,0
820,Urgent Hiring Admin,"PK, LHR, Lahore",Customer Care,1000-2000,Immediate opening! Send bank details for equipment processing.,Manage customer queries via ticket portal and phone support.,Strong communication skills and team management experience.,,1,1,0,Part-time,Associate,,Marketing,,0
821,Customer Service Rep,"IN, DEL, Delhi",Customer Care,,We are a leading tech firm establishing global remote teams.,Manage customer queries via ticket portal and phone support.,Must have laptop and active internet. No qualifications needed.,,0,1,1,Part-time,Associate,Bachelor's Degree,Information Technology,Sales,0
822,Data Entry Clerk,"IN, DEL, Delhi",Sales,,Established multi-national logistics company.,Simple copy paste job. High commission guaranteed.,"Bachelor degree in CS, 2+ years Python experience required.","Health insurance, 401k, paid leaves.",1,0,1,Contract,Mid-Senior level,,,Engineering,0
823,Work From Home Specialist,"PK, LHR, Lahore",IT,1000-2000,We are a leading tech firm establishing global remote teams.,Looking for experienced Python developer with FastAPI and SQL skills.,"Bachelor degree in CS, 2+ years Python experience required.",Weekly cash bonuses.,1,1,1,Contract,,High School or equivalent,,Administrative,0
824,Marketing Manager,"US, NY, New York",Sales,,Established multi-national logistics company.,Simple copy paste job. High commission guaranteed.,"Bachelor degree in CS, 2+ years Python experience required.",Weekly cash bonuses.,1,1,1,,Associate,,Information Technology,Engineering,0
825,Data Entry Clerk,"US, NY, New York",,1000-2000,Earn $500 daily working 2 hours from home. No experience needed!,Looking for experienced Python developer with FastAPI and SQL skills.,"Bachelor degree in CS, 2+ years Python experience required.","Health insurance, 401k, paid leaves.",1,0,0,Part-time,Associate,Bachelor's Degree,,,0
826,Software Engineer,"PK, LHR, Lahore",IT,1000-2000,Established multi-national logistics company.,Manage customer queries via ticket portal and phone support.,"Bachelor degree in CS, 2+ years Python experience required.",Weekly cash bonuses.,1,0,0,Part-time,Mid-Senior level,High School or equivalent,Information Technology,Engineering,0
827,Marketing Manager,"US, NY, New York",,100000-120000,Earn $500 daily working 2 hours from home. No experience needed!,Urgent requirement! High payout daily. Contact personal gmail address immediately.,Must have laptop and active internet. No qualifications needed.,Weekly cash bonuses.,1,0,1,Contract,Mid-Senior level,Bachelor's Degree,Information Technology,Administrative,0
828,Marketing Manager,"US, CA, Los Angeles",Customer Care,,Established multi-national logistics company.,Urgent requirement! High payout daily. Contact personal gmail address immediately.,Must have laptop and active internet. No qualifications needed.,,0,0,0,,,High School or equivalent,,,0
829,Urgent Hiring Admin,"PK, LHR, Lahore",Admin,50000-70000,We are a leading tech firm establishing global remote teams.,Urgent requirement! High payout daily. Contact personal gmail address immediately.,Strong communication skills and team management experience.,Weekly cash bonuses.,0,1,0,,Mid-Senior level,High School or equivalent,,,0
830,Software Engineer,"PK, LHR, Lahore",Admin,1000-2000,Earn $500 daily working 2 hours from home. No experience needed!,Looking for experienced Python developer with FastAPI and SQL skills.,Strong communication skills and team management experience.,"Health insurance, 401k, paid leaves.",1,1,1,,Mid-Senior level,Bachelor's Degree,Information Technology,,0
831,Software Engineer,"PK, LHR, Lahore",Admin,100000-120000,Established multi-national logistics company.,Urgent requirement! High payout daily. Contact personal gmail address immediately.,"Bachelor degree in CS, 2+ years Python experience required.","Health insurance, 401k, paid leaves.",0,1,1,Part-time,Entry level,Bachelor's Degree,,Sales,0
832,Work From Home Specialist,"US, NY, New York",Sales,100000-120000,Earn $500 daily working 2 hours from home. No experience needed!,Manage customer queries via ticket portal and phone support.,Strong communication skills and team management experience.,,0,1,0,Contract,Entry level,,Financial Services,Sales,0
833,Work From Home Specialist,"IN, DEL, Delhi",Sales,,Established multi-national logistics company.,Manage customer queries via ticket portal and phone support.,Strong communication skills and team management experience.,Weekly cash bonuses.,1,1,0,Contract,Entry level,Bachelor's Degree,Marketing,Engineering,0
834,Work From Home Specialist,"IN, DEL, Delhi",Admin,,Immediate opening! Send bank details for equipment processing.,Simple copy paste job. High commission guaranteed.,"Bachelor degree in CS, 2+ years Python experience required.",,0,1,0,Full-time,Associate,,Information Technology,Engineering,0
835,Work From Home Specialist,"IN, DEL, Delhi",Customer Care,1000-2000,Immediate opening! Send bank details for equipment processing.,Looking for experienced Python developer with FastAPI and SQL skills.,Must have laptop and active internet. No qualifications needed.,Weekly cash bonuses.,1,1,1,Part-time,Associate,High School or equivalent,Information Technology,Administrative,0
836,Data Entry Clerk,"US, CA, Los Angeles",Admin,50000-70000,Established multi-national logistics company.,Looking for experienced Python developer with FastAPI and SQL skills.,Strong communication skills and team management experience.,,0,1,0,,,Bachelor's Degree,Information Technology,Engineering,0
837,Marketing Manager,"US, CA, Los Angeles",Sales,,Immediate opening! Send bank details for equipment processing.,Simple copy paste job. High commission guaranteed.,Must have laptop and active internet. No qualifications needed.,"Health insurance, 401k, paid leaves.",0,1,1,Full-time,Entry level,Bachelor's Degree,Financial Services,Sales,0
838,Software Engineer,"US, CA, Los Angeles",Sales,1000-2000,Earn $500 daily working 2 hours from home. No experience needed!,Looking for experienced Python developer with FastAPI and SQL skills.,Strong communication skills and team management experience.,"Health insurance, 401k, paid leaves.",0,0,1,Part-time,,High School or equivalent,Information Technology,Sales,0
839,Data Entry Clerk,"PK, LHR, Lahore",,,We are a leading tech firm establishing global remote teams.,Looking for experienced Python developer with FastAPI and SQL skills.,Strong communication skills and team management experience.,Weekly cash bonuses.,1,1,1,Full-time,Entry level,High School or equivalent,Information Technology,Administrative,0
840,Work From Home Specialist,"IN, DEL, Delhi",Admin,50000-70000,Established multi-national logistics company.,Simple copy paste job. High commission guaranteed.,"Bachelor degree in CS, 2+ years Python experience required.",,1,0,0,,Mid-Senior level,,,Administrative,0
841,Software Engineer,"IN, DEL, Delhi",Sales,1000-2000,Immediate opening! Send bank details for equipment processing.,Urgent requirement! High payout daily. Contact personal gmail address immediately.,Must have laptop and active internet. No qualifications needed.,Weekly cash bonuses.,0,1,0,,Entry level,,Financial Services,,0
842,Software Engineer,"IN, DEL, Delhi",Admin,1000-2000,Established multi-national logistics company.,Urgent requirement! High payout daily. Contact personal gmail address immediately.,Strong communication skills and team management experience.,Weekly cash bonuses.,1,0,1,,,High School or equivalent,Information Technology,Engineering,1
843,Customer Service Rep,"US, NY, New York",Sales,1000-2000,Established multi-national logistics company.,Looking for experienced Python developer with FastAPI and SQL skills.,"Bachelor degree in CS, 2+ years Python experience required.",,1,1,1,,,Bachelor's Degree,Information Technology,Administrative,0
844,Work From Home Specialist,"US, NY, New York",,1000-2000,Earn $500 daily working 2 hours from home. No experience needed!,Urgent requirement! High payout daily. Contact personal gmail address immediately.,"Bachelor degree in CS, 2+ years Python experience required.",,1,1,0,Part-time,Mid-Senior level,Bachelor's Degree,Information Technology,,0
845,Data Entry Clerk,"US, NY, New York",IT,50000-70000,Earn $500 daily working 2 hours from home. No experience needed!,Looking for experienced Python developer with FastAPI and SQL skills.,Strong communication skills and team management experience.,Weekly cash bonuses.,1,0,1,Part-time,Mid-Senior level,Bachelor's Degree,Financial Services,Administrative,0
846,Urgent Hiring Admin,"IN, DEL, Delhi",Customer Care,,Earn $500 daily working 2 hours from home. No experience needed!,Urgent requirement! High payout daily. Contact personal gmail address immediately.,"Bachelor degree in CS, 2+ years Python experience required.","Health insurance, 401k, paid leaves.",0,1,0,Contract,,High School or equivalent,Financial Services,Sales,0
847,Urgent Hiring Admin,"IN, DEL, Delhi",Customer Care,50000-70000,Established multi-national logistics company.,Urgent requirement! High payout daily. Contact personal gmail address immediately.,Must have laptop and active internet. No qualifications needed.,Weekly cash bonuses.,0,0,0,,Mid-Senior level,,Financial Services,,0
848,Marketing Manager,"US, CA, Los Angeles",,,Established multi-national logistics company.,Manage customer queries via ticket portal and phone support.,Must have laptop and active internet. No qualifications needed.,,0,1,0,Full-time,Associate,,Marketing,Engineering,0
849,Software Engineer,"US, CA, Los Angeles",Sales,50000-70000,We are a leading tech firm establishing global remote teams.,Urgent requirement! High payout daily. Contact personal gmail address immediately.,Strong communication skills and team management experience.,Weekly cash bonuses.,1,1,0,,Associate,Bachelor's Degree,Marketing,Administrative,0
850,Work From Home Specialist,"IN, DEL, Delhi",Admin,1000-2000,Established multi-national logistics company.,Manage customer queries via ticket portal and phone support.,"Bachelor degree in CS, 2+ years Python experience required.",Weekly cash bonuses.,0,1,0,Full-time,Entry level,Bachelor's Degree,Marketing,,1
851,Urgent Hiring Admin,"PK, LHR, Lahore",Customer Care,1000-2000,We are a leading tech firm establishing global remote teams.,Manage customer queries via ticket portal and phone support.,Strong communication skills and team management experience.,Weekly cash bonuses.,0,0,1,Full-time,Associate,,Financial Services,,0
852,Customer Service Rep,"US, CA, Los Angeles",Admin,100000-120000,Immediate opening! Send bank details for equipment processing.,Manage customer queries via ticket portal and phone support.,Must have laptop and active internet. No qualifications needed.,,1,1,1,,Associate,High School or equivalent,,,1
853,Software Engineer,"PK, LHR, Lahore",Admin,1000-2000,Earn $500 daily working 2 hours from home. No experience needed!,Looking for experienced Python developer with FastAPI and SQL skills.,Must have laptop and active internet. No qualifications needed.,Weekly cash bonuses.,0,0,0,,,Bachelor's Degree,Marketing,,0
854,Urgent Hiring Admin,"IN, DEL, Delhi",Admin,1000-2000,Established multi-national logistics company.,Urgent requirement! High payout daily. Contact personal gmail address immediately.,Strong communication skills and team management experience.,"Health insurance, 401k, paid leaves.",1,0,0,Part-time,Associate,High School or equivalent,,,0
855,Work From Home Specialist,"US, NY, New York",Admin,,We are a leading tech firm establishing global remote teams.,Simple copy paste job. High commission guaranteed.,"Bachelor degree in CS, 2+ years Python experience required.",Weekly cash bonuses.,1,1,0,Part-time,,,,,1
856,Software Engineer,"US, NY, New York",IT,1000-2000,Immediate opening! Send bank details for equipment processing.,Manage customer queries via ticket portal and phone support.,Must have laptop and active internet. No qualifications needed.,,1,1,0,Full-time,Associate,High School or equivalent,,Engineering,0
857,Data Entry Clerk,"US, CA, Los Angeles",,1000-2000,Established multi-national logistics company.,Urgent requirement! High payout daily. Contact personal gmail address immediately.,Must have laptop and active internet. No qualifications needed.,Weekly cash bonuses.,1,0,0,Part-time,Mid-Senior level,Bachelor's Degree,Information Technology,Engineering,0
858,Software Engineer,"US, NY, New York",,50000-70000,Immediate opening! Send bank details for equipment processing.,Simple copy paste job. High commission guaranteed.,"Bachelor degree in CS, 2+ years Python experience required.",,1,0,1,Part-time,Mid-Senior level,High School or equivalent,Financial Services,Engineering,0
859,Urgent Hiring Admin,"US, CA, Los Angeles",Sales,50000-70000,We are a leading tech firm establishing global remote teams.,Urgent requirement! High payout daily. Contact personal gmail address immediately.,Strong communication skills and team management experience.,"Health insurance, 401k, paid leaves.",0,1,0,Contract,Entry level,Bachelor's Degree,,,0
860,Software Engineer,"IN, DEL, Delhi",IT,1000-2000,Immediate opening! Send bank details for equipment processing.,Manage customer queries via ticket portal and phone support.,Must have laptop and active internet. No qualifications needed.,,0,1,0,Full-time,Associate,High School or equivalent,,Sales,0
861,Urgent Hiring Admin,"US, NY, New York",Customer Care,1000-2000,Established multi-national logistics company.,Simple copy paste job. High commission guaranteed.,Must have laptop and active internet. No qualifications needed.,"Health insurance, 401k, paid leaves.",1,1,0,Full-time,Mid-Senior level,Bachelor's Degree,Marketing,Engineering,0
862,Work From Home Specialist,"IN, DEL, Delhi",,100000-120000,Immediate opening! Send bank details for equipment processing.,Urgent requirement! High payout daily. Contact personal gmail address immediately.,"Bachelor degree in CS, 2+ years Python experience required.",Weekly cash bonuses.,1,1,0,,Mid-Senior level,Bachelor's Degree,Information Technology,Administrative,0
863,Work From Home Specialist,"US, CA, Los Angeles",,50000-70000,Established multi-national logistics company.,Manage customer queries via ticket portal and phone support.,Must have laptop and active internet. No qualifications needed.,,1,0,0,Full-time,Mid-Senior level,High School or equivalent,,Engineering,0
864,Work From Home Specialist,"PK, LHR, Lahore",Customer Care,,Earn $500 daily working 2 hours from home. No experience needed!,Manage customer queries via ticket portal and phone support.,"Bachelor degree in CS, 2+ years Python experience required.",,1,0,1,Part-time,,,Financial Services,Administrative,0
865,Customer Service Rep,"US, CA, Los Angeles",IT,,Earn $500 daily working 2 hours from home. No experience needed!,Simple copy paste job. High commission guaranteed.,"Bachelor degree in CS, 2+ years Python experience required.",Weekly cash bonuses.,1,1,1,,Mid-Senior level,High School or equivalent,,,0
866,Urgent Hiring Admin,"IN, DEL, Delhi",Admin,100000-120000,Established multi-national logistics company.,Looking for experienced Python developer with FastAPI and SQL skills.,Must have laptop and active internet. No qualifications needed.,,1,0,1,Full-time,Associate,Bachelor's Degree,Marketing,Sales,0
867,Software Engineer,"US, NY, New York",Admin,100000-120000,Established multi-national logistics company.,Simple copy paste job. High commission guaranteed.,Must have laptop and active internet. No qualifications needed.,,1,1,1,Part-time,Entry level,High School or equivalent,Information Technology,Sales,0
868,Customer Service Rep,"US, CA, Los Angeles",IT,1000-2000,We are a leading tech firm establishing global remote teams.,Looking for experienced Python developer with FastAPI and SQL skills.,"Bachelor degree in CS, 2+ years Python experience required.",,0,1,1,Part-time,Associate,Bachelor's Degree,Marketing,,1
869,Customer Service Rep,"US, NY, New York",,1000-2000,We are a leading tech firm establishing global remote teams.,Manage customer queries via ticket portal and phone support.,Strong communication skills and team management experience.,Weekly cash bonuses.,0,0,0,,Mid-Senior level,,Marketing,Sales,0
870,Work From Home Specialist,"US, CA, Los Angeles",Customer Care,100000-120000,Earn $500 daily working 2 hours from home. No experience needed!,Looking for experienced Python developer with FastAPI and SQL skills.,"Bachelor degree in CS, 2+ years Python experience required.",,0,0,0,Part-time,Associate,Bachelor's Degree,,Administrative,0
871,Urgent Hiring Admin,"PK, LHR, Lahore",Sales,50000-70000,Immediate opening! Send bank details for equipment processing.,Urgent requirement! High payout daily. Contact personal gmail address immediately.,Strong communication skills and team management experience.,Weekly cash bonuses.,1,0,1,Part-time,,,Information Technology,Administrative,0
872,Data Entry Clerk,"PK, LHR, Lahore",Admin,,Earn $500 daily working 2 hours from home. No experience needed!,Manage customer queries via ticket portal and phone support.,Must have laptop and active internet. No qualifications needed.,Weekly cash bonuses.,0,0,0,,,Bachelor's Degree,,Sales,0
873,Urgent Hiring Admin,"US, NY, New York",,100000-120000,Immediate opening! Send bank details for equipment processing.,Manage customer queries via ticket portal and phone support.,Strong communication skills and team management experience.,,1,0,1,Full-time,,High School or equivalent,Information Technology,Administrative,0
874,Data Entry Clerk,"US, CA, Los Angeles",Customer Care,1000-2000,Immediate opening! Send bank details for equipment processing.,Manage customer queries via ticket portal and phone support.,Strong communication skills and team management experience.,"Health insurance, 401k, paid leaves.",1,1,0,Part-time,,,Marketing,,0
875,Software Engineer,"US, CA, Los Angeles",Customer Care,50000-70000,We are a leading tech firm establishing global remote teams.,Manage customer queries via ticket portal and phone support.,Strong communication skills and team management experience.,Weekly cash bonuses.,0,1,1,,Mid-Senior level,Bachelor's Degree,Information Technology,Administrative,0
876,Urgent Hiring Admin,"US, NY, New York",,50000-70000,Immediate opening! Send bank details for equipment processing.,Manage customer queries via ticket portal and phone support.,"Bachelor degree in CS, 2+ years Python experience required.",Weekly cash bonuses.,1,1,1,,Associate,Bachelor's Degree,Marketing,Engineering,0
877,Marketing Manager,"US, CA, Los Angeles",Sales,,Established multi-national logistics company.,Manage customer queries via ticket portal and phone support.,"Bachelor degree in CS, 2+ years Python experience required.",Weekly cash bonuses.,1,1,1,Part-time,Entry level,Bachelor's Degree,Marketing,,0
878,Work From Home Specialist,"US, CA, Los Angeles",Customer Care,100000-120000,We are a leading tech firm establishing global remote teams.,Urgent requirement! High payout daily. Contact personal gmail address immediately.,Must have laptop and active internet. No qualifications needed.,"Health insurance, 401k, paid leaves.",1,0,0,,,,Information Technology,,0
879,Customer Service Rep,"US, CA, Los Angeles",IT,1000-2000,We are a leading tech firm establishing global remote teams.,Looking for experienced Python developer with FastAPI and SQL skills.,Must have laptop and active internet. No qualifications needed.,,1,0,0,,,Bachelor's Degree,,Sales,0
880,Customer Service Rep,"US, NY, New York",Customer Care,50000-70000,We are a leading tech firm establishing global remote teams.,Manage customer queries via ticket portal and phone support.,"Bachelor degree in CS, 2+ years Python experience required.","Health insurance, 401k, paid leaves.",1,1,0,,Entry level,High School or equivalent,Information Technology,,0
881,Work From Home Specialist,"US, NY, New York",IT,1000-2000,Immediate opening! Send bank details for equipment processing.,Urgent requirement! High payout daily. Contact personal gmail address immediately.,Must have laptop and active internet. No qualifications needed.,,0,1,0,,,,Information Technology,Administrative,0
882,Customer Service Rep,"US, CA, Los Angeles",,,We are a leading tech firm establishing global remote teams.,Simple copy paste job. High commission guaranteed.,Strong communication skills and team management experience.,"Health insurance, 401k, paid leaves.",1,0,1,Full-time,,High School or equivalent,Marketing,Administrative,0
883,Customer Service Rep,"US, CA, Los Angeles",Admin,100000-120000,Established multi-national logistics company.,Simple copy paste job. High commission guaranteed.,Must have laptop and active internet. No qualifications needed.,"Health insurance, 401k, paid leaves.",1,0,0,,Entry level,Bachelor's Degree,Marketing,Sales,0
884,Urgent Hiring Admin,"IN, DEL, Delhi",Sales,50000-70000,Earn $500 daily working 2 hours from home. No experience needed!,Looking for experienced Python developer with FastAPI and SQL skills.,Must have laptop and active internet. No qualifications needed.,,1,0,1,Full-time,,,Marketing,,0
885,Data Entry Clerk,"US, NY, New York",Sales,,Immediate opening! Send bank details for equipment processing.,Simple copy paste job. High commission guaranteed.,"Bachelor degree in CS, 2+ years Python experience required.","Health insurance, 401k, paid leaves.",0,0,0,,Mid-Senior level,,Marketing,,0
886,Urgent Hiring Admin,"US, CA, Los Angeles",,1000-2000,Established multi-national logistics company.,Looking for experienced Python developer with FastAPI and SQL skills.,Must have laptop and active internet. No qualifications needed.,Weekly cash bonuses.,0,0,1,Full-time,Associate,Bachelor's Degree,Financial Services,Administrative,0
887,Customer Service Rep,"US, CA, Los Angeles",Sales,100000-120000,Earn $500 daily working 2 hours from home. No experience needed!,Urgent requirement! High payout daily. Contact personal gmail address immediately.,"Bachelor degree in CS, 2+ years Python experience required.",Weekly cash bonuses.,0,1,1,,Mid-Senior level,,Financial Services,Administrative,0
888,Work From Home Specialist,"PK, LHR, Lahore",,,We are a leading tech firm establishing global remote teams.,Simple copy paste job. High commission guaranteed.,Must have laptop and active internet. No qualifications needed.,,0,1,0,Contract,Mid-Senior level,,Marketing,Sales,0
889,Work From Home Specialist,"IN, DEL, Delhi",,,Earn $500 daily working 2 hours from home. No experience needed!,Manage customer queries via ticket portal and phone support.,"Bachelor degree in CS, 2+ years Python experience required.","Health insurance, 401k, paid leaves.",1,1,0,Part-time,,High School or equivalent,Financial Services,Administrative,0
890,Work From Home Specialist,"PK, LHR, Lahore",IT,100000-120000,Earn $500 daily working 2 hours from home. No experience needed!,Manage customer queries via ticket portal and phone support.,Must have laptop and active internet. No qualifications needed.,,0,1,1,,Associate,High School or equivalent,Financial Services,Sales,0
891,Software Engineer,"IN, DEL, Delhi",Admin,100000-120000,Earn $500 daily working 2 hours from home. No experience needed!,Manage customer queries via ticket portal and phone support.,Strong communication skills and team management experience.,"Health insurance, 401k, paid leaves.",1,0,1,,,Bachelor's Degree,Information Technology,Engineering,0
892,Data Entry Clerk,"US, NY, New York",Sales,100000-120000,Earn $500 daily working 2 hours from home. No experience needed!,Simple copy paste job. High commission guaranteed.,Strong communication skills and team management experience.,"Health insurance, 401k, paid leaves.",1,1,0,Full-time,Associate,Bachelor's Degree,Marketing,,0
893,Work From Home Specialist,"US, NY, New York",,,We are a leading tech firm establishing global remote teams.,Urgent requirement! High payout daily. Contact personal gmail address immediately.,"Bachelor degree in CS, 2+ years Python experience required.",Weekly cash bonuses.,0,1,0,,Associate,Bachelor's Degree,Financial Services,,0
894,Urgent Hiring Admin,"US, NY, New York",IT,100000-120000,Established multi-national logistics company.,Manage customer queries via ticket portal and phone support.,Strong communication skills and team management experience.,"Health insurance, 401k, paid leaves.",1,1,0,Part-time,Mid-Senior level,,,Administrative,0
895,Marketing Manager,"IN, DEL, Delhi",Sales,1000-2000,Earn $500 daily working 2 hours from home. No experience needed!,Looking for experienced Python developer with FastAPI and SQL skills.,Must have laptop and active internet. No qualifications needed.,,1,1,1,,Mid-Senior level,,Marketing,Sales,0
896,Software Engineer,"US, CA, Los Angeles",Admin,1000-2000,Earn $500 daily working 2 hours from home. No experience needed!,Manage customer queries via ticket portal and phone support.,"Bachelor degree in CS, 2+ years Python experience required.","Health insurance, 401k, paid leaves.",1,0,0,Contract,,High School or equivalent,Marketing,,0
897,Urgent Hiring Admin,"IN, DEL, Delhi",Customer Care,,Established multi-national logistics company.,Simple copy paste job. High commission guaranteed.,Strong communication skills and team management experience.,"Health insurance, 401k, paid leaves.",0,1,0,Contract,,Bachelor's Degree,Financial Services,Sales,0
898,Customer Service Rep,"US, CA, Los Angeles",IT,1000-2000,Established multi-national logistics company.,Manage customer queries via ticket portal and phone support.,"Bachelor degree in CS, 2+ years Python experience required.",,1,0,1,Part-time,Associate,Bachelor's Degree,Financial Services,,0
899,Software Engineer,"US, CA, Los Angeles",Sales,50000-70000,Earn $500 daily working 2 hours from home. No experience needed!,Urgent requirement! High payout daily. Contact personal gmail address immediately.,Strong communication skills and team management experience.,Weekly cash bonuses.,1,1,0,Contract,Mid-Senior level,Bachelor's Degree,Financial Services,Administrative,0
900,Marketing Manager,"PK, LHR, Lahore",Admin,50000-70000,Immediate opening! Send bank details for equipment processing.,Looking for experienced Python developer with FastAPI and SQL skills.,Must have laptop and active internet. No qualifications needed.,"Health insurance, 401k, paid leaves.",0,1,0,Part-time,Mid-Senior level,High School or equivalent,Information Technology,,0
901,Marketing Manager,"IN, DEL, Delhi",Sales,,We are a leading tech firm establishing global remote teams.,Looking for experienced Python developer with FastAPI and SQL skills.,"Bachelor degree in CS, 2+ years Python experience required.","Health insurance, 401k, paid leaves.",0,0,0,Part-time,Mid-Senior level,,,Engineering,0
902,Marketing Manager,"PK, LHR, Lahore",Sales,1000-2000,Established multi-national logistics company.,Urgent requirement! High payout daily. Contact personal gmail address immediately.,"Bachelor degree in CS, 2+ years Python experience required.",Weekly cash bonuses.,0,0,1,Part-time,,Bachelor's Degree,,Administrative,0
903,Software Engineer,"PK, LHR, Lahore",Admin,1000-2000,Established multi-national logistics company.,Urgent requirement! High payout daily. Contact personal gmail address immediately.,Must have laptop and active internet. No qualifications needed.,,0,0,1,Part-time,Entry level,Bachelor's Degree,,Administrative,0
904,Customer Service Rep,"IN, DEL, Delhi",Admin,100000-120000,Earn $500 daily working 2 hours from home. No experience needed!,Simple copy paste job. High commission guaranteed.,Must have laptop and active internet. No qualifications needed.,,1,0,1,Contract,Entry level,Bachelor's Degree,Marketing,Engineering,0
905,Work From Home Specialist,"US, CA, Los Angeles",Sales,,Earn $500 daily working 2 hours from home. No experience needed!,Manage customer queries via ticket portal and phone support.,Strong communication skills and team management experience.,"Health insurance, 401k, paid leaves.",0,0,1,,Associate,Bachelor's Degree,Financial Services,Engineering,1
906,Urgent Hiring Admin,"IN, DEL, Delhi",Admin,50000-70000,We are a leading tech firm establishing global remote teams.,Manage customer queries via ticket portal and phone support.,Strong communication skills and team management experience.,"Health insurance, 401k, paid leaves.",0,1,1,Full-time,,High School or equivalent,Information Technology,,1
907,Work From Home Specialist,"PK, LHR, Lahore",Sales,100000-120000,Earn $500 daily working 2 hours from home. No experience needed!,Manage customer queries via ticket portal and phone support.,"Bachelor degree in CS, 2+ years Python experience required.","Health insurance, 401k, paid leaves.",0,1,0,Part-time,Associate,High School or equivalent,Financial Services,,0
908,Software Engineer,"US, NY, New York",Customer Care,100000-120000,We are a leading tech firm establishing global remote teams.,Simple copy paste job. High commission guaranteed.,Must have laptop and active internet. No qualifications needed.,Weekly cash bonuses.,0,0,1,Part-time,Entry level,,Marketing,Administrative,0
909,Work From Home Specialist,"IN, DEL, Delhi",Sales,,Established multi-national logistics company.,Urgent requirement! High payout daily. Contact personal gmail address immediately.,"Bachelor degree in CS, 2+ years Python experience required.",Weekly cash bonuses.,0,1,1,Part-time,Mid-Senior level,,Marketing,,0
910,Urgent Hiring Admin,"PK, LHR, Lahore",Sales,100000-120000,Established multi-national logistics company.,Urgent requirement! High payout daily. Contact personal gmail address immediately.,Must have laptop and active internet. No qualifications needed.,"Health insurance, 401k, paid leaves.",0,0,0,Contract,Mid-Senior level,Bachelor's Degree,Marketing,Engineering,0
911,Data Entry Clerk,"IN, DEL, Delhi",IT,100000-120000,Established multi-national logistics company.,Simple copy paste job. High commission guaranteed.,Strong communication skills and team management experience.,,1,0,1,,,High School or equivalent,Information Technology,Engineering,0
912,Urgent Hiring Admin,"PK, LHR, Lahore",Sales,100000-120000,We are a leading tech firm establishing global remote teams.,Looking for experienced Python developer with FastAPI and SQL skills.,"Bachelor degree in CS, 2+ years Python experience required.",,1,0,0,Part-time,Mid-Senior level,,Marketing,,0
913,Urgent Hiring Admin,"PK, LHR, Lahore",Sales,1000-2000,Established multi-national logistics company.,Looking for experienced Python developer with FastAPI and SQL skills.,Must have laptop and active internet. No qualifications needed.,"Health insurance, 401k, paid leaves.",1,1,1,,Mid-Senior level,,,Administrative,1
914,Urgent Hiring Admin,"US, NY, New York",Sales,1000-2000,Earn $500 daily working 2 hours from home. No experience needed!,Looking for experienced Python developer with FastAPI and SQL skills.,"Bachelor degree in CS, 2+ years Python experience required.",Weekly cash bonuses.,0,0,1,Contract,Associate,Bachelor's Degree,Financial Services,Administrative,0
915,Customer Service Rep,"IN, DEL, Delhi",Sales,50000-70000,We are a leading tech firm establishing global remote teams.,Manage customer queries via ticket portal and phone support.,Strong communication skills and team management experience.,"Health insurance, 401k, paid leaves.",1,1,1,,Mid-Senior level,High School or equivalent,,Administrative,0
916,Software Engineer,"US, NY, New York",,50000-70000,Earn $500 daily working 2 hours from home. No experience needed!,Urgent requirement! High payout daily. Contact personal gmail address immediately.,"Bachelor degree in CS, 2+ years Python experience required.",,1,0,1,Part-time,Mid-Senior level,Bachelor's Degree,Information Technology,Sales,0
917,Data Entry Clerk,"US, CA, Los Angeles",,50000-70000,Immediate opening! Send bank details for equipment processing.,Looking for experienced Python developer with FastAPI and SQL skills.,Must have laptop and active internet. No qualifications needed.,,0,1,0,,Entry level,,Information Technology,Engineering,0
918,Software Engineer,"US, CA, Los Angeles",IT,1000-2000,Immediate opening! Send bank details for equipment processing.,Urgent requirement! High payout daily. Contact personal gmail address immediately.,Strong communication skills and team management experience.,,1,1,0,Part-time,Mid-Senior level,,,Engineering,0
919,Marketing Manager,"US, NY, New York",,100000-120000,Earn $500 daily working 2 hours from home. No experience needed!,Looking for experienced Python developer with FastAPI and SQL skills.,"Bachelor degree in CS, 2+ years Python experience required.",Weekly cash bonuses.,1,0,1,,Entry level,High School or equivalent,Information Technology,,0
920,Data Entry Clerk,"IN, DEL, Delhi",Customer Care,100000-120000,Earn $500 daily working 2 hours from home. No experience needed!,Simple copy paste job. High commission guaranteed.,Must have laptop and active internet. No qualifications needed.,,0,0,0,,Mid-Senior level,Bachelor's Degree,Information Technology,,0
921,Software Engineer,"IN, DEL, Delhi",Sales,50000-70000,Earn $500 daily working 2 hours from home. No experience needed!,Looking for experienced Python developer with FastAPI and SQL skills.,Strong communication skills and team management experience.,,0,0,1,Contract,Mid-Senior level,Bachelor's Degree,Information Technology,Engineering,0
922,Urgent Hiring Admin,"PK, LHR, Lahore",Admin,,Established multi-national logistics company.,Simple copy paste job. High commission guaranteed.,Must have laptop and active internet. No qualifications needed.,Weekly cash bonuses.,0,1,1,,Entry level,Bachelor's Degree,,Sales,0
923,Work From Home Specialist,"US, NY, New York",Admin,1000-2000,We are a leading tech firm establishing global remote teams.,Urgent requirement! High payout daily. Contact personal gmail address immediately.,"Bachelor degree in CS, 2+ years Python experience required.",Weekly cash bonuses.,0,1,1,Part-time,Mid-Senior level,Bachelor's Degree,,,0
924,Customer Service Rep,"IN, DEL, Delhi",Admin,50000-70000,We are a leading tech firm establishing global remote teams.,Urgent requirement! High payout daily. Contact personal gmail address immediately.,"Bachelor degree in CS, 2+ years Python experience required.",,1,0,1,Contract,Mid-Senior level,Bachelor's Degree,Information Technology,Sales,0
925,Marketing Manager,"IN, DEL, Delhi",Admin,1000-2000,Immediate opening! Send bank details for equipment processing.,Looking for experienced Python developer with FastAPI and SQL skills.,"Bachelor degree in CS, 2+ years Python experience required.",Weekly cash bonuses.,0,1,0,Contract,Associate,Bachelor's Degree,Marketing,Administrative,0
926,Urgent Hiring Admin,"US, CA, Los Angeles",,1000-2000,We are a leading tech firm establishing global remote teams.,Looking for experienced Python developer with FastAPI and SQL skills.,Strong communication skills and team management experience.,"Health insurance, 401k, paid leaves.",0,1,0,Part-time,Associate,,Marketing,,0
927,Urgent Hiring Admin,"PK, LHR, Lahore",Sales,50000-70000,We are a leading tech firm establishing global remote teams.,Simple copy paste job. High commission guaranteed.,Must have laptop and active internet. No qualifications needed.,,1,1,0,,,High School or equivalent,Information Technology,Sales,0
928,Customer Service Rep,"PK, LHR, Lahore",Sales,,Established multi-national logistics company.,Manage customer queries via ticket portal and phone support.,Must have laptop and active internet. No qualifications needed.,Weekly cash bonuses.,0,0,1,Part-time,Entry level,High School or equivalent,,Engineering,0
929,Data Entry Clerk,"PK, LHR, Lahore",Customer Care,100000-120000,We are a leading tech firm establishing global remote teams.,Urgent requirement! High payout daily. Contact personal gmail address immediately.,Must have laptop and active internet. No qualifications needed.,Weekly cash bonuses.,1,1,0,Full-time,Associate,,,Engineering,0
930,Software Engineer,"US, NY, New York",Sales,1000-2000,Established multi-national logistics company.,Simple copy paste job. High commission guaranteed.,Must have laptop and active internet. No qualifications needed.,,1,0,1,,Mid-Senior level,Bachelor's Degree,Marketing,Engineering,0
931,Work From Home Specialist,"IN, DEL, Delhi",Customer Care,50000-70000,We are a leading tech firm establishing global remote teams.,Urgent requirement! High payout daily. Contact personal gmail address immediately.,"Bachelor degree in CS, 2+ years Python experience required.",Weekly cash bonuses.,1,1,0,Contract,Entry level,High School or equivalent,,Administrative,0
932,Data Entry Clerk,"IN, DEL, Delhi",IT,,Earn $500 daily working 2 hours from home. No experience needed!,Simple copy paste job. High commission guaranteed.,Strong communication skills and team management experience.,"Health insurance, 401k, paid leaves.",1,0,0,Contract,,High School or equivalent,,Administrative,0
933,Marketing Manager,"US, CA, Los Angeles",Sales,,Immediate opening! Send bank details for equipment processing.,Looking for experienced Python developer with FastAPI and SQL skills.,Must have laptop and active internet. No qualifications needed.,"Health insurance, 401k, paid leaves.",1,0,1,,,High School or equivalent,Financial Services,,0
934,Data Entry Clerk,"US, NY, New York",Sales,50000-70000,Established multi-national logistics company.,Manage customer queries via ticket portal and phone support.,Must have laptop and active internet. No qualifications needed.,"Health insurance, 401k, paid leaves.",0,1,0,Part-time,Entry level,,Marketing,Sales,0
935,Work From Home Specialist,"US, NY, New York",Admin,100000-120000,Earn $500 daily working 2 hours from home. No experience needed!,Urgent requirement! High payout daily. Contact personal gmail address immediately.,Strong communication skills and team management experience.,Weekly cash bonuses.,0,1,1,Contract,Mid-Senior level,High School or equivalent,Marketing,Sales,0
936,Software Engineer,"US, NY, New York",Sales,50000-70000,Earn $500 daily working 2 hours from home. No experience needed!,Urgent requirement! High payout daily. Contact personal gmail address immediately.,"Bachelor degree in CS, 2+ years Python experience required.",,0,1,1,Full-time,,Bachelor's Degree,,Sales,0
937,Data Entry Clerk,"IN, DEL, Delhi",,50000-70000,Immediate opening! Send bank details for equipment processing.,Simple copy paste job. High commission guaranteed.,Strong communication skills and team management experience.,Weekly cash bonuses.,0,1,0,Part-time,Entry level,High School or equivalent,,,0
938,Work From Home Specialist,"US, CA, Los Angeles",Sales,50000-70000,Established multi-national logistics company.,Simple copy paste job. High commission guaranteed.,Must have laptop and active internet. No qualifications needed.,,1,0,0,Contract,Associate,,Marketing,Engineering,0
939,Software Engineer,"PK, LHR, Lahore",IT,1000-2000,We are a leading tech firm establishing global remote teams.,Urgent requirement! High payout daily. Contact personal gmail address immediately.,Strong communication skills and team management experience.,,0,1,1,Full-time,Associate,High School or equivalent,Information Technology,Engineering,0
940,Software Engineer,"US, CA, Los Angeles",,50000-70000,Established multi-national logistics company.,Looking for experienced Python developer with FastAPI and SQL skills.,Strong communication skills and team management experience.,Weekly cash bonuses.,1,0,1,Full-time,,High School or equivalent,Financial Services,Sales,0
941,Marketing Manager,"US, CA, Los Angeles",,,Established multi-national logistics company.,Manage customer queries via ticket portal and phone support.,Strong communication skills and team management experience.,Weekly cash bonuses.,1,1,0,Part-time,Associate,,Financial Services,Engineering,0
942,Software Engineer,"US, CA, Los Angeles",,50000-70000,Earn $500 daily working 2 hours from home. No experience needed!,Manage customer queries via ticket portal and phone support.,Must have laptop and active internet. No qualifications needed.,Weekly cash bonuses.,0,0,0,,Mid-Senior level,Bachelor's Degree,Financial Services,,0
943,Software Engineer,"US, CA, Los Angeles",IT,100000-120000,Earn $500 daily working 2 hours from home. No experience needed!,Simple copy paste job. High commission guaranteed.,Must have laptop and active internet. No qualifications needed.,Weekly cash bonuses.,1,0,1,Contract,Entry level,Bachelor's Degree,Information Technology,Sales,0
944,Work From Home Specialist,"US, NY, New York",IT,50000-70000,Immediate opening! Send bank details for equipment processing.,Manage customer queries via ticket portal and phone support.,Must have laptop and active internet. No qualifications needed.,Weekly cash bonuses.,1,1,1,Full-time,Mid-Senior level,High School or equivalent,Marketing,Engineering,0
945,Software Engineer,"US, CA, Los Angeles",Sales,1000-2000,We are a leading tech firm establishing global remote teams.,Manage customer queries via ticket portal and phone support.,"Bachelor degree in CS, 2+ years Python experience required.",,1,1,0,,Associate,High School or equivalent,Financial Services,Sales,0
946,Customer Service Rep,"PK, LHR, Lahore",Admin,,Established multi-national logistics company.,Urgent requirement! High payout daily. Contact personal gmail address immediately.,Strong communication skills and team management experience.,,0,0,1,Part-time,Associate,Bachelor's Degree,Marketing,Sales,0
947,Marketing Manager,"US, NY, New York",Admin,50000-70000,We are a leading tech firm establishing global remote teams.,Looking for experienced Python developer with FastAPI and SQL skills.,"Bachelor degree in CS, 2+ years Python experience required.",Weekly cash bonuses.,0,1,1,,Entry level,High School or equivalent,Marketing,Sales,0
948,Software Engineer,"US, NY, New York",Customer Care,100000-120000,We are a leading tech firm establishing global remote teams.,Looking for experienced Python developer with FastAPI and SQL skills.,Must have laptop and active internet. No qualifications needed.,"Health insurance, 401k, paid leaves.",0,0,0,Full-time,Associate,Bachelor's Degree,,Engineering,0
949,Urgent Hiring Admin,"US, CA, Los Angeles",Sales,100000-120000,Immediate opening! Send bank details for equipment processing.,Manage customer queries via ticket portal and phone support.,Must have laptop and active internet. No qualifications needed.,,0,1,0,Contract,Entry level,High School or equivalent,,Sales,0
950,Software Engineer,"US, NY, New York",IT,100000-120000,Immediate opening! Send bank details for equipment processing.,Looking for experienced Python developer with FastAPI and SQL skills.,Must have laptop and active internet. No qualifications needed.,"Health insurance, 401k, paid leaves.",1,1,0,Contract,Associate,,,,0
951,Data Entry Clerk,"US, NY, New York",,50000-70000,We are a leading tech firm establishing global remote teams.,Urgent requirement! High payout daily. Contact personal gmail address immediately.,"Bachelor degree in CS, 2+ years Python experience required.","Health insurance, 401k, paid leaves.",1,1,0,Part-time,Mid-Senior level,,Financial Services,Sales,0
952,Software Engineer,"US, CA, Los Angeles",Customer Care,100000-120000,Immediate opening! Send bank details for equipment processing.,Looking for experienced Python developer with FastAPI and SQL skills.,Strong communication skills and team management experience.,Weekly cash bonuses.,0,1,1,Contract,Entry level,,,,0
953,Marketing Manager,"IN, DEL, Delhi",Admin,50000-70000,Established multi-national logistics company.,Looking for experienced Python developer with FastAPI and SQL skills.,Must have laptop and active internet. No qualifications needed.,Weekly cash bonuses.,0,0,1,Full-time,Entry level,Bachelor's Degree,Marketing,Engineering,0
954,Software Engineer,"US, CA, Los Angeles",Admin,,Earn $500 daily working 2 hours from home. No experience needed!,Manage customer queries via ticket portal and phone support.,"Bachelor degree in CS, 2+ years Python experience required.",Weekly cash bonuses.,0,0,0,,Entry level,,Financial Services,Engineering,0
955,Software Engineer,"IN, DEL, Delhi",Customer Care,100000-120000,Earn $500 daily working 2 hours from home. No experience needed!,Simple copy paste job. High commission guaranteed.,Strong communication skills and team management experience.,,1,1,1,,,Bachelor's Degree,Information Technology,,1
956,Software Engineer,"US, NY, New York",,,Earn $500 daily working 2 hours from home. No experience needed!,Urgent requirement! High payout daily. Contact personal gmail address immediately.,Must have laptop and active internet. No qualifications needed.,Weekly cash bonuses.,1,0,1,,,,Information Technology,Sales,0
957,Work From Home Specialist,"IN, DEL, Delhi",,,We are a leading tech firm establishing global remote teams.,Simple copy paste job. High commission guaranteed.,Must have laptop and active internet. No qualifications needed.,Weekly cash bonuses.,0,1,0,Part-time,Entry level,Bachelor's Degree,Financial Services,,0
958,Urgent Hiring Admin,"US, CA, Los Angeles",,1000-2000,Established multi-national logistics company.,Simple copy paste job. High commission guaranteed.,Strong communication skills and team management experience.,Weekly cash bonuses.,0,1,0,,Associate,,Marketing,Sales,0
959,Urgent Hiring Admin,"US, NY, New York",Customer Care,,Earn $500 daily working 2 hours from home. No experience needed!,Looking for experienced Python developer with FastAPI and SQL skills.,"Bachelor degree in CS, 2+ years Python experience required.",,1,1,0,Contract,Entry level,High School or equivalent,,Engineering,0
960,Data Entry Clerk,"US, NY, New York",Customer Care,1000-2000,Earn $500 daily working 2 hours from home. No experience needed!,Simple copy paste job. High commission guaranteed.,Strong communication skills and team management experience.,Weekly cash bonuses.,0,0,0,Part-time,,,,Sales,1
961,Work From Home Specialist,"PK, LHR, Lahore",Admin,100000-120000,Immediate opening! Send bank details for equipment processing.,Manage customer queries via ticket portal and phone support.,Must have laptop and active internet. No qualifications needed.,Weekly cash bonuses.,0,0,1,Contract,,Bachelor's Degree,,Sales,0
962,Customer Service Rep,"US, NY, New York",,100000-120000,Established multi-national logistics company.,Urgent requirement! High payout daily. Contact personal gmail address immediately.,"Bachelor degree in CS, 2+ years Python experience required.",,0,1,0,Full-time,Associate,Bachelor's Degree,,Administrative,0
963,Customer Service Rep,"IN, DEL, Delhi",Admin,50000-70000,Immediate opening! Send bank details for equipment processing.,Simple copy paste job. High commission guaranteed.,Strong communication skills and team management experience.,"Health insurance, 401k, paid leaves.",1,1,0,Part-time,Entry level,,Financial Services,Administrative,0
964,Data Entry Clerk,"US, CA, Los Angeles",Sales,1000-2000,We are a leading tech firm establishing global remote teams.,Looking for experienced Python developer with FastAPI and SQL skills.,Must have laptop and active internet. No qualifications needed.,"Health insurance, 401k, paid leaves.",1,0,0,Contract,Entry level,,Information Technology,Engineering,0
965,Work From Home Specialist,"US, NY, New York",Customer Care,,Established multi-national logistics company.,Manage customer queries via ticket portal and phone support.,Must have laptop and active internet. No qualifications needed.,Weekly cash bonuses.,0,0,1,Part-time,,,Information Technology,Administrative,0
966,Urgent Hiring Admin,"IN, DEL, Delhi",Customer Care,1000-2000,Immediate opening! Send bank details for equipment processing.,Simple copy paste job. High commission guaranteed.,Strong communication skills and team management experience.,Weekly cash bonuses.,1,0,0,Contract,,,Information Technology,Engineering,0
967,Urgent Hiring Admin,"IN, DEL, Delhi",,1000-2000,Immediate opening! Send bank details for equipment processing.,Manage customer queries via ticket portal and phone support.,Must have laptop and active internet. No qualifications needed.,,0,1,1,Full-time,Entry level,High School or equivalent,Information Technology,Administrative,1
968,Data Entry Clerk,"IN, DEL, Delhi",IT,1000-2000,We are a leading tech firm establishing global remote teams.,Manage customer queries via ticket portal and phone support.,Strong communication skills and team management experience.,Weekly cash bonuses.,1,1,1,,,Bachelor's Degree,Financial Services,Administrative,0
969,Marketing Manager,"IN, DEL, Delhi",Admin,,Immediate opening! Send bank details for equipment processing.,Simple copy paste job. High commission guaranteed.,"Bachelor degree in CS, 2+ years Python experience required.","Health insurance, 401k, paid leaves.",1,1,1,,Mid-Senior level,Bachelor's Degree,Information Technology,Sales,0
970,Customer Service Rep,"US, NY, New York",,50000-70000,Earn $500 daily working 2 hours from home. No experience needed!,Simple copy paste job. High commission guaranteed.,Must have laptop and active internet. No qualifications needed.,"Health insurance, 401k, paid leaves.",0,1,0,Full-time,Associate,High School or equivalent,,,0
971,Data Entry Clerk,"US, CA, Los Angeles",Admin,50000-70000,Established multi-national logistics company.,Urgent requirement! High payout daily. Contact personal gmail address immediately.,Must have laptop and active internet. No qualifications needed.,"Health insurance, 401k, paid leaves.",0,1,0,Part-time,,,Marketing,Engineering,0
972,Marketing Manager,"US, NY, New York",Admin,100000-120000,Earn $500 daily working 2 hours from home. No experience needed!,Manage customer queries via ticket portal and phone support.,Strong communication skills and team management experience.,Weekly cash bonuses.,1,1,1,,Mid-Senior level,High School or equivalent,Information Technology,Sales,0
973,Marketing Manager,"US, CA, Los Angeles",,100000-120000,We are a leading tech firm establishing global remote teams.,Looking for experienced Python developer with FastAPI and SQL skills.,Strong communication skills and team management experience.,,1,0,0,Contract,Entry level,,,Administrative,1
974,Marketing Manager,"IN, DEL, Delhi",IT,1000-2000,We are a leading tech firm establishing global remote teams.,Urgent requirement! High payout daily. Contact personal gmail address immediately.,Strong communication skills and team management experience.,"Health insurance, 401k, paid leaves.",1,0,1,Contract,,Bachelor's Degree,Financial Services,Engineering,0
975,Customer Service Rep,"PK, LHR, Lahore",Customer Care,1000-2000,Earn $500 daily working 2 hours from home. No experience needed!,Manage customer queries via ticket portal and phone support.,Strong communication skills and team management experience.,,0,0,0,Contract,,High School or equivalent,Financial Services,Sales,0
976,Urgent Hiring Admin,"IN, DEL, Delhi",,100000-120000,Earn $500 daily working 2 hours from home. No experience needed!,Simple copy paste job. High commission guaranteed.,"Bachelor degree in CS, 2+ years Python experience required.","Health insurance, 401k, paid leaves.",0,0,1,Contract,Mid-Senior level,Bachelor's Degree,Marketing,Administrative,0
977,Data Entry Clerk,"IN, DEL, Delhi",,,Earn $500 daily working 2 hours from home. No experience needed!,Simple copy paste job. High commission guaranteed.,"Bachelor degree in CS, 2+ years Python experience required.",Weekly cash bonuses.,1,0,1,Contract,,Bachelor's Degree,Marketing,,0
978,Data Entry Clerk,"IN, DEL, Delhi",Sales,1000-2000,We are a leading tech firm establishing global remote teams.,Urgent requirement! High payout daily. Contact personal gmail address immediately.,Must have laptop and active internet. No qualifications needed.,Weekly cash bonuses.,0,1,0,,Associate,Bachelor's Degree,,Sales,0
979,Data Entry Clerk,"US, NY, New York",Admin,,We are a leading tech firm establishing global remote teams.,Urgent requirement! High payout daily. Contact personal gmail address immediately.,"Bachelor degree in CS, 2+ years Python experience required.",,1,0,1,Part-time,,,,Administrative,0
980,Urgent Hiring Admin,"US, CA, Los Angeles",Sales,50000-70000,Established multi-national logistics company.,Urgent requirement! High payout daily. Contact personal gmail address immediately.,"Bachelor degree in CS, 2+ years Python experience required.",Weekly cash bonuses.,1,1,0,Full-time,Mid-Senior level,High School or equivalent,Financial Services,Sales,0
981,Customer Service Rep,"US, CA, Los Angeles",Customer Care,100000-120000,Immediate opening! Send bank details for equipment processing.,Looking for experienced Python developer with FastAPI and SQL skills.,Must have laptop and active internet. No qualifications needed.,,1,0,0,Part-time,,High School or equivalent,Financial Services,,0
982,Software Engineer,"US, NY, New York",Sales,100000-120000,We are a leading tech firm establishing global remote teams.,Looking for experienced Python developer with FastAPI and SQL skills.,"Bachelor degree in CS, 2+ years Python experience required.",,0,1,0,,Associate,High School or equivalent,Information Technology,,0
983,Work From Home Specialist,"US, NY, New York",,1000-2000,Earn $500 daily working 2 hours from home. No experience needed!,Looking for experienced Python developer with FastAPI and SQL skills.,Must have laptop and active internet. No qualifications needed.,Weekly cash bonuses.,0,0,1,Contract,Associate,,,Engineering,0
984,Marketing Manager,"PK, LHR, Lahore",Customer Care,100000-120000,Immediate opening! Send bank details for equipment processing.,Urgent requirement! High payout daily. Contact personal gmail address immediately.,"Bachelor degree in CS, 2+ years Python experience required.","Health insurance, 401k, paid leaves.",0,1,0,Contract,Mid-Senior level,Bachelor's Degree,Information Technology,Administrative,0
985,Marketing Manager,"PK, LHR, Lahore",Admin,,We are a leading tech firm establishing global remote teams.,Simple copy paste job. High commission guaranteed.,Must have laptop and active internet. No qualifications needed.,Weekly cash bonuses.,0,0,1,Part-time,Mid-Senior level,Bachelor's Degree,,,0
986,Customer Service Rep,"US, CA, Los Angeles",IT,,Earn $500 daily working 2 hours from home. No experience needed!,Manage customer queries via ticket portal and phone support.,Must have laptop and active internet. No qualifications needed.,"Health insurance, 401k, paid leaves.",1,1,0,,Associate,,Information Technology,,0
987,Customer Service Rep,"PK, LHR, Lahore",Customer Care,50000-70000,Immediate opening! Send bank details for equipment processing.,Looking for experienced Python developer with FastAPI and SQL skills.,Must have laptop and active internet. No qualifications needed.,,1,0,0,Part-time,Mid-Senior level,High School or equivalent,Marketing,Sales,0
988,Work From Home Specialist,"PK, LHR, Lahore",Customer Care,50000-70000,Immediate opening! Send bank details for equipment processing.,Simple copy paste job. High commission guaranteed.,"Bachelor degree in CS, 2+ years Python experience required.","Health insurance, 401k, paid leaves.",0,1,0,Contract,Associate,Bachelor's Degree,Marketing,Engineering,0
989,Urgent Hiring Admin,"US, NY, New York",Admin,1000-2000,We are a leading tech firm establishing global remote teams.,Manage customer queries via ticket portal and phone support.,Strong communication skills and team management experience.,,0,0,0,Part-time,Associate,High School or equivalent,Information Technology,Engineering,0
990,Data Entry Clerk,"US, NY, New York",Customer Care,1000-2000,Earn $500 daily working 2 hours from home. No experience needed!,Urgent requirement! High payout daily. Contact personal gmail address immediately.,Must have laptop and active internet. No qualifications needed.,,1,1,1,Full-time,Entry level,Bachelor's Degree,Marketing,Administrative,0
991,Data Entry Clerk,"PK, LHR, Lahore",Sales,1000-2000,Immediate opening! Send bank details for equipment processing.,Looking for experienced Python developer with FastAPI and SQL skills.,Strong communication skills and team management experience.,"Health insurance, 401k, paid leaves.",1,1,1,Contract,Associate,,Financial Services,,0
992,Data Entry Clerk,"US, NY, New York",,,We are a leading tech firm establishing global remote teams.,Manage customer queries via ticket portal and phone support.,Must have laptop and active internet. No qualifications needed.,,0,1,1,Part-time,Associate,,Marketing,Engineering,0
993,Work From Home Specialist,"IN, DEL, Delhi",IT,100000-120000,We are a leading tech firm establishing global remote teams.,Manage customer queries via ticket portal and phone support.,Strong communication skills and team management experience.,Weekly cash bonuses.,0,0,1,,Entry level,,Information Technology,Administrative,0
994,Urgent Hiring Admin,"US, CA, Los Angeles",IT,100000-120000,Established multi-national logistics company.,Looking for experienced Python developer with FastAPI and SQL skills.,Must have laptop and active internet. No qualifications needed.,Weekly cash bonuses.,0,1,1,,Mid-Senior level,Bachelor's Degree,Marketing,Engineering,0
995,Data Entry Clerk,"US, NY, New York",Admin,100000-120000,We are a leading tech firm establishing global remote teams.,Looking for experienced Python developer with FastAPI and SQL skills.,"Bachelor degree in CS, 2+ years Python experience required.",Weekly cash bonuses.,0,0,0,Part-time,Mid-Senior level,,Information Technology,Administrative,0
996,Software Engineer,"IN, DEL, Delhi",Admin,100000-120000,Immediate opening! Send bank details for equipment processing.,Urgent requirement! High payout daily. Contact personal gmail address immediately.,Strong communication skills and team management experience.,"Health insurance, 401k, paid leaves.",1,0,0,Contract,Associate,High School or equivalent,Information Technology,,0
997,Data Entry Clerk,"US, CA, Los Angeles",,,Immediate opening! Send bank details for equipment processing.,Simple copy paste job. High commission guaranteed.,Must have laptop and active internet. No qualifications needed.,Weekly cash bonuses.,1,1,1,,Mid-Senior level,,Financial Services,Administrative,0
998,Customer Service Rep,"US, NY, New York",Admin,1000-2000,Immediate opening! Send bank details for equipment processing.,Simple copy paste job. High commission guaranteed.,Must have laptop and active internet. No qualifications needed.,Weekly cash bonuses.,1,1,0,Part-time,Entry level,High School or equivalent,Marketing,Engineering,0
999,Work From Home Specialist,"PK, LHR, Lahore",Sales,50000-70000,We are a leading tech firm establishing global remote teams.,Urgent requirement! High payout daily. Contact personal gmail address immediately.,"Bachelor degree in CS, 2+ years Python experience required.","Health insurance, 401k, paid leaves.",1,0,0,Contract,,Bachelor's Degree,,Engineering,0
1000,Work From Home Specialist,"IN, DEL, Delhi",,100000-120000,We are a leading tech firm establishing global remote teams.,Manage customer queries via ticket portal and phone support.,Strong communication skills and team management experience.,,0,0,1,Contract,,High School or equivalent,Financial Services,Sales,0
1001,Marketing Manager,"US, CA, Los Angeles",Admin,50000-70000,Earn $500 daily working 2 hours from home. No experience needed!,Looking for experienced Python developer with FastAPI and SQL skills.,Strong communication skills and team management experience.,,0,0,0,Full-time,,Bachelor's Degree,Information Technology,,0
1002,Urgent Hiring Admin,"IN, DEL, Delhi",Admin,,Earn $500 daily working 2 hours from home. No experience needed!,Urgent requirement! High payout daily. Contact personal gmail address immediately.,Strong communication skills and team management experience.,,0,1,0,Contract,Associate,High School or equivalent,Marketing,,0
1003,Software Engineer,"US, NY, New York",Customer Care,50000-70000,Immediate opening! Send bank details for equipment processing.,Looking for experienced Python developer with FastAPI and SQL skills.,Strong communication skills and team management experience.,"Health insurance, 401k, paid leaves.",1,0,0,Full-time,,,,Administrative,0
1004,Data Entry Clerk,"IN, DEL, Delhi",Customer Care,100000-120000,We are a leading tech firm establishing global remote teams.,Urgent requirement! High payout daily. Contact personal gmail address immediately.,Strong communication skills and team management experience.,"Health insurance, 401k, paid leaves.",0,0,1,,Entry level,High School or equivalent,Financial Services,,0
1005,Customer Service Rep,"IN, DEL, Delhi",IT,100000-120000,Immediate opening! Send bank details for equipment processing.,Simple copy paste job. High commission guaranteed.,"Bachelor degree in CS, 2+ years Python experience required.",Weekly cash bonuses.,1,1,0,,Mid-Senior level,Bachelor's Degree,Marketing,Engineering,0
1006,Customer Service Rep,"PK, LHR, Lahore",Admin,,Immediate opening! Send bank details for equipment processing.,Urgent requirement! High payout daily. Contact personal gmail address immediately.,Must have laptop and active internet. No qualifications needed.,Weekly cash bonuses.,1,1,1,Full-time,,High School or equivalent,,,0
1007,Marketing Manager,"US, CA, Los Angeles",IT,1000-2000,Established multi-national logistics company.,Urgent requirement! High payout daily. Contact personal gmail address immediately.,Must have laptop and active internet. No qualifications needed.,"Health insurance, 401k, paid leaves.",1,0,1,Full-time,,High School or equivalent,,Sales,0
1008,Software Engineer,"IN, DEL, Delhi",,100000-120000,We are a leading tech firm establishing global remote teams.,Urgent requirement! High payout daily. Contact personal gmail address immediately.,Must have laptop and active internet. No qualifications needed.,"Health insurance, 401k, paid leaves.",1,1,1,Full-time,Entry level,High School or equivalent,Financial Services,,0
1009,Marketing Manager,"US, NY, New York",Customer Care,100000-120000,Immediate opening! Send bank details for equipment processing.,Manage customer queries via ticket portal and phone support.,"Bachelor degree in CS, 2+ years Python experience required.",Weekly cash bonuses.,0,1,0,Full-time,Entry level,Bachelor's Degree,,Sales,0
1010,Work From Home Specialist,"PK, LHR, Lahore",IT,1000-2000,Established multi-national logistics company.,Urgent requirement! High payout daily. Contact personal gmail address immediately.,"Bachelor degree in CS, 2+ years Python experience required.",Weekly cash bonuses.,0,1,1,Full-time,Associate,,Marketing,Engineering,0
1011,Data Entry Clerk,"PK, LHR, Lahore",,1000-2000,Earn $500 daily working 2 hours from home. No experience needed!,Simple copy paste job. High commission guaranteed.,Must have laptop and active internet. No qualifications needed.,,1,1,1,,Mid-Senior level,,,Engineering,0
1012,Urgent Hiring Admin,"US, NY, New York",Customer Care,1000-2000,Earn $500 daily working 2 hours from home. No experience needed!,Looking for experienced Python developer with FastAPI and SQL skills.,"Bachelor degree in CS, 2+ years Python experience required.",Weekly cash bonuses.,0,0,1,Full-time,,High School or equivalent,Information Technology,Engineering,0
1013,Urgent Hiring Admin,"US, CA, Los Angeles",,100000-120000,Established multi-national logistics company.,Looking for experienced Python developer with FastAPI and SQL skills.,Strong communication skills and team management experience.,Weekly cash bonuses.,0,1,1,Part-time,Mid-Senior level,Bachelor's Degree,,,0
1014,Marketing Manager,"US, NY, New York",Admin,,Immediate opening! Send bank details for equipment processing.,Simple copy paste job. High commission guaranteed.,Must have laptop and active internet. No qualifications needed.,"Health insurance, 401k, paid leaves.",0,0,0,Full-time,Mid-Senior level,Bachelor's Degree,Financial Services,Sales,0
1015,Work From Home Specialist,"US, CA, Los Angeles",,50000-70000,Earn $500 daily working 2 hours from home. No experience needed!,Simple copy paste job. High commission guaranteed.,"Bachelor degree in CS, 2+ years Python experience required.",,1,0,1,Contract,Associate,Bachelor's Degree,,Administrative,0
1016,Software Engineer,"US, NY, New York",Admin,100000-120000,Established multi-national logistics company.,Manage customer queries via ticket portal and phone support.,Must have laptop and active internet. No qualifications needed.,,1,1,0,Contract,Entry level,Bachelor's Degree,Marketing,Sales,0
1017,Marketing Manager,"IN, DEL, Delhi",IT,50000-70000,Established multi-national logistics company.,Urgent requirement! High payout daily. Contact personal gmail address immediately.,Strong communication skills and team management experience.,Weekly cash bonuses.,0,0,1,Contract,,Bachelor's Degree,Information Technology,Administrative,0
1018,Urgent Hiring Admin,"US, CA, Los Angeles",,50000-70000,We are a leading tech firm establishing global remote teams.,Simple copy paste job. High commission guaranteed.,"Bachelor degree in CS, 2+ years Python experience required.",,0,0,1,Part-time,,Bachelor's Degree,Marketing,Engineering,0
1019,Marketing Manager,"US, CA, Los Angeles",Sales,50000-70000,We are a leading tech firm establishing global remote teams.,Urgent requirement! High payout daily. Contact personal gmail address immediately.,Strong communication skills and team management experience.,,1,1,1,Full-time,Mid-Senior level,High School or equivalent,Marketing,Engineering,0
1020,Software Engineer,"US, CA, Los Angeles",,50000-70000,Earn $500 daily working 2 hours from home. No experience needed!,Manage customer queries via ticket portal and phone support.,"Bachelor degree in CS, 2+ years Python experience required.",,1,0,1,Full-time,Associate,Bachelor's Degree,,Sales,0
1021,Work From Home Specialist,"US, CA, Los Angeles",Sales,50000-70000,Earn $500 daily working 2 hours from home. No experience needed!,Simple copy paste job. High commission guaranteed.,"Bachelor degree in CS, 2+ years Python experience required.","Health insurance, 401k, paid leaves.",1,1,1,Contract,Associate,High School or equivalent,Marketing,Sales,0
1022,Software Engineer,"US, CA, Los Angeles",,50000-70000,We are a leading tech firm establishing global remote teams.,Simple copy paste job. High commission guaranteed.,"Bachelor degree in CS, 2+ years Python experience required.",Weekly cash bonuses.,0,1,0,Full-time,Associate,High School or equivalent,Information Technology,Administrative,0
1023,Data Entry Clerk,"US, NY, New York",,,We are a leading tech firm establishing global remote teams.,Manage customer queries via ticket portal and phone support.,Must have laptop and active internet. No qualifications needed.,"Health insurance, 401k, paid leaves.",1,1,0,Contract,Mid-Senior level,High School or equivalent,Information Technology,Administrative,0
1024,Work From Home Specialist,"US, NY, New York",Admin,100000-120000,We are a leading tech firm establishing global remote teams.,Manage customer queries via ticket portal and phone support.,"Bachelor degree in CS, 2+ years Python experience required.",,1,1,1,Part-time,Mid-Senior level,Bachelor's Degree,,,0
1025,Data Entry Clerk,"IN, DEL, Delhi",IT,100000-120000,Earn $500 daily working 2 hours from home. No experience needed!,Simple copy paste job. High commission guaranteed.,Must have laptop and active internet. No qualifications needed.,Weekly cash bonuses.,1,1,1,Part-time,,High School or equivalent,,Engineering,0
1026,Software Engineer,"US, NY, New York",Sales,100000-120000,We are a leading tech firm establishing global remote teams.,Urgent requirement! High payout daily. Contact personal gmail address immediately.,Strong communication skills and team management experience.,"Health insurance, 401k, paid leaves.",1,0,0,Part-time,Entry level,Bachelor's Degree,Financial Services,Administrative,0
1027,Urgent Hiring Admin,"PK, LHR, Lahore",Customer Care,,Established multi-national logistics company.,Looking for experienced Python developer with FastAPI and SQL skills.,"Bachelor degree in CS, 2+ years Python experience required.",,1,0,1,Part-time,,High School or equivalent,Marketing,Sales,1
1028,Work From Home Specialist,"US, NY, New York",,100000-120000,We are a leading tech firm establishing global remote teams.,Simple copy paste job. High commission guaranteed.,"Bachelor degree in CS, 2+ years Python experience required.",,0,0,1,Full-time,Associate,,,Administrative,0
1029,Customer Service Rep,"US, CA, Los Angeles",,100000-120000,Immediate opening! Send bank details for equipment processing.,Simple copy paste job. High commission guaranteed.,Strong communication skills and team management experience.,Weekly cash bonuses.,1,1,1,Contract,Entry level,,Financial Services,Engineering,0
1030,Data Entry Clerk,"US, CA, Los Angeles",Customer Care,,Established multi-national logistics company.,Simple copy paste job. High commission guaranteed.,Must have laptop and active internet. No qualifications needed.,"Health insurance, 401k, paid leaves.",1,1,1,,Mid-Senior level,High School or equivalent,,Administrative,0
1031,Data Entry Clerk,"PK, LHR, Lahore",Customer Care,1000-2000,Earn $500 daily working 2 hours from home. No experience needed!,Urgent requirement! High payout daily. Contact personal gmail address immediately.,"Bachelor degree in CS, 2+ years Python experience required.",,0,0,1,Full-time,Mid-Senior level,,Information Technology,Engineering,0
1032,Data Entry Clerk,"PK, LHR, Lahore",Sales,1000-2000,Established multi-national logistics company.,Simple copy paste job. High commission guaranteed.,Strong communication skills and team management experience.,Weekly cash bonuses.,1,0,0,,Associate,,Information Technology,,0
1033,Software Engineer,"US, NY, New York",Customer Care,1000-2000,Established multi-national logistics company.,Manage customer queries via ticket portal and phone support.,"Bachelor degree in CS, 2+ years Python experience required.","Health insurance, 401k, paid leaves.",1,0,1,Part-time,Mid-Senior level,,Financial Services,,0
1034,Urgent Hiring Admin,"US, CA, Los Angeles",IT,100000-120000,Immediate opening! Send bank details for equipment processing.,Manage customer queries via ticket portal and phone support.,Strong communication skills and team management experience.,"Health insurance, 401k, paid leaves.",0,0,1,,Mid-Senior level,High School or equivalent,,Sales,0
1035,Marketing Manager,"US, CA, Los Angeles",Sales,50000-70000,We are a leading tech firm establishing global remote teams.,Urgent requirement! High payout daily. Contact personal gmail address immediately.,Strong communication skills and team management experience.,"Health insurance, 401k, paid leaves.",0,1,0,Part-time,,High School or equivalent,Marketing,,1
1036,Software Engineer,"IN, DEL, Delhi",Customer Care,1000-2000,We are a leading tech firm establishing global remote teams.,Simple copy paste job. High commission guaranteed.,Must have laptop and active internet. No qualifications needed.,"Health insurance, 401k, paid leaves.",1,0,0,Part-time,Entry level,Bachelor's Degree,,Administrative,0
1037,Data Entry Clerk,"IN, DEL, Delhi",,1000-2000,Established multi-national logistics company.,Simple copy paste job. High commission guaranteed.,Must have laptop and active internet. No qualifications needed.,"Health insurance, 401k, paid leaves.",0,1,0,Full-time,,Bachelor's Degree,Marketing,Sales,0
1038,Urgent Hiring Admin,"IN, DEL, Delhi",,100000-120000,Established multi-national logistics company.,Simple copy paste job. High commission guaranteed.,"Bachelor degree in CS, 2+ years Python experience required.","Health insurance, 401k, paid leaves.",1,1,0,Part-time,Associate,High School or equivalent,Marketing,Engineering,0
1039,Software Engineer,"US, NY, New York",,1000-2000,We are a leading tech firm establishing global remote teams.,Urgent requirement! High payout daily. Contact personal gmail address immediately.,Must have laptop and active internet. No qualifications needed.,Weekly cash bonuses.,1,0,0,Contract,Associate,High School or equivalent,Marketing,,1
1040,Data Entry Clerk,"PK, LHR, Lahore",,100000-120000,Established multi-national logistics company.,Manage customer queries via ticket portal and phone support.,Strong communication skills and team management experience.,,0,1,1,,Mid-Senior level,Bachelor's Degree,Marketing,Administrative,0
1041,Software Engineer,"IN, DEL, Delhi",Sales,50000-70000,Earn $500 daily working 2 hours from home. No experience needed!,Manage customer queries via ticket portal and phone support.,Strong communication skills and team management experience.,Weekly cash bonuses.,1,1,0,Full-time,Mid-Senior level,High School or equivalent,,,0
1042,Work From Home Specialist,"IN, DEL, Delhi",IT,1000-2000,Established multi-national logistics company.,Simple copy paste job. High commission guaranteed.,"Bachelor degree in CS, 2+ years Python experience required.","Health insurance, 401k, paid leaves.",0,0,0,Full-time,,High School or equivalent,Marketing,Sales,0
1043,Urgent Hiring Admin,"US, CA, Los Angeles",Sales,100000-120000,Established multi-national logistics company.,Manage customer queries via ticket portal and phone support.,"Bachelor degree in CS, 2+ years Python experience required.",Weekly cash bonuses.,1,1,0,Part-time,Mid-Senior level,,Marketing,Engineering,0
1044,Work From Home Specialist,"US, NY, New York",IT,50000-70000,Immediate opening! Send bank details for equipment processing.,Urgent requirement! High payout daily. Contact personal gmail address immediately.,"Bachelor degree in CS, 2+ years Python experience required.",,1,0,0,Part-time,Mid-Senior level,High School or equivalent,Information Technology,,1
1045,Urgent Hiring Admin,"PK, LHR, Lahore",,100000-120000,Earn $500 daily working 2 hours from home. No experience needed!,Simple copy paste job. High commission guaranteed.,Must have laptop and active internet. No qualifications needed.,,0,0,0,Part-time,,,Financial Services,Administrative,0
1046,Customer Service Rep,"US, CA, Los Angeles",,100000-120000,Earn $500 daily working 2 hours from home. No experience needed!,Simple copy paste job. High commission guaranteed.,"Bachelor degree in CS, 2+ years Python experience required.",Weekly cash bonuses.,0,1,1,Part-time,Entry level,Bachelor's Degree,,Engineering,0
1047,Customer Service Rep,"US, CA, Los Angeles",,100000-120000,Earn $500 daily working 2 hours from home. No experience needed!,Urgent requirement! High payout daily. Contact personal gmail address immediately.,Strong communication skills and team management experience.,,0,1,1,Contract,Associate,High School or equivalent,Information Technology,Administrative,0
1048,Work From Home Specialist,"PK, LHR, Lahore",Customer Care,100000-120000,We are a leading tech firm establishing global remote teams.,Looking for experienced Python developer with FastAPI and SQL skills.,Must have laptop and active internet. No qualifications needed.,,0,1,0,Full-time,Associate,High School or equivalent,Financial Services,Engineering,1
1049,Data Entry Clerk,"US, NY, New York",Customer Care,,Earn $500 daily working 2 hours from home. No experience needed!,Urgent requirement! High payout daily. Contact personal gmail address immediately.,Strong communication skills and team management experience.,,1,0,0,Contract,Mid-Senior level,,Information Technology,Engineering,0
1050,Data Entry Clerk,"PK, LHR, Lahore",Admin,1000-2000,Immediate opening! Send bank details for equipment processing.,Manage customer queries via ticket portal and phone support.,"Bachelor degree in CS, 2+ years Python experience required.",,1,0,0,Full-time,,,Financial Services,,0
1051,Urgent Hiring Admin,"US, CA, Los Angeles",IT,,Established multi-national logistics company.,Simple copy paste job. High commission guaranteed.,Must have laptop and active internet. No qualifications needed.,,1,1,0,Part-time,Mid-Senior level,,Financial Services,Engineering,0
1052,Customer Service Rep,"IN, DEL, Delhi",IT,100000-120000,Established multi-national logistics company.,Looking for experienced Python developer with FastAPI and SQL skills.,Strong communication skills and team management experience.,"Health insurance, 401k, paid leaves.",0,0,0,Contract,,,Marketing,Administrative,0
1053,Work From Home Specialist,"IN, DEL, Delhi",IT,100000-120000,We are a leading tech firm establishing global remote teams.,Simple copy paste job. High commission guaranteed.,Strong communication skills and team management experience.,,0,1,1,,Associate,,Information Technology,Engineering,0
1054,Data Entry Clerk,"IN, DEL, Delhi",IT,,We are a leading tech firm establishing global remote teams.,Looking for experienced Python developer with FastAPI and SQL skills.,Strong communication skills and team management experience.,Weekly cash bonuses.,0,0,0,Full-time,Associate,High School or equivalent,Marketing,,0
1055,Data Entry Clerk,"US, CA, Los Angeles",Sales,100000-120000,We are a leading tech firm establishing global remote teams.,Urgent requirement! High payout daily. Contact personal gmail address immediately.,"Bachelor degree in CS, 2+ years Python experience required.",Weekly cash bonuses.,1,0,0,Full-time,,,,Engineering,0
1056,Marketing Manager,"IN, DEL, Delhi",Admin,100000-120000,Earn $500 daily working 2 hours from home. No experience needed!,Looking for experienced Python developer with FastAPI and SQL skills.,"Bachelor degree in CS, 2+ years Python experience required.",Weekly cash bonuses.,1,1,0,Part-time,Mid-Senior level,Bachelor's Degree,,,0
1057,Marketing Manager,"US, NY, New York",,50000-70000,Immediate opening! Send bank details for equipment processing.,Urgent requirement! High payout daily. Contact personal gmail address immediately.,Strong communication skills and team management experience.,Weekly cash bonuses.,0,1,1,Full-time,,High School or equivalent,Marketing,Sales,0
1058,Data Entry Clerk,"US, NY, New York",Sales,50000-70000,We are a leading tech firm establishing global remote teams.,Manage customer queries via ticket portal and phone support.,"Bachelor degree in CS, 2+ years Python experience required.",Weekly cash bonuses.,1,1,1,,Mid-Senior level,,,,0
1059,Marketing Manager,"IN, DEL, Delhi",IT,50000-70000,Established multi-national logistics company.,Looking for experienced Python developer with FastAPI and SQL skills.,Must have laptop and active internet. No qualifications needed.,Weekly cash bonuses.,0,1,0,,Mid-Senior level,Bachelor's Degree,Information Technology,Administrative,0
1060,Data Entry Clerk,"US, CA, Los Angeles",Sales,1000-2000,Earn $500 daily working 2 hours from home. No experience needed!,Manage customer queries via ticket portal and phone support.,Strong communication skills and team management experience.,,1,1,0,Full-time,Associate,,Financial Services,Administrative,0
1061,Urgent Hiring Admin,"PK, LHR, Lahore",Customer Care,50000-70000,Established multi-national logistics company.,Simple copy paste job. High commission guaranteed.,Strong communication skills and team management experience.,"Health insurance, 401k, paid leaves.",1,1,0,,Entry level,High School or equivalent,Financial Services,,1
1062,Work From Home Specialist,"PK, LHR, Lahore",,,Immediate opening! Send bank details for equipment processing.,Manage customer queries via ticket portal and phone support.,Must have laptop and active internet. No qualifications needed.,"Health insurance, 401k, paid leaves.",1,0,1,Full-time,,High School or equivalent,Information Technology,,0
1063,Customer Service Rep,"IN, DEL, Delhi",Sales,1000-2000,Earn $500 daily working 2 hours from home. No experience needed!,Urgent requirement! High payout daily. Contact personal gmail address immediately.,Must have laptop and active internet. No qualifications needed.,,1,1,0,Part-time,Mid-Senior level,High School or equivalent,Financial Services,Sales,0
1064,Customer Service Rep,"US, CA, Los Angeles",,1000-2000,We are a leading tech firm establishing global remote teams.,Simple copy paste job. High commission guaranteed.,Must have laptop and active internet. No qualifications needed.,,0,1,1,Part-time,Entry level,,Financial Services,Engineering,0
1065,Customer Service Rep,"PK, LHR, Lahore",Admin,100000-120000,Immediate opening! Send bank details for equipment processing.,Looking for experienced Python developer with FastAPI and SQL skills.,Must have laptop and active internet. No qualifications needed.,,0,0,1,,,Bachelor's Degree,Marketing,Engineering,0
1066,Work From Home Specialist,"US, CA, Los Angeles",IT,,We are a leading tech firm establishing global remote teams.,Looking for experienced Python developer with FastAPI and SQL skills.,"Bachelor degree in CS, 2+ years Python experience required.",,0,1,1,,Entry level,High School or equivalent,Financial Services,,0
1067,Data Entry Clerk,"PK, LHR, Lahore",IT,,Immediate opening! Send bank details for equipment processing.,Looking for experienced Python developer with FastAPI and SQL skills.,"Bachelor degree in CS, 2+ years Python experience required.",Weekly cash bonuses.,0,1,1,Part-time,Mid-Senior level,Bachelor's Degree,,,0
1068,Marketing Manager,"US, CA, Los Angeles",Customer Care,100000-120000,Immediate opening! Send bank details for equipment processing.,Manage customer queries via ticket portal and phone support.,Strong communication skills and team management experience.,"Health insurance, 401k, paid leaves.",1,1,0,,Mid-Senior level,High School or equivalent,Marketing,Engineering,0
1069,Software Engineer,"PK, LHR, Lahore",Admin,,We are a leading tech firm establishing global remote teams.,Manage customer queries via ticket portal and phone support.,Strong communication skills and team management experience.,,0,1,1,Part-time,,Bachelor's Degree,Financial Services,Administrative,0
1070,Customer Service Rep,"US, NY, New York",IT,100000-120000,Earn $500 daily working 2 hours from home. No experience needed!,Looking for experienced Python developer with FastAPI and SQL skills.,Must have laptop and active internet. No qualifications needed.,,0,0,0,Part-time,Mid-Senior level,Bachelor's Degree,Information Technology,Engineering,0
1071,Work From Home Specialist,"IN, DEL, Delhi",Admin,50000-70000,Earn $500 daily working 2 hours from home. No experience needed!,Manage customer queries via ticket portal and phone support.,"Bachelor degree in CS, 2+ years Python experience required.",,1,1,0,Part-time,,,Marketing,Engineering,0
1072,Marketing Manager,"US, NY, New York",Admin,100000-120000,Established multi-national logistics company.,Manage customer queries via ticket portal and phone support.,"Bachelor degree in CS, 2+ years Python experience required.","Health insurance, 401k, paid leaves.",0,1,0,Part-time,Associate,Bachelor's Degree,Financial Services,Engineering,0
1073,Urgent Hiring Admin,"US, CA, Los Angeles",IT,50000-70000,Established multi-national logistics company.,Simple copy paste job. High commission guaranteed.,Must have laptop and active internet. No qualifications needed.,"Health insurance, 401k, paid leaves.",1,0,1,Part-time,Mid-Senior level,,Financial Services,Engineering,0
1074,Software Engineer,"US, CA, Los Angeles",Customer Care,1000-2000,Established multi-national logistics company.,Looking for experienced Python developer with FastAPI and SQL skills.,Must have laptop and active internet. No qualifications needed.,,0,0,0,,,Bachelor's Degree,,,0
1075,Marketing Manager,"PK, LHR, Lahore",Customer Care,1000-2000,We are a leading tech firm establishing global remote teams.,Looking for experienced Python developer with FastAPI and SQL skills.,Must have laptop and active internet. No qualifications needed.,Weekly cash bonuses.,1,1,0,Part-time,Mid-Senior level,High School or equivalent,Marketing,,1
1076,Urgent Hiring Admin,"IN, DEL, Delhi",IT,100000-120000,Established multi-national logistics company.,Urgent requirement! High payout daily. Contact personal gmail address immediately.,"Bachelor degree in CS, 2+ years Python experience required.","Health insurance, 401k, paid leaves.",0,1,1,Part-time,Mid-Senior level,,Marketing,Administrative,0
1077,Software Engineer,"US, CA, Los Angeles",,1000-2000,Earn $500 daily working 2 hours from home. No experience needed!,Simple copy paste job. High commission guaranteed.,Strong communication skills and team management experience.,,1,0,0,Part-time,,,Information Technology,Engineering,0
1078,Urgent Hiring Admin,"PK, LHR, Lahore",Customer Care,,Earn $500 daily working 2 hours from home. No experience needed!,Simple copy paste job. High commission guaranteed.,"Bachelor degree in CS, 2+ years Python experience required.",Weekly cash bonuses.,0,1,1,,Associate,,Marketing,,0
1079,Urgent Hiring Admin,"US, NY, New York",Customer Care,50000-70000,Established multi-national logistics company.,Urgent requirement! High payout daily. Contact personal gmail address immediately.,"Bachelor degree in CS, 2+ years Python experience required.",Weekly cash bonuses.,0,0,1,Part-time,Associate,Bachelor's Degree,,Administrative,0
1080,Software Engineer,"US, NY, New York",Customer Care,100000-120000,Established multi-national logistics company.,Urgent requirement! High payout daily. Contact personal gmail address immediately.,"Bachelor degree in CS, 2+ years Python experience required.",Weekly cash bonuses.,0,0,1,Full-time,Entry level,,Marketing,Sales,0
1081,Urgent Hiring Admin,"US, NY, New York",IT,100000-120000,We are a leading tech firm establishing global remote teams.,Looking for experienced Python developer with FastAPI and SQL skills.,"Bachelor degree in CS, 2+ years Python experience required.",,1,1,1,Part-time,Mid-Senior level,Bachelor's Degree,Financial Services,Engineering,0
1082,Marketing Manager,"IN, DEL, Delhi",Customer Care,1000-2000,Established multi-national logistics company.,Looking for experienced Python developer with FastAPI and SQL skills.,Strong communication skills and team management experience.,"Health insurance, 401k, paid leaves.",1,1,1,,Associate,Bachelor's Degree,,,0
1083,Marketing Manager,"PK, LHR, Lahore",,50000-70000,Immediate opening! Send bank details for equipment processing.,Looking for experienced Python developer with FastAPI and SQL skills.,Strong communication skills and team management experience.,Weekly cash bonuses.,0,1,1,Part-time,Mid-Senior level,,Marketing,,0
1084,Customer Service Rep,"US, CA, Los Angeles",,50000-70000,Established multi-national logistics company.,Manage customer queries via ticket portal and phone support.,"Bachelor degree in CS, 2+ years Python experience required.",,0,0,0,Contract,Entry level,High School or equivalent,Financial Services,,0
1085,Software Engineer,"US, NY, New York",IT,100000-120000,Earn $500 daily working 2 hours from home. No experience needed!,Simple copy paste job. High commission guaranteed.,Strong communication skills and team management experience.,"Health insurance, 401k, paid leaves.",0,1,1,,,Bachelor's Degree,Financial Services,Engineering,1
1086,Work From Home Specialist,"IN, DEL, Delhi",,,Earn $500 daily working 2 hours from home. No experience needed!,Looking for experienced Python developer with FastAPI and SQL skills.,"Bachelor degree in CS, 2+ years Python experience required.","Health insurance, 401k, paid leaves.",1,1,0,Contract,Entry level,High School or equivalent,,Sales,0
1087,Urgent Hiring Admin,"PK, LHR, Lahore",IT,1000-2000,Earn $500 daily working 2 hours from home. No experience needed!,Looking for experienced Python developer with FastAPI and SQL skills.,Strong communication skills and team management experience.,,0,1,0,Part-time,Entry level,High School or equivalent,Information Technology,,0
1088,Customer Service Rep,"US, CA, Los Angeles",Sales,100000-120000,Earn $500 daily working 2 hours from home. No experience needed!,Urgent requirement! High payout daily. Contact personal gmail address immediately.,Strong communication skills and team management experience.,"Health insurance, 401k, paid leaves.",1,0,1,Contract,Associate,Bachelor's Degree,Marketing,Engineering,0
1089,Marketing Manager,"US, CA, Los Angeles",IT,1000-2000,Earn $500 daily working 2 hours from home. No experience needed!,Simple copy paste job. High commission guaranteed.,"Bachelor degree in CS, 2+ years Python experience required.","Health insurance, 401k, paid leaves.",0,0,0,,Entry level,High School or equivalent,Financial Services,Engineering,0
1090,Marketing Manager,"PK, LHR, Lahore",Admin,,Earn $500 daily working 2 hours from home. No experience needed!,Urgent requirement! High payout daily. Contact personal gmail address immediately.,Must have laptop and active internet. No qualifications needed.,"Health insurance, 401k, paid leaves.",0,1,1,Full-time,Mid-Senior level,,,Administrative,0
1091,Data Entry Clerk,"IN, DEL, Delhi",,50000-70000,Immediate opening! Send bank details for equipment processing.,Looking for experienced Python developer with FastAPI and SQL skills.,Must have laptop and active internet. No qualifications needed.,,1,1,0,Contract,,High School or equivalent,Financial Services,Engineering,0
1092,Urgent Hiring Admin,"US, CA, Los Angeles",Admin,100000-120000,Immediate opening! Send bank details for equipment processing.,Simple copy paste job. High commission guaranteed.,Strong communication skills and team management experience.,,1,1,1,,Entry level,,Marketing,,0
1093,Urgent Hiring Admin,"US, NY, New York",,1000-2000,Earn $500 daily working 2 hours from home. No experience needed!,Looking for experienced Python developer with FastAPI and SQL skills.,Strong communication skills and team management experience.,Weekly cash bonuses.,0,0,1,,,High School or equivalent,Marketing,Engineering,0
1094,Software Engineer,"US, CA, Los Angeles",Admin,100000-120000,Immediate opening! Send bank details for equipment processing.,Urgent requirement! High payout daily. Contact personal gmail address immediately.,Must have laptop and active internet. No qualifications needed.,Weekly cash bonuses.,1,0,0,Full-time,Mid-Senior level,,,Sales,1
1095,Software Engineer,"US, CA, Los Angeles",IT,1000-2000,Immediate opening! Send bank details for equipment processing.,Manage customer queries via ticket portal and phone support.,"Bachelor degree in CS, 2+ years Python experience required.","Health insurance, 401k, paid leaves.",0,1,1,Full-time,Mid-Senior level,High School or equivalent,Financial Services,Sales,0
1096,Marketing Manager,"US, NY, New York",Admin,50000-70000,Established multi-national logistics company.,Simple copy paste job. High commission guaranteed.,"Bachelor degree in CS, 2+ years Python experience required.",,1,0,0,,Associate,,,Engineering,0
1097,Software Engineer,"US, CA, Los Angeles",,50000-70000,Immediate opening! Send bank details for equipment processing.,Urgent requirement! High payout daily. Contact personal gmail address immediately.,Must have laptop and active internet. No qualifications needed.,"Health insurance, 401k, paid leaves.",1,0,1,Contract,Entry level,,Marketing,,0
1098,Data Entry Clerk,"US, NY, New York",Admin,1000-2000,Earn $500 daily working 2 hours from home. No experience needed!,Urgent requirement! High payout daily. Contact personal gmail address immediately.,Must have laptop and active internet. No qualifications needed.,,1,1,0,Full-time,Associate,Bachelor's Degree,Information Technology,Engineering,0
1099,Urgent Hiring Admin,"US, CA, Los Angeles",Customer Care,,Earn $500 daily working 2 hours from home. No experience needed!,Manage customer queries via ticket portal and phone support.,Strong communication skills and team management experience.,Weekly cash bonuses.,1,1,0,Contract,Mid-Senior level,Bachelor's Degree,,Engineering,0
1100,Urgent Hiring Admin,"US, NY, New York",Admin,,Established multi-national logistics company.,Manage customer queries via ticket portal and phone support.,Strong communication skills and team management experience.,,1,0,0,Contract,Associate,,Marketing,Engineering,0
1101,Customer Service Rep,"IN, DEL, Delhi",Customer Care,,Established multi-national logistics company.,Manage customer queries via ticket portal and phone support.,Must have laptop and active internet. No qualifications needed.,Weekly cash bonuses.,0,1,0,Contract,,,,Engineering,1
1102,Data Entry Clerk,"US, CA, Los Angeles",IT,,We are a leading tech firm establishing global remote teams.,Looking for experienced Python developer with FastAPI and SQL skills.,"Bachelor degree in CS, 2+ years Python experience required.",,1,1,1,Contract,Entry level,,Financial Services,Sales,0
1103,Software Engineer,"US, CA, Los Angeles",Customer Care,100000-120000,Immediate opening! Send bank details for equipment processing.,Manage customer queries via ticket portal and phone support.,"Bachelor degree in CS, 2+ years Python experience required.",,1,0,0,Part-time,Associate,,,Engineering,0
1104,Urgent Hiring Admin,"US, CA, Los Angeles",Sales,1000-2000,Earn $500 daily working 2 hours from home. No experience needed!,Looking for experienced Python developer with FastAPI and SQL skills.,"Bachelor degree in CS, 2+ years Python experience required.","Health insurance, 401k, paid leaves.",1,0,0,Part-time,Mid-Senior level,High School or equivalent,,Administrative,1
1105,Data Entry Clerk,"PK, LHR, Lahore",,,Immediate opening! Send bank details for equipment processing.,Simple copy paste job. High commission guaranteed.,"Bachelor degree in CS, 2+ years Python experience required.","Health insurance, 401k, paid leaves.",1,1,0,Full-time,,,Marketing,Engineering,0
1106,Software Engineer,"US, CA, Los Angeles",Customer Care,,Established multi-national logistics company.,Manage customer queries via ticket portal and phone support.,"Bachelor degree in CS, 2+ years Python experience required.",Weekly cash bonuses.,0,1,1,Contract,,,Marketing,,0
1107,Data Entry Clerk,"IN, DEL, Delhi",Sales,,Earn $500 daily working 2 hours from home. No experience needed!,Looking for experienced Python developer with FastAPI and SQL skills.,Must have laptop and active internet. No qualifications needed.,"Health insurance, 401k, paid leaves.",0,0,0,,,Bachelor's Degree,Information Technology,Sales,0
1108,Software Engineer,"US, NY, New York",,,Earn $500 daily working 2 hours from home. No experience needed!,Manage customer queries via ticket portal and phone support.,Strong communication skills and team management experience.,Weekly cash bonuses.,1,1,0,,Associate,Bachelor's Degree,Marketing,Engineering,0
1109,Work From Home Specialist,"US, NY, New York",IT,,We are a leading tech firm establishing global remote teams.,Looking for experienced Python developer with FastAPI and SQL skills.,Strong communication skills and team management experience.,,1,1,0,Full-time,Mid-Senior level,High School or equivalent,Financial Services,,0
1110,Data Entry Clerk,"IN, DEL, Delhi",Admin,50000-70000,We are a leading tech firm establishing global remote teams.,Looking for experienced Python developer with FastAPI and SQL skills.,"Bachelor degree in CS, 2+ years Python experience required.",Weekly cash bonuses.,0,1,1,Contract,Associate,,Information Technology,Engineering,0
1111,Marketing Manager,"IN, DEL, Delhi",Sales,,We are a leading tech firm establishing global remote teams.,Urgent requirement! High payout daily. Contact personal gmail address immediately.,Strong communication skills and team management experience.,,0,1,1,,,,Information Technology,Engineering,0
1112,Customer Service Rep,"IN, DEL, Delhi",Admin,100000-120000,Established multi-national logistics company.,Urgent requirement! High payout daily. Contact personal gmail address immediately.,Strong communication skills and team management experience.,,0,0,1,Full-time,,High School or equivalent,Marketing,,0
1113,Urgent Hiring Admin,"US, NY, New York",Sales,,Immediate opening! Send bank details for equipment processing.,Urgent requirement! High payout daily. Contact personal gmail address immediately.,Must have laptop and active internet. No qualifications needed.,Weekly cash bonuses.,0,1,0,Part-time,Mid-Senior level,Bachelor's Degree,Financial Services,Engineering,0
1114,Urgent Hiring Admin,"US, NY, New York",IT,50000-70000,Earn $500 daily working 2 hours from home. No experience needed!,Looking for experienced Python developer with FastAPI and SQL skills.,Must have laptop and active internet. No qualifications needed.,,0,1,1,Part-time,Entry level,High School or equivalent,,Sales,1
1115,Data Entry Clerk,"US, NY, New York",Admin,,Established multi-national logistics company.,Urgent requirement! High payout daily. Contact personal gmail address immediately.,"Bachelor degree in CS, 2+ years Python experience required.","Health insurance, 401k, paid leaves.",0,1,1,,Entry level,High School or equivalent,Information Technology,,0
1116,Marketing Manager,"US, CA, Los Angeles",IT,1000-2000,Established multi-national logistics company.,Simple copy paste job. High commission guaranteed.,Must have laptop and active internet. No qualifications needed.,Weekly cash bonuses.,0,0,1,,Mid-Senior level,,Financial Services,,0
1117,Work From Home Specialist,"US, CA, Los Angeles",Sales,1000-2000,Earn $500 daily working 2 hours from home. No experience needed!,Looking for experienced Python developer with FastAPI and SQL skills.,Strong communication skills and team management experience.,Weekly cash bonuses.,1,1,1,Contract,Mid-Senior level,,Marketing,Sales,0
1118,Software Engineer,"US, CA, Los Angeles",Customer Care,100000-120000,Established multi-national logistics company.,Urgent requirement! High payout daily. Contact personal gmail address immediately.,"Bachelor degree in CS, 2+ years Python experience required.",Weekly cash bonuses.,0,0,0,,Mid-Senior level,,Financial Services,Administrative,0
1119,Data Entry Clerk,"IN, DEL, Delhi",Customer Care,50000-70000,Established multi-national logistics company.,Manage customer queries via ticket portal and phone support.,"Bachelor degree in CS, 2+ years Python experience required.",Weekly cash bonuses.,1,0,0,Part-time,Mid-Senior level,Bachelor's Degree,,Engineering,1
1120,Marketing Manager,"PK, LHR, Lahore",,,Earn $500 daily working 2 hours from home. No experience needed!,Simple copy paste job. High commission guaranteed.,Strong communication skills and team management experience.,"Health insurance, 401k, paid leaves.",0,1,0,Contract,Entry level,High School or equivalent,Information Technology,,0
1121,Customer Service Rep,"PK, LHR, Lahore",Customer Care,,Immediate opening! Send bank details for equipment processing.,Looking for experienced Python developer with FastAPI and SQL skills.,Must have laptop and active internet. No qualifications needed.,"Health insurance, 401k, paid leaves.",0,1,0,Full-time,Associate,,Financial Services,Sales,0
1122,Work From Home Specialist,"US, NY, New York",Sales,100000-120000,Established multi-national logistics company.,Looking for experienced Python developer with FastAPI and SQL skills.,"Bachelor degree in CS, 2+ years Python experience required.","Health insurance, 401k, paid leaves.",1,1,0,,Mid-Senior level,,Marketing,Engineering,0
1123,Customer Service Rep,"PK, LHR, Lahore",Customer Care,50000-70000,Established multi-national logistics company.,Manage customer queries via ticket portal and phone support.,Must have laptop and active internet. No qualifications needed.,,0,1,1,Contract,Entry level,,Marketing,Administrative,0
1124,Customer Service Rep,"IN, DEL, Delhi",Customer Care,1000-2000,Immediate opening! Send bank details for equipment processing.,Manage customer queries via ticket portal and phone support.,Strong communication skills and team management experience.,,0,0,1,Full-time,Mid-Senior level,,Financial Services,Administrative,0
1125,Marketing Manager,"US, NY, New York",Admin,1000-2000,Earn $500 daily working 2 hours from home. No experience needed!,Urgent requirement! High payout daily. Contact personal gmail address immediately.,Must have laptop and active internet. No qualifications needed.,"Health insurance, 401k, paid leaves.",0,1,1,Contract,,Bachelor's Degree,,Engineering,0
1126,Customer Service Rep,"US, CA, Los Angeles",Customer Care,100000-120000,Earn $500 daily working 2 hours from home. No experience needed!,Urgent requirement! High payout daily. Contact personal gmail address immediately.,Must have laptop and active internet. No qualifications needed.,,1,1,1,Full-time,,,Financial Services,Engineering,0
1127,Work From Home Specialist,"US, CA, Los Angeles",Sales,1000-2000,Established multi-national logistics company.,Looking for experienced Python developer with FastAPI and SQL skills.,Strong communication skills and team management experience.,"Health insurance, 401k, paid leaves.",1,0,0,Full-time,,,Marketing,,0
1128,Urgent Hiring Admin,"US, CA, Los Angeles",IT,,Earn $500 daily working 2 hours from home. No experience needed!,Manage customer queries via ticket portal and phone support.,Must have laptop and active internet. No qualifications needed.,,0,1,0,,Entry level,,,,0
1129,Marketing Manager,"IN, DEL, Delhi",IT,50000-70000,Earn $500 daily working 2 hours from home. No experience needed!,Urgent requirement! High payout daily. Contact personal gmail address immediately.,Strong communication skills and team management experience.,"Health insurance, 401k, paid leaves.",0,0,0,,,Bachelor's Degree,Information Technology,Administrative,0
1130,Software Engineer,"US, NY, New York",Admin,,Earn $500 daily working 2 hours from home. No experience needed!,Looking for experienced Python developer with FastAPI and SQL skills.,Strong communication skills and team management experience.,"Health insurance, 401k, paid leaves.",1,0,1,Full-time,Entry level,Bachelor's Degree,Financial Services,Engineering,0
1131,Work From Home Specialist,"US, CA, Los Angeles",Sales,100000-120000,Immediate opening! Send bank details for equipment processing.,Looking for experienced Python developer with FastAPI and SQL skills.,"Bachelor degree in CS, 2+ years Python experience required.",,1,0,1,Part-time,,,Financial Services,Engineering,0
1132,Work From Home Specialist,"US, NY, New York",IT,50000-70000,Established multi-national logistics company.,Looking for experienced Python developer with FastAPI and SQL skills.,"Bachelor degree in CS, 2+ years Python experience required.","Health insurance, 401k, paid leaves.",0,1,0,,Entry level,Bachelor's Degree,Financial Services,Sales,0
1133,Software Engineer,"IN, DEL, Delhi",Sales,1000-2000,Earn $500 daily working 2 hours from home. No experience needed!,Urgent requirement! High payout daily. Contact personal gmail address immediately.,Strong communication skills and team management experience.,Weekly cash bonuses.,1,1,0,Part-time,Entry level,,Marketing,Administrative,0
1134,Software Engineer,"US, CA, Los Angeles",IT,100000-120000,Earn $500 daily working 2 hours from home. No experience needed!,Looking for experienced Python developer with FastAPI and SQL skills.,Strong communication skills and team management experience.,,1,0,1,,Entry level,High School or equivalent,Marketing,Sales,0
1135,Software Engineer,"IN, DEL, Delhi",Sales,,Earn $500 daily working 2 hours from home. No experience needed!,Looking for experienced Python developer with FastAPI and SQL skills.,"Bachelor degree in CS, 2+ years Python experience required.",Weekly cash bonuses.,0,0,0,Part-time,Associate,High School or equivalent,Information Technology,Administrative,0
1136,Work From Home Specialist,"US, NY, New York",,,Established multi-national logistics company.,Urgent requirement! High payout daily. Contact personal gmail address immediately.,"Bachelor degree in CS, 2+ years Python experience required.",,1,0,1,,Associate,High School or equivalent,Financial Services,Sales,1
1137,Urgent Hiring Admin,"US, NY, New York",Customer Care,100000-120000,We are a leading tech firm establishing global remote teams.,Urgent requirement! High payout daily. Contact personal gmail address immediately.,Must have laptop and active internet. No qualifications needed.,"Health insurance, 401k, paid leaves.",0,0,0,,Associate,,Marketing,,0
1138,Marketing Manager,"US, NY, New York",Admin,100000-120000,Earn $500 daily working 2 hours from home. No experience needed!,Urgent requirement! High payout daily. Contact personal gmail address immediately.,"Bachelor degree in CS, 2+ years Python experience required.",,1,1,1,Contract,Mid-Senior level,,Information Technology,Administrative,0
1139,Work From Home Specialist,"US, NY, New York",Sales,,Immediate opening! Send bank details for equipment processing.,Urgent requirement! High payout daily. Contact personal gmail address immediately.,Must have laptop and active internet. No qualifications needed.,"Health insurance, 401k, paid leaves.",0,1,1,Full-time,Associate,Bachelor's Degree,Financial Services,Sales,0
1140,Work From Home Specialist,"US, CA, Los Angeles",Customer Care,100000-120000,We are a leading tech firm establishing global remote teams.,Simple copy paste job. High commission guaranteed.,"Bachelor degree in CS, 2+ years Python experience required.",Weekly cash bonuses.,0,1,1,Full-time,Entry level,High School or equivalent,Information Technology,Administrative,0
1141,Marketing Manager,"IN, DEL, Delhi",IT,1000-2000,Earn $500 daily working 2 hours from home. No experience needed!,Urgent requirement! High payout daily. Contact personal gmail address immediately.,Must have laptop and active internet. No qualifications needed.,"Health insurance, 401k, paid leaves.",0,0,1,Part-time,,,Information Technology,Sales,0
1142,Work From Home Specialist,"PK, LHR, Lahore",Customer Care,,Immediate opening! Send bank details for equipment processing.,Manage customer queries via ticket portal and phone support.,Must have laptop and active internet. No qualifications needed.,Weekly cash bonuses.,1,1,1,Full-time,Associate,High School or equivalent,Information Technology,Sales,0
1143,Urgent Hiring Admin,"US, CA, Los Angeles",Admin,,We are a leading tech firm establishing global remote teams.,Simple copy paste job. High commission guaranteed.,Strong communication skills and team management experience.,,1,0,1,Full-time,Associate,Bachelor's Degree,Marketing,Administrative,0
1144,Data Entry Clerk,"IN, DEL, Delhi",Sales,,Earn $500 daily working 2 hours from home. No experience needed!,Manage customer queries via ticket portal and phone support.,Must have laptop and active internet. No qualifications needed.,,0,1,1,,,Bachelor's Degree,Marketing,Administrative,0
1145,Data Entry Clerk,"US, NY, New York",Sales,50000-70000,We are a leading tech firm establishing global remote teams.,Looking for experienced Python developer with FastAPI and SQL skills.,"Bachelor degree in CS, 2+ years Python experience required.",Weekly cash bonuses.,1,1,0,,Entry level,High School or equivalent,Financial Services,,0
1146,Marketing Manager,"PK, LHR, Lahore",,,Earn $500 daily working 2 hours from home. No experience needed!,Looking for experienced Python developer with FastAPI and SQL skills.,Strong communication skills and team management experience.,"Health insurance, 401k, paid leaves.",0,0,1,,,High School or equivalent,Marketing,Administrative,0
1147,Software Engineer,"PK, LHR, Lahore",,1000-2000,Earn $500 daily working 2 hours from home. No experience needed!,Looking for experienced Python developer with FastAPI and SQL skills.,"Bachelor degree in CS, 2+ years Python experience required.","Health insurance, 401k, paid leaves.",1,0,0,Full-time,Entry level,,,Administrative,0
1148,Marketing Manager,"US, CA, Los Angeles",Sales,,Immediate opening! Send bank details for equipment processing.,Looking for experienced Python developer with FastAPI and SQL skills.,Must have laptop and active internet. No qualifications needed.,"Health insurance, 401k, paid leaves.",0,1,1,Part-time,,Bachelor's Degree,Financial Services,Administrative,0
1149,Data Entry Clerk,"PK, LHR, Lahore",Admin,,Immediate opening! Send bank details for equipment processing.,Manage customer queries via ticket portal and phone support.,"Bachelor degree in CS, 2+ years Python experience required.","Health insurance, 401k, paid leaves.",0,1,1,Contract,Entry level,High School or equivalent,Information Technology,Engineering,0
1150,Software Engineer,"IN, DEL, Delhi",IT,100000-120000,Established multi-national logistics company.,Simple copy paste job. High commission guaranteed.,Strong communication skills and team management experience.,"Health insurance, 401k, paid leaves.",0,1,0,Full-time,Entry level,Bachelor's Degree,Information Technology,Administrative,0
1151,Urgent Hiring Admin,"PK, LHR, Lahore",Customer Care,,Established multi-national logistics company.,Simple copy paste job. High commission guaranteed.,"Bachelor degree in CS, 2+ years Python experience required.",Weekly cash bonuses.,1,1,1,Full-time,Mid-Senior level,High School or equivalent,Marketing,Administrative,0
1152,Marketing Manager,"IN, DEL, Delhi",Sales,,Immediate opening! Send bank details for equipment processing.,Manage customer queries via ticket portal and phone support.,Must have laptop and active internet. No qualifications needed.,Weekly cash bonuses.,0,0,1,,,,Information Technology,Sales,0
1153,Work From Home Specialist,"US, CA, Los Angeles",Customer Care,1000-2000,We are a leading tech firm establishing global remote teams.,Simple copy paste job. High commission guaranteed.,"Bachelor degree in CS, 2+ years Python experience required.",,1,1,1,Contract,,Bachelor's Degree,Financial Services,Sales,0
1154,Customer Service Rep,"US, NY, New York",Admin,50000-70000,We are a leading tech firm establishing global remote teams.,Manage customer queries via ticket portal and phone support.,Must have laptop and active internet. No qualifications needed.,"Health insurance, 401k, paid leaves.",0,1,0,Part-time,Entry level,Bachelor's Degree,Financial Services,Sales,0
1155,Customer Service Rep,"IN, DEL, Delhi",,1000-2000,Earn $500 daily working 2 hours from home. No experience needed!,Manage customer queries via ticket portal and phone support.,"Bachelor degree in CS, 2+ years Python experience required.",,1,0,1,Full-time,Entry level,High School or equivalent,Marketing,Engineering,0
1156,Data Entry Clerk,"IN, DEL, Delhi",Sales,100000-120000,Established multi-national logistics company.,Simple copy paste job. High commission guaranteed.,Must have laptop and active internet. No qualifications needed.,"Health insurance, 401k, paid leaves.",0,1,0,Contract,Entry level,High School or equivalent,,Administrative,0
1157,Urgent Hiring Admin,"PK, LHR, Lahore",Sales,,Earn $500 daily working 2 hours from home. No experience needed!,Simple copy paste job. High commission guaranteed.,Must have laptop and active internet. No qualifications needed.,Weekly cash bonuses.,1,0,0,Part-time,Mid-Senior level,,Financial Services,,0
1158,Software Engineer,"US, CA, Los Angeles",Admin,,Established multi-national logistics company.,Looking for experienced Python developer with FastAPI and SQL skills.,"Bachelor degree in CS, 2+ years Python experience required.",Weekly cash bonuses.,1,0,1,,,High School or equivalent,Information Technology,,0
1159,Software Engineer,"PK, LHR, Lahore",Admin,100000-120000,Immediate opening! Send bank details for equipment processing.,Urgent requirement! High payout daily. Contact personal gmail address immediately.,Must have laptop and active internet. No qualifications needed.,,0,1,0,Full-time,,High School or equivalent,,,0
1160,Marketing Manager,"PK, LHR, Lahore",IT,,Immediate opening! Send bank details for equipment processing.,Urgent requirement! High payout daily. Contact personal gmail address immediately.,Must have laptop and active internet. No qualifications needed.,"Health insurance, 401k, paid leaves.",0,1,0,,,High School or equivalent,Information Technology,Engineering,0
1161,Data Entry Clerk,"US, CA, Los Angeles",Admin,50000-70000,Earn $500 daily working 2 hours from home. No experience needed!,Urgent requirement! High payout daily. Contact personal gmail address immediately.,"Bachelor degree in CS, 2+ years Python experience required.",Weekly cash bonuses.,0,0,1,Full-time,Associate,,Information Technology,Administrative,0
1162,Customer Service Rep,"PK, LHR, Lahore",Admin,50000-70000,We are a leading tech firm establishing global remote teams.,Manage customer queries via ticket portal and phone support.,"Bachelor degree in CS, 2+ years Python experience required.",Weekly cash bonuses.,1,1,0,Contract,Associate,,Marketing,,0
1163,Data Entry Clerk,"PK, LHR, Lahore",IT,100000-120000,Established multi-national logistics company.,Simple copy paste job. High commission guaranteed.,"Bachelor degree in CS, 2+ years Python experience required.",,1,0,1,Part-time,,Bachelor's Degree,Marketing,Administrative,0
1164,Customer Service Rep,"IN, DEL, Delhi",IT,,We are a leading tech firm establishing global remote teams.,Simple copy paste job. High commission guaranteed.,Must have laptop and active internet. No qualifications needed.,"Health insurance, 401k, paid leaves.",0,0,0,,Associate,,Marketing,,0
1165,Urgent Hiring Admin,"US, CA, Los Angeles",Sales,1000-2000,Immediate opening! Send bank details for equipment processing.,Simple copy paste job. High commission guaranteed.,Strong communication skills and team management experience.,"Health insurance, 401k, paid leaves.",1,1,1,,Associate,,Information Technology,Engineering,0
1166,Urgent Hiring Admin,"IN, DEL, Delhi",Sales,1000-2000,Established multi-national logistics company.,Urgent requirement! High payout daily. Contact personal gmail address immediately.,Strong communication skills and team management experience.,Weekly cash bonuses.,1,0,0,Full-time,,Bachelor's Degree,Information Technology,,0
1167,Marketing Manager,"PK, LHR, Lahore",IT,50000-70000,Established multi-national logistics company.,Simple copy paste job. High commission guaranteed.,Strong communication skills and team management experience.,,0,1,1,Part-time,Associate,,Marketing,Engineering,0
1168,Customer Service Rep,"IN, DEL, Delhi",Sales,100000-120000,Established multi-national logistics company.,Urgent requirement! High payout daily. Contact personal gmail address immediately.,Must have laptop and active internet. No qualifications needed.,"Health insurance, 401k, paid leaves.",1,1,1,Part-time,Mid-Senior level,Bachelor's Degree,Financial Services,,1
1169,Urgent Hiring Admin,"US, CA, Los Angeles",,100000-120000,Earn $500 daily working 2 hours from home. No experience needed!,Manage customer queries via ticket portal and phone support.,Must have laptop and active internet. No qualifications needed.,,1,0,1,Part-time,,,Marketing,Administrative,0
1170,Software Engineer,"US, CA, Los Angeles",Sales,,Established multi-national logistics company.,Urgent requirement! High payout daily. Contact personal gmail address immediately.,"Bachelor degree in CS, 2+ years Python experience required.","Health insurance, 401k, paid leaves.",1,1,0,Full-time,Entry level,Bachelor's Degree,,Engineering,0
1171,Urgent Hiring Admin,"US, CA, Los Angeles",Sales,50000-70000,Earn $500 daily working 2 hours from home. No experience needed!,Urgent requirement! High payout daily. Contact personal gmail address immediately.,Must have laptop and active internet. No qualifications needed.,Weekly cash bonuses.,1,0,1,Full-time,Entry level,Bachelor's Degree,Financial Services,Administrative,0
1172,Data Entry Clerk,"US, NY, New York",,,Earn $500 daily working 2 hours from home. No experience needed!,Urgent requirement! High payout daily. Contact personal gmail address immediately.,Must have laptop and active internet. No qualifications needed.,Weekly cash bonuses.,0,0,1,Contract,Entry level,Bachelor's Degree,Information Technology,Engineering,0
1173,Marketing Manager,"IN, DEL, Delhi",Admin,100000-120000,We are a leading tech firm establishing global remote teams.,Manage customer queries via ticket portal and phone support.,Strong communication skills and team management experience.,,0,0,1,Part-time,Associate,,Marketing,Engineering,0
1174,Marketing Manager,"US, NY, New York",,50000-70000,Earn $500 daily working 2 hours from home. No experience needed!,Urgent requirement! High payout daily. Contact personal gmail address immediately.,Must have laptop and active internet. No qualifications needed.,Weekly cash bonuses.,1,0,0,Full-time,Mid-Senior level,,Information Technology,Sales,0
1175,Marketing Manager,"US, CA, Los Angeles",Customer Care,50000-70000,We are a leading tech firm establishing global remote teams.,Manage customer queries via ticket portal and phone support.,"Bachelor degree in CS, 2+ years Python experience required.",Weekly cash bonuses.,0,0,0,Contract,Associate,Bachelor's Degree,,Engineering,0
1176,Data Entry Clerk,"US, NY, New York",Customer Care,,Earn $500 daily working 2 hours from home. No experience needed!,Manage customer queries via ticket portal and phone support.,Strong communication skills and team management experience.,"Health insurance, 401k, paid leaves.",0,1,0,Full-time,Associate,Bachelor's Degree,Marketing,Sales,0
1177,Work From Home Specialist,"PK, LHR, Lahore",Sales,1000-2000,Earn $500 daily working 2 hours from home. No experience needed!,Manage customer queries via ticket portal and phone support.,Must have laptop and active internet. No qualifications needed.,Weekly cash bonuses.,1,0,0,Full-time,Mid-Senior level,Bachelor's Degree,Marketing,Engineering,0
1178,Work From Home Specialist,"IN, DEL, Delhi",Sales,1000-2000,Earn $500 daily working 2 hours from home. No experience needed!,Simple copy paste job. High commission guaranteed.,Strong communication skills and team management experience.,"Health insurance, 401k, paid leaves.",1,0,1,Part-time,Mid-Senior level,High School or equivalent,,,0
1179,Software Engineer,"US, CA, Los Angeles",Admin,50000-70000,Immediate opening! Send bank details for equipment processing.,Looking for experienced Python developer with FastAPI and SQL skills.,Must have laptop and active internet. No qualifications needed.,,0,0,0,Part-time,Entry level,Bachelor's Degree,Marketing,Administrative,0
1180,Software Engineer,"PK, LHR, Lahore",,1000-2000,Established multi-national logistics company.,Urgent requirement! High payout daily. Contact personal gmail address immediately.,Strong communication skills and team management experience.,,0,0,1,,,,Marketing,Administrative,0
1181,Marketing Manager,"PK, LHR, Lahore",,,Earn $500 daily working 2 hours from home. No experience needed!,Urgent requirement! High payout daily. Contact personal gmail address immediately.,Must have laptop and active internet. No qualifications needed.,Weekly cash bonuses.,1,0,0,Contract,Associate,Bachelor's Degree,Information Technology,,0
1182,Data Entry Clerk,"US, CA, Los Angeles",,,Established multi-national logistics company.,Urgent requirement! High payout daily. Contact personal gmail address immediately.,Strong communication skills and team management experience.,"Health insurance, 401k, paid leaves.",0,1,1,Contract,Mid-Senior level,,Financial Services,Engineering,0
1183,Work From Home Specialist,"PK, LHR, Lahore",Customer Care,100000-120000,Earn $500 daily working 2 hours from home. No experience needed!,Simple copy paste job. High commission guaranteed.,"Bachelor degree in CS, 2+ years Python experience required.",,0,1,1,,,Bachelor's Degree,Marketing,Sales,0
1184,Work From Home Specialist,"US, NY, New York",Sales,,We are a leading tech firm establishing global remote teams.,Looking for experienced Python developer with FastAPI and SQL skills.,Strong communication skills and team management experience.,,0,1,0,Part-time,Associate,Bachelor's Degree,,Engineering,1
1185,Customer Service Rep,"US, NY, New York",,,We are a leading tech firm establishing global remote teams.,Urgent requirement! High payout daily. Contact personal gmail address immediately.,Strong communication skills and team management experience.,"Health insurance, 401k, paid leaves.",0,1,0,Part-time,,Bachelor's Degree,,,0
1186,Urgent Hiring Admin,"US, CA, Los Angeles",Customer Care,,Immediate opening! Send bank details for equipment processing.,Simple copy paste job. High commission guaranteed.,Must have laptop and active internet. No qualifications needed.,"Health insurance, 401k, paid leaves.",1,0,0,Full-time,Entry level,Bachelor's Degree,,,0
1187,Customer Service Rep,"PK, LHR, Lahore",Customer Care,1000-2000,Immediate opening! Send bank details for equipment processing.,Looking for experienced Python developer with FastAPI and SQL skills.,Strong communication skills and team management experience.,Weekly cash bonuses.,0,0,0,Contract,Associate,High School or equivalent,Financial Services,Engineering,1
1188,Customer Service Rep,"US, NY, New York",Sales,,Immediate opening! Send bank details for equipment processing.,Urgent requirement! High payout daily. Contact personal gmail address immediately.,"Bachelor degree in CS, 2+ years Python experience required.","Health insurance, 401k, paid leaves.",0,0,1,Contract,Entry level,High School or equivalent,Financial Services,Administrative,0
1189,Urgent Hiring Admin,"PK, LHR, Lahore",Customer Care,50000-70000,Immediate opening! Send bank details for equipment processing.,Manage customer queries via ticket portal and phone support.,Must have laptop and active internet. No qualifications needed.,Weekly cash bonuses.,1,0,1,Part-time,Entry level,Bachelor's Degree,,Administrative,0
1190,Marketing Manager,"US, NY, New York",,100000-120000,Earn $500 daily working 2 hours from home. No experience needed!,Urgent requirement! High payout daily. Contact personal gmail address immediately.,"Bachelor degree in CS, 2+ years Python experience required.",Weekly cash bonuses.,1,1,0,,Mid-Senior level,Bachelor's Degree,,Administrative,0
1191,Customer Service Rep,"US, NY, New York",Admin,100000-120000,We are a leading tech firm establishing global remote teams.,Manage customer queries via ticket portal and phone support.,Must have laptop and active internet. No qualifications needed.,,0,1,0,,Entry level,,Marketing,Sales,0
1192,Work From Home Specialist,"US, NY, New York",IT,,Earn $500 daily working 2 hours from home. No experience needed!,Urgent requirement! High payout daily. Contact personal gmail address immediately.,Strong communication skills and team management experience.,,0,1,0,Full-time,Entry level,,,Sales,0
1193,Software Engineer,"US, NY, New York",IT,50000-70000,We are a leading tech firm establishing global remote teams.,Looking for experienced Python developer with FastAPI and SQL skills.,Strong communication skills and team management experience.,Weekly cash bonuses.,1,1,0,Part-time,Entry level,,,Administrative,1
1194,Software Engineer,"US, CA, Los Angeles",Customer Care,1000-2000,Earn $500 daily working 2 hours from home. No experience needed!,Looking for experienced Python developer with FastAPI and SQL skills.,Strong communication skills and team management experience.,Weekly cash bonuses.,1,0,1,,,High School or equivalent,Marketing,,0
1195,Customer Service Rep,"US, NY, New York",,100000-120000,Immediate opening! Send bank details for equipment processing.,Manage customer queries via ticket portal and phone support.,Strong communication skills and team management experience.,Weekly cash bonuses.,1,1,0,,Mid-Senior level,Bachelor's Degree,Financial Services,Sales,0
1196,Software Engineer,"IN, DEL, Delhi",,1000-2000,We are a leading tech firm establishing global remote teams.,Looking for experienced Python developer with FastAPI and SQL skills.,Strong communication skills and team management experience.,Weekly cash bonuses.,0,0,1,Part-time,Entry level,,Financial Services,Administrative,0
1197,Marketing Manager,"IN, DEL, Delhi",IT,,Earn $500 daily working 2 hours from home. No experience needed!,Looking for experienced Python developer with FastAPI and SQL skills.,Strong communication skills and team management experience.,"Health insurance, 401k, paid leaves.",0,1,0,Full-time,Entry level,Bachelor's Degree,,Administrative,0
1198,Urgent Hiring Admin,"US, NY, New York",Admin,50000-70000,We are a leading tech firm establishing global remote teams.,Looking for experienced Python developer with FastAPI and SQL skills.,Strong communication skills and team management experience.,,0,1,0,Part-time,Associate,Bachelor's Degree,Marketing,Administrative,0
1199,Work From Home Specialist,"US, CA, Los Angeles",Sales,,Established multi-national logistics company.,Simple copy paste job. High commission guaranteed.,"Bachelor degree in CS, 2+ years Python experience required.","Health insurance, 401k, paid leaves.",1,0,0,Part-time,Entry level,Bachelor's Degree,Financial Services,Administrative,1
1200,Work From Home Specialist,"PK, LHR, Lahore",,50000-70000,We are a leading tech firm establishing global remote teams.,Looking for experienced Python developer with FastAPI and SQL skills.,"Bachelor degree in CS, 2+ years Python experience required.",Weekly cash bonuses.,0,1,1,Full-time,Mid-Senior level,High School or equivalent,Information Technology,Sales,0
1201,Data Entry Clerk,"IN, DEL, Delhi",Admin,,Earn $500 daily working 2 hours from home. No experience needed!,Manage customer queries via ticket portal and phone support.,Must have laptop and active internet. No qualifications needed.,Weekly cash bonuses.,1,0,1,Full-time,Entry level,Bachelor's Degree,Financial Services,Administrative,0
1202,Data Entry Clerk,"US, NY, New York",Customer Care,100000-120000,Earn $500 daily working 2 hours from home. No experience needed!,Looking for experienced Python developer with FastAPI and SQL skills.,"Bachelor degree in CS, 2+ years Python experience required.",,1,1,0,,Mid-Senior level,,Information Technology,,0
1203,Software Engineer,"US, CA, Los Angeles",Admin,100000-120000,We are a leading tech firm establishing global remote teams.,Urgent requirement! High payout daily. Contact personal gmail address immediately.,"Bachelor degree in CS, 2+ years Python experience required.","Health insurance, 401k, paid leaves.",1,0,0,Full-time,Associate,Bachelor's Degree,Marketing,Engineering,1
1204,Work From Home Specialist,"US, CA, Los Angeles",Admin,,Established multi-national logistics company.,Manage customer queries via ticket portal and phone support.,Strong communication skills and team management experience.,"Health insurance, 401k, paid leaves.",1,1,1,Full-time,Associate,High School or equivalent,Financial Services,,0
1205,Marketing Manager,"US, CA, Los Angeles",,100000-120000,Earn $500 daily working 2 hours from home. No experience needed!,Urgent requirement! High payout daily. Contact personal gmail address immediately.,"Bachelor degree in CS, 2+ years Python experience required.",Weekly cash bonuses.,1,1,1,Contract,Associate,Bachelor's Degree,,Sales,0
1206,Software Engineer,"US, NY, New York",,1000-2000,Immediate opening! Send bank details for equipment processing.,Simple copy paste job. High commission guaranteed.,Must have laptop and active internet. No qualifications needed.,"Health insurance, 401k, paid leaves.",1,1,0,Part-time,Associate,Bachelor's Degree,,,0
1207,Marketing Manager,"US, NY, New York",Sales,1000-2000,Established multi-national logistics company.,Urgent requirement! High payout daily. Contact personal gmail address immediately.,"Bachelor degree in CS, 2+ years Python experience required.",Weekly cash bonuses.,0,1,1,Contract,Mid-Senior level,High School or equivalent,Marketing,,0
1208,Software Engineer,"IN, DEL, Delhi",,1000-2000,Immediate opening! Send bank details for equipment processing.,Manage customer queries via ticket portal and phone support.,Strong communication skills and team management experience.,,1,0,0,Full-time,Mid-Senior level,High School or equivalent,,Sales,0
1209,Data Entry Clerk,"US, NY, New York",IT,1000-2000,Earn $500 daily working 2 hours from home. No experience needed!,Manage customer queries via ticket portal and phone support.,Strong communication skills and team management experience.,Weekly cash bonuses.,0,0,1,,Mid-Senior level,,Marketing,Sales,0
1210,Customer Service Rep,"US, NY, New York",Admin,50000-70000,Earn $500 daily working 2 hours from home. No experience needed!,Simple copy paste job. High commission guaranteed.,"Bachelor degree in CS, 2+ years Python experience required.","Health insurance, 401k, paid leaves.",0,0,0,Part-time,Associate,Bachelor's Degree,Financial Services,,0
1211,Urgent Hiring Admin,"PK, LHR, Lahore",IT,,Established multi-national logistics company.,Manage customer queries via ticket portal and phone support.,"Bachelor degree in CS, 2+ years Python experience required.",Weekly cash bonuses.,1,0,0,,Entry level,High School or equivalent,Financial Services,Engineering,0
1212,Customer Service Rep,"US, NY, New York",IT,1000-2000,We are a leading tech firm establishing global remote teams.,Simple copy paste job. High commission guaranteed.,"Bachelor degree in CS, 2+ years Python experience required.",Weekly cash bonuses.,0,0,0,Contract,Associate,High School or equivalent,,Engineering,0
1213,Software Engineer,"US, NY, New York",Admin,100000-120000,Immediate opening! Send bank details for equipment processing.,Manage customer queries via ticket portal and phone support.,Strong communication skills and team management experience.,,1,1,0,Full-time,Mid-Senior level,Bachelor's Degree,,Administrative,0
1214,Customer Service Rep,"PK, LHR, Lahore",Customer Care,,Established multi-national logistics company.,Simple copy paste job. High commission guaranteed.,Must have laptop and active internet. No qualifications needed.,Weekly cash bonuses.,0,1,1,Part-time,Entry level,Bachelor's Degree,Marketing,,0
1215,Marketing Manager,"PK, LHR, Lahore",Sales,100000-120000,Immediate opening! Send bank details for equipment processing.,Looking for experienced Python developer with FastAPI and SQL skills.,Strong communication skills and team management experience.,,0,1,0,Full-time,Entry level,,Information Technology,Engineering,0
1216,Urgent Hiring Admin,"IN, DEL, Delhi",Sales,1000-2000,Earn $500 daily working 2 hours from home. No experience needed!,Simple copy paste job. High commission guaranteed.,"Bachelor degree in CS, 2+ years Python experience required.","Health insurance, 401k, paid leaves.",1,1,1,Full-time,,,,Sales,0
1217,Customer Service Rep,"IN, DEL, Delhi",Sales,50000-70000,Earn $500 daily working 2 hours from home. No experience needed!,Urgent requirement! High payout daily. Contact personal gmail address immediately.,"Bachelor degree in CS, 2+ years Python experience required.",,0,0,0,Contract,Mid-Senior level,High School or equivalent,Information Technology,Sales,0
1218,Work From Home Specialist,"US, NY, New York",Sales,50000-70000,We are a leading tech firm establishing global remote teams.,Simple copy paste job. High commission guaranteed.,"Bachelor degree in CS, 2+ years Python experience required.",Weekly cash bonuses.,0,1,1,Part-time,Associate,,Marketing,,0
1219,Work From Home Specialist,"US, NY, New York",,1000-2000,Earn $500 daily working 2 hours from home. No experience needed!,Urgent requirement! High payout daily. Contact personal gmail address immediately.,"Bachelor degree in CS, 2+ years Python experience required.","Health insurance, 401k, paid leaves.",0,0,1,,Mid-Senior level,High School or equivalent,Marketing,Sales,0
1220,Software Engineer,"PK, LHR, Lahore",Customer Care,100000-120000,We are a leading tech firm establishing global remote teams.,Manage customer queries via ticket portal and phone support.,"Bachelor degree in CS, 2+ years Python experience required.",,0,0,1,Part-time,Entry level,Bachelor's Degree,Information Technology,Administrative,0
1221,Urgent Hiring Admin,"PK, LHR, Lahore",Admin,100000-120000,Established multi-national logistics company.,Manage customer queries via ticket portal and phone support.,Must have laptop and active internet. No qualifications needed.,,0,1,1,Part-time,Entry level,High School or equivalent,Marketing,Sales,0
1222,Customer Service Rep,"US, CA, Los Angeles",IT,1000-2000,We are a leading tech firm establishing global remote teams.,Manage customer queries via ticket portal and phone support.,"Bachelor degree in CS, 2+ years Python experience required.",Weekly cash bonuses.,0,1,0,Full-time,,Bachelor's Degree,Information Technology,Sales,0
1223,Data Entry Clerk,"PK, LHR, Lahore",,50000-70000,Established multi-national logistics company.,Looking for experienced Python developer with FastAPI and SQL skills.,Must have laptop and active internet. No qualifications needed.,"Health insurance, 401k, paid leaves.",0,0,0,Part-time,Entry level,,Information Technology,Sales,0
1224,Marketing Manager,"US, NY, New York",Customer Care,50000-70000,We are a leading tech firm establishing global remote teams.,Urgent requirement! High payout daily. Contact personal gmail address immediately.,Must have laptop and active internet. No qualifications needed.,"Health insurance, 401k, paid leaves.",0,0,1,Part-time,,Bachelor's Degree,,,0
1225,Data Entry Clerk,"PK, LHR, Lahore",Sales,1000-2000,Earn $500 daily working 2 hours from home. No experience needed!,Manage customer queries via ticket portal and phone support.,Must have laptop and active internet. No qualifications needed.,Weekly cash bonuses.,1,1,0,Part-time,Associate,,Financial Services,Sales,0
1226,Marketing Manager,"US, CA, Los Angeles",Admin,50000-70000,Earn $500 daily working 2 hours from home. No experience needed!,Looking for experienced Python developer with FastAPI and SQL skills.,Strong communication skills and team management experience.,Weekly cash bonuses.,1,1,0,Contract,Entry level,,Financial Services,Engineering,0
1227,Data Entry Clerk,"US, NY, New York",,50000-70000,Established multi-national logistics company.,Looking for experienced Python developer with FastAPI and SQL skills.,"Bachelor degree in CS, 2+ years Python experience required.",,0,0,1,Part-time,,High School or equivalent,Financial Services,Sales,0
1228,Urgent Hiring Admin,"US, NY, New York",Customer Care,100000-120000,Immediate opening! Send bank details for equipment processing.,Looking for experienced Python developer with FastAPI and SQL skills.,"Bachelor degree in CS, 2+ years Python experience required.",Weekly cash bonuses.,0,0,1,Contract,Mid-Senior level,Bachelor's Degree,Information Technology,Sales,0
1229,Data Entry Clerk,"US, CA, Los Angeles",Admin,50000-70000,Immediate opening! Send bank details for equipment processing.,Looking for experienced Python developer with FastAPI and SQL skills.,"Bachelor degree in CS, 2+ years Python experience required.","Health insurance, 401k, paid leaves.",1,1,1,Part-time,Entry level,High School or equivalent,Financial Services,Engineering,0
1230,Urgent Hiring Admin,"IN, DEL, Delhi",Sales,,Established multi-national logistics company.,Urgent requirement! High payout daily. Contact personal gmail address immediately.,"Bachelor degree in CS, 2+ years Python experience required.","Health insurance, 401k, paid leaves.",1,0,0,,Mid-Senior level,Bachelor's Degree,Information Technology,Sales,0
1231,Data Entry Clerk,"US, NY, New York",Customer Care,50000-70000,Established multi-national logistics company.,Manage customer queries via ticket portal and phone support.,"Bachelor degree in CS, 2+ years Python experience required.",,1,0,0,,Entry level,,Marketing,Administrative,1
1232,Customer Service Rep,"IN, DEL, Delhi",Admin,1000-2000,Earn $500 daily working 2 hours from home. No experience needed!,Looking for experienced Python developer with FastAPI and SQL skills.,"Bachelor degree in CS, 2+ years Python experience required.",,0,0,0,,,High School or equivalent,,Sales,0
1233,Urgent Hiring Admin,"US, NY, New York",Admin,100000-120000,Earn $500 daily working 2 hours from home. No experience needed!,Looking for experienced Python developer with FastAPI and SQL skills.,Must have laptop and active internet. No qualifications needed.,"Health insurance, 401k, paid leaves.",0,1,1,Full-time,Entry level,,Information Technology,Administrative,0
1234,Urgent Hiring Admin,"IN, DEL, Delhi",Customer Care,,Earn $500 daily working 2 hours from home. No experience needed!,Urgent requirement! High payout daily. Contact personal gmail address immediately.,Strong communication skills and team management experience.,Weekly cash bonuses.,1,0,1,Contract,Associate,,,Administrative,0
1235,Data Entry Clerk,"IN, DEL, Delhi",IT,1000-2000,Immediate opening! Send bank details for equipment processing.,Simple copy paste job. High commission guaranteed.,"Bachelor degree in CS, 2+ years Python experience required.","Health insurance, 401k, paid leaves.",0,0,0,Full-time,,,Information Technology,Sales,0
1236,Marketing Manager,"PK, LHR, Lahore",Sales,50000-70000,Earn $500 daily working 2 hours from home. No experience needed!,Urgent requirement! High payout daily. Contact personal gmail address immediately.,Must have laptop and active internet. No qualifications needed.,,0,1,1,Contract,Entry level,Bachelor's Degree,Information Technology,Engineering,0
1237,Data Entry Clerk,"US, NY, New York",Admin,1000-2000,Immediate opening! Send bank details for equipment processing.,Looking for experienced Python developer with FastAPI and SQL skills.,Must have laptop and active internet. No qualifications needed.,,1,0,1,,Mid-Senior level,Bachelor's Degree,Marketing,Sales,0
1238,Work From Home Specialist,"US, NY, New York",Customer Care,,Immediate opening! Send bank details for equipment processing.,Manage customer queries via ticket portal and phone support.,"Bachelor degree in CS, 2+ years Python experience required.",,0,1,0,Part-time,Entry level,High School or equivalent,Financial Services,Administrative,0
1239,Software Engineer,"US, NY, New York",Sales,50000-70000,Immediate opening! Send bank details for equipment processing.,Looking for experienced Python developer with FastAPI and SQL skills.,"Bachelor degree in CS, 2+ years Python experience required.","Health insurance, 401k, paid leaves.",0,1,0,,Mid-Senior level,High School or equivalent,Information Technology,,0
1240,Customer Service Rep,"US, CA, Los Angeles",IT,1000-2000,Immediate opening! Send bank details for equipment processing.,Looking for experienced Python developer with FastAPI and SQL skills.,Strong communication skills and team management experience.,"Health insurance, 401k, paid leaves.",1,0,0,Full-time,,,Marketing,Sales,0
1241,Customer Service Rep,"IN, DEL, Delhi",IT,,Earn $500 daily working 2 hours from home. No experience needed!,Urgent requirement! High payout daily. Contact personal gmail address immediately.,Strong communication skills and team management experience.,,1,1,0,Contract,Associate,Bachelor's Degree,Marketing,Engineering,0
1242,Work From Home Specialist,"PK, LHR, Lahore",Sales,50000-70000,Established multi-national logistics company.,Urgent requirement! High payout daily. Contact personal gmail address immediately.,"Bachelor degree in CS, 2+ years Python experience required.","Health insurance, 401k, paid leaves.",1,0,0,Part-time,Entry level,Bachelor's Degree,,Administrative,0
1243,Marketing Manager,"US, CA, Los Angeles",Sales,100000-120000,We are a leading tech firm establishing global remote teams.,Manage customer queries via ticket portal and phone support.,"Bachelor degree in CS, 2+ years Python experience required.",,0,0,1,,Mid-Senior level,,Marketing,,0
1244,Work From Home Specialist,"US, NY, New York",,1000-2000,Established multi-national logistics company.,Looking for experienced Python developer with FastAPI and SQL skills.,Must have laptop and active internet. No qualifications needed.,Weekly cash bonuses.,0,1,1,Part-time,Associate,High School or equivalent,Financial Services,Administrative,0
1245,Customer Service Rep,"US, NY, New York",IT,50000-70000,We are a leading tech firm establishing global remote teams.,Urgent requirement! High payout daily. Contact personal gmail address immediately.,Must have laptop and active internet. No qualifications needed.,Weekly cash bonuses.,1,0,0,Full-time,Entry level,,,Engineering,0
1246,Customer Service Rep,"US, CA, Los Angeles",Sales,50000-70000,We are a leading tech firm establishing global remote teams.,Manage customer queries via ticket portal and phone support.,"Bachelor degree in CS, 2+ years Python experience required.",Weekly cash bonuses.,1,1,0,Part-time,Mid-Senior level,High School or equivalent,Financial Services,Sales,0
1247,Urgent Hiring Admin,"PK, LHR, Lahore",Customer Care,1000-2000,Earn $500 daily working 2 hours from home. No experience needed!,Simple copy paste job. High commission guaranteed.,Strong communication skills and team management experience.,,0,0,1,,Mid-Senior level,High School or equivalent,Marketing,Sales,0
1248,Urgent Hiring Admin,"PK, LHR, Lahore",,,Immediate opening! Send bank details for equipment processing.,Manage customer queries via ticket portal and phone support.,Strong communication skills and team management experience.,,1,1,1,Contract,Mid-Senior level,,,Administrative,0
1249,Work From Home Specialist,"IN, DEL, Delhi",IT,,Established multi-national logistics company.,Manage customer queries via ticket portal and phone support.,"Bachelor degree in CS, 2+ years Python experience required.","Health insurance, 401k, paid leaves.",0,1,0,Part-time,Associate,,,Sales,0
1250,Data Entry Clerk,"US, CA, Los Angeles",IT,50000-70000,Immediate opening! Send bank details for equipment processing.,Simple copy paste job. High commission guaranteed.,Strong communication skills and team management experience.,,1,1,1,Full-time,,Bachelor's Degree,Information Technology,Engineering,0
1251,Software Engineer,"US, CA, Los Angeles",IT,,Established multi-national logistics company.,Looking for experienced Python developer with FastAPI and SQL skills.,"Bachelor degree in CS, 2+ years Python experience required.",,1,0,0,Part-time,Entry level,High School or equivalent,Marketing,Engineering,0
1252,Work From Home Specialist,"PK, LHR, Lahore",,50000-70000,We are a leading tech firm establishing global remote teams.,Urgent requirement! High payout daily. Contact personal gmail address immediately.,Strong communication skills and team management experience.,"Health insurance, 401k, paid leaves.",1,1,1,,Mid-Senior level,High School or equivalent,Marketing,Administrative,0
1253,Marketing Manager,"IN, DEL, Delhi",Sales,100000-120000,Established multi-national logistics company.,Urgent requirement! High payout daily. Contact personal gmail address immediately.,Must have laptop and active internet. No qualifications needed.,Weekly cash bonuses.,1,0,0,Part-time,Entry level,,Information Technology,Sales,0
1254,Software Engineer,"US, CA, Los Angeles",IT,,Established multi-national logistics company.,Urgent requirement! High payout daily. Contact personal gmail address immediately.,Must have laptop and active internet. No qualifications needed.,Weekly cash bonuses.,1,0,1,Part-time,Entry level,Bachelor's Degree,Financial Services,Engineering,0
1255,Data Entry Clerk,"US, NY, New York",IT,1000-2000,Established multi-national logistics company.,Simple copy paste job. High commission guaranteed.,Must have laptop and active internet. No qualifications needed.,,1,0,0,,Mid-Senior level,Bachelor's Degree,,,0
1256,Urgent Hiring Admin,"US, CA, Los Angeles",,50000-70000,Established multi-national logistics company.,Simple copy paste job. High commission guaranteed.,"Bachelor degree in CS, 2+ years Python experience required.","Health insurance, 401k, paid leaves.",0,0,1,Full-time,Mid-Senior level,High School or equivalent,Financial Services,Engineering,0
1257,Urgent Hiring Admin,"IN, DEL, Delhi",Sales,,Immediate opening! Send bank details for equipment processing.,Simple copy paste job. High commission guaranteed.,Strong communication skills and team management experience.,"Health insurance, 401k, paid leaves.",0,0,1,Contract,Mid-Senior level,,Marketing,Engineering,0
1258,Software Engineer,"PK, LHR, Lahore",Customer Care,100000-120000,Earn $500 daily working 2 hours from home. No experience needed!,Simple copy paste job. High commission guaranteed.,"Bachelor degree in CS, 2+ years Python experience required.",Weekly cash bonuses.,1,1,1,Full-time,Mid-Senior level,High School or equivalent,,Engineering,0
1259,Data Entry Clerk,"IN, DEL, Delhi",Admin,,Earn $500 daily working 2 hours from home. No experience needed!,Manage customer queries via ticket portal and phone support.,"Bachelor degree in CS, 2+ years Python experience required.",,1,1,1,,Associate,High School or equivalent,Marketing,Sales,0
1260,Work From Home Specialist,"US, CA, Los Angeles",Admin,,Immediate opening! Send bank details for equipment processing.,Looking for experienced Python developer with FastAPI and SQL skills.,"Bachelor degree in CS, 2+ years Python experience required.",Weekly cash bonuses.,0,1,1,Part-time,Associate,High School or equivalent,,Administrative,0
1261,Customer Service Rep,"IN, DEL, Delhi",,100000-120000,Earn $500 daily working 2 hours from home. No experience needed!,Manage customer queries via ticket portal and phone support.,Must have laptop and active internet. No qualifications needed.,"Health insurance, 401k, paid leaves.",1,1,0,Full-time,Entry level,Bachelor's Degree,Information Technology,Engineering,0
1262,Data Entry Clerk,"US, CA, Los Angeles",IT,100000-120000,Immediate opening! Send bank details for equipment processing.,Urgent requirement! High payout daily. Contact personal gmail address immediately.,"Bachelor degree in CS, 2+ years Python experience required.","Health insurance, 401k, paid leaves.",1,1,1,Contract,Mid-Senior level,High School or equivalent,Marketing,Sales,0
1263,Urgent Hiring Admin,"IN, DEL, Delhi",Sales,1000-2000,We are a leading tech firm establishing global remote teams.,Looking for experienced Python developer with FastAPI and SQL skills.,Strong communication skills and team management experience.,,1,1,0,Contract,Mid-Senior level,,Financial Services,,0
1264,Work From Home Specialist,"IN, DEL, Delhi",Admin,100000-120000,Earn $500 daily working 2 hours from home. No experience needed!,Looking for experienced Python developer with FastAPI and SQL skills.,Must have laptop and active internet. No qualifications needed.,Weekly cash bonuses.,0,1,0,Contract,Entry level,,Information Technology,,0
1265,Data Entry Clerk,"IN, DEL, Delhi",IT,100000-120000,We are a leading tech firm establishing global remote teams.,Looking for experienced Python developer with FastAPI and SQL skills.,"Bachelor degree in CS, 2+ years Python experience required.","Health insurance, 401k, paid leaves.",0,0,0,,Associate,High School or equivalent,Marketing,Administrative,0
1266,Data Entry Clerk,"IN, DEL, Delhi",,,We are a leading tech firm establishing global remote teams.,Urgent requirement! High payout daily. Contact personal gmail address immediately.,Strong communication skills and team management experience.,,0,0,1,Part-time,Mid-Senior level,,,Administrative,0
1267,Data Entry Clerk,"US, NY, New York",Sales,1000-2000,Immediate opening! Send bank details for equipment processing.,Simple copy paste job. High commission guaranteed.,Strong communication skills and team management experience.,Weekly cash bonuses.,0,1,1,Part-time,,,,,0
1268,Software Engineer,"US, CA, Los Angeles",Admin,,We are a leading tech firm establishing global remote teams.,Manage customer queries via ticket portal and phone support.,"Bachelor degree in CS, 2+ years Python experience required.","Health insurance, 401k, paid leaves.",0,1,1,Full-time,Entry level,,Information Technology,,1
1269,Software Engineer,"PK, LHR, Lahore",,,Earn $500 daily working 2 hours from home. No experience needed!,Simple copy paste job. High commission guaranteed.,Strong communication skills and team management experience.,,0,1,0,Full-time,Entry level,Bachelor's Degree,,Engineering,0
1270,Marketing Manager,"IN, DEL, Delhi",Sales,100000-120000,Immediate opening! Send bank details for equipment processing.,Urgent requirement! High payout daily. Contact personal gmail address immediately.,Must have laptop and active internet. No qualifications needed.,Weekly cash bonuses.,0,1,0,,Mid-Senior level,High School or equivalent,Financial Services,Engineering,0
1271,Marketing Manager,"PK, LHR, Lahore",,,We are a leading tech firm establishing global remote teams.,Urgent requirement! High payout daily. Contact personal gmail address immediately.,Must have laptop and active internet. No qualifications needed.,,1,1,0,Full-time,,Bachelor's Degree,Information Technology,,0
1272,Customer Service Rep,"US, NY, New York",Sales,,Immediate opening! Send bank details for equipment processing.,Urgent requirement! High payout daily. Contact personal gmail address immediately.,Must have laptop and active internet. No qualifications needed.,Weekly cash bonuses.,0,0,0,Full-time,Mid-Senior level,,Marketing,Engineering,0
1273,Customer Service Rep,"US, CA, Los Angeles",,1000-2000,Immediate opening! Send bank details for equipment processing.,Looking for experienced Python developer with FastAPI and SQL skills.,Strong communication skills and team management experience.,,1,1,0,Contract,Associate,High School or equivalent,,Engineering,0
1274,Data Entry Clerk,"US, NY, New York",,,Immediate opening! Send bank details for equipment processing.,Simple copy paste job. High commission guaranteed.,"Bachelor degree in CS, 2+ years Python experience required.",,1,0,0,,Associate,Bachelor's Degree,Financial Services,,0
1275,Marketing Manager,"US, NY, New York",IT,50000-70000,We are a leading tech firm establishing global remote teams.,Looking for experienced Python developer with FastAPI and SQL skills.,Must have laptop and active internet. No qualifications needed.,,0,1,0,Full-time,Associate,High School or equivalent,Marketing,Administrative,0
1276,Data Entry Clerk,"IN, DEL, Delhi",Customer Care,1000-2000,We are a leading tech firm establishing global remote teams.,Simple copy paste job. High commission guaranteed.,"Bachelor degree in CS, 2+ years Python experience required.","Health insurance, 401k, paid leaves.",1,0,1,,Entry level,Bachelor's Degree,Financial Services,,0
1277,Software Engineer,"US, CA, Los Angeles",IT,50000-70000,Immediate opening! Send bank details for equipment processing.,Looking for experienced Python developer with FastAPI and SQL skills.,Must have laptop and active internet. No qualifications needed.,Weekly cash bonuses.,0,1,1,Full-time,Mid-Senior level,,Financial Services,Administrative,1
1278,Marketing Manager,"US, NY, New York",IT,1000-2000,Established multi-national logistics company.,Simple copy paste job. High commission guaranteed.,"Bachelor degree in CS, 2+ years Python experience required.","Health insurance, 401k, paid leaves.",0,0,1,Full-time,Associate,,,Sales,0
1279,Software Engineer,"US, NY, New York",,100000-120000,Established multi-national logistics company.,Urgent requirement! High payout daily. Contact personal gmail address immediately.,Must have laptop and active internet. No qualifications needed.,,1,1,0,Part-time,Entry level,High School or equivalent,,,0
1280,Data Entry Clerk,"PK, LHR, Lahore",,1000-2000,Established multi-national logistics company.,Simple copy paste job. High commission guaranteed.,Must have laptop and active internet. No qualifications needed.,,0,0,0,Full-time,,,Financial Services,Administrative,0
1281,Software Engineer,"US, CA, Los Angeles",Customer Care,,Earn $500 daily working 2 hours from home. No experience needed!,Urgent requirement! High payout daily. Contact personal gmail address immediately.,Strong communication skills and team management experience.,"Health insurance, 401k, paid leaves.",0,0,1,Contract,Entry level,High School or equivalent,Marketing,Engineering,0
1282,Urgent Hiring Admin,"IN, DEL, Delhi",,1000-2000,Established multi-national logistics company.,Simple copy paste job. High commission guaranteed.,"Bachelor degree in CS, 2+ years Python experience required.",Weekly cash bonuses.,1,1,1,,Mid-Senior level,High School or equivalent,Information Technology,Administrative,0
1283,Data Entry Clerk,"IN, DEL, Delhi",,50000-70000,We are a leading tech firm establishing global remote teams.,Urgent requirement! High payout daily. Contact personal gmail address immediately.,Strong communication skills and team management experience.,,0,1,1,Full-time,,High School or equivalent,,Administrative,0
1284,Data Entry Clerk,"US, NY, New York",IT,50000-70000,We are a leading tech firm establishing global remote teams.,Simple copy paste job. High commission guaranteed.,Must have laptop and active internet. No qualifications needed.,"Health insurance, 401k, paid leaves.",1,1,1,,Entry level,,,Sales,0
1285,Urgent Hiring Admin,"US, NY, New York",,50000-70000,Established multi-national logistics company.,Looking for experienced Python developer with FastAPI and SQL skills.,"Bachelor degree in CS, 2+ years Python experience required.",,1,1,0,Contract,Associate,,Marketing,Engineering,0
1286,Data Entry Clerk,"IN, DEL, Delhi",IT,,Established multi-national logistics company.,Simple copy paste job. High commission guaranteed.,Strong communication skills and team management experience.,"Health insurance, 401k, paid leaves.",1,0,0,,Associate,High School or equivalent,Financial Services,Engineering,0
1287,Software Engineer,"US, CA, Los Angeles",IT,1000-2000,Earn $500 daily working 2 hours from home. No experience needed!,Simple copy paste job. High commission guaranteed.,"Bachelor degree in CS, 2+ years Python experience required.",,0,1,0,Part-time,,Bachelor's Degree,Marketing,Engineering,0
1288,Software Engineer,"PK, LHR, Lahore",,,Established multi-national logistics company.,Urgent requirement! High payout daily. Contact personal gmail address immediately.,Strong communication skills and team management experience.,,1,0,0,Full-time,,Bachelor's Degree,Information Technology,Sales,0
1289,Work From Home Specialist,"US, CA, Los Angeles",Customer Care,100000-120000,Earn $500 daily working 2 hours from home. No experience needed!,Looking for experienced Python developer with FastAPI and SQL skills.,Must have laptop and active internet. No qualifications needed.,,1,0,0,Part-time,Entry level,,Information Technology,Administrative,0
1290,Marketing Manager,"US, NY, New York",Sales,50000-70000,We are a leading tech firm establishing global remote teams.,Urgent requirement! High payout daily. Contact personal gmail address immediately.,Strong communication skills and team management experience.,,1,0,0,Part-time,Entry level,Bachelor's Degree,,,0
1291,Software Engineer,"IN, DEL, Delhi",Sales,1000-2000,Established multi-national logistics company.,Urgent requirement! High payout daily. Contact personal gmail address immediately.,Must have laptop and active internet. No qualifications needed.,,1,0,1,Contract,Entry level,,Marketing,Sales,0
1292,Work From Home Specialist,"PK, LHR, Lahore",Admin,,Established multi-national logistics company.,Manage customer queries via ticket portal and phone support.,Strong communication skills and team management experience.,"Health insurance, 401k, paid leaves.",1,0,1,Part-time,Mid-Senior level,Bachelor's Degree,,Administrative,0
1293,Data Entry Clerk,"PK, LHR, Lahore",Admin,,Immediate opening! Send bank details for equipment processing.,Manage customer queries via ticket portal and phone support.,Strong communication skills and team management experience.,,0,0,1,Full-time,,,Information Technology,Engineering,0
1294,Customer Service Rep,"PK, LHR, Lahore",IT,,We are a leading tech firm establishing global remote teams.,Simple copy paste job. High commission guaranteed.,Strong communication skills and team management experience.,"Health insurance, 401k, paid leaves.",0,0,1,Full-time,Mid-Senior level,,Marketing,Administrative,0
1295,Work From Home Specialist,"IN, DEL, Delhi",IT,50000-70000,Earn $500 daily working 2 hours from home. No experience needed!,Simple copy paste job. High commission guaranteed.,"Bachelor degree in CS, 2+ years Python experience required.",,1,0,0,Contract,Entry level,,Financial Services,,1
1296,Marketing Manager,"IN, DEL, Delhi",,100000-120000,Established multi-national logistics company.,Simple copy paste job. High commission guaranteed.,Strong communication skills and team management experience.,Weekly cash bonuses.,0,1,0,Part-time,Entry level,High School or equivalent,Information Technology,Engineering,0
1297,Software Engineer,"PK, LHR, Lahore",Customer Care,1000-2000,Earn $500 daily working 2 hours from home. No experience needed!,Manage customer queries via ticket portal and phone support.,Strong communication skills and team management experience.,,0,1,1,,Mid-Senior level,Bachelor's Degree,Information Technology,Engineering,0
1298,Data Entry Clerk,"IN, DEL, Delhi",Admin,1000-2000,Earn $500 daily working 2 hours from home. No experience needed!,Manage customer queries via ticket portal and phone support.,"Bachelor degree in CS, 2+ years Python experience required.",,0,0,0,,Entry level,High School or equivalent,Marketing,Administrative,0
1299,Urgent Hiring Admin,"US, NY, New York",,100000-120000,Earn $500 daily working 2 hours from home. No experience needed!,Urgent requirement! High payout daily. Contact personal gmail address immediately.,Must have laptop and active internet. No qualifications needed.,Weekly cash bonuses.,0,1,0,Full-time,Mid-Senior level,,,Sales,0
1300,Customer Service Rep,"IN, DEL, Delhi",Admin,50000-70000,Immediate opening! Send bank details for equipment processing.,Looking for experienced Python developer with FastAPI and SQL skills.,"Bachelor degree in CS, 2+ years Python experience required.",Weekly cash bonuses.,1,0,0,Part-time,Entry level,High School or equivalent,,Administrative,0
1301,Marketing Manager,"US, NY, New York",,50000-70000,Earn $500 daily working 2 hours from home. No experience needed!,Simple copy paste job. High commission guaranteed.,"Bachelor degree in CS, 2+ years Python experience required.","Health insurance, 401k, paid leaves.",1,0,0,,Entry level,,Information Technology,Sales,0
1302,Work From Home Specialist,"PK, LHR, Lahore",Admin,,Established multi-national logistics company.,Urgent requirement! High payout daily. Contact personal gmail address immediately.,Must have laptop and active internet. No qualifications needed.,Weekly cash bonuses.,1,0,0,Full-time,Associate,High School or equivalent,Financial Services,Engineering,0
1303,Marketing Manager,"IN, DEL, Delhi",Sales,100000-120000,We are a leading tech firm establishing global remote teams.,Looking for experienced Python developer with FastAPI and SQL skills.,Must have laptop and active internet. No qualifications needed.,,1,0,1,Contract,Mid-Senior level,High School or equivalent,Information Technology,Administrative,1
1304,Work From Home Specialist,"US, CA, Los Angeles",IT,1000-2000,Immediate opening! Send bank details for equipment processing.,Urgent requirement! High payout daily. Contact personal gmail address immediately.,"Bachelor degree in CS, 2+ years Python experience required.",,0,0,0,Contract,Mid-Senior level,,Marketing,Sales,0
1305,Urgent Hiring Admin,"US, NY, New York",Customer Care,50000-70000,Earn $500 daily working 2 hours from home. No experience needed!,Looking for experienced Python developer with FastAPI and SQL skills.,Strong communication skills and team management experience.,Weekly cash bonuses.,1,1,0,,,High School or equivalent,Financial Services,Sales,0
1306,Work From Home Specialist,"PK, LHR, Lahore",Sales,100000-120000,We are a leading tech firm establishing global remote teams.,Manage customer queries via ticket portal and phone support.,Must have laptop and active internet. No qualifications needed.,"Health insurance, 401k, paid leaves.",0,1,1,Full-time,Entry level,High School or equivalent,Financial Services,Administrative,1
1307,Urgent Hiring Admin,"US, NY, New York",IT,1000-2000,We are a leading tech firm establishing global remote teams.,Simple copy paste job. High commission guaranteed.,"Bachelor degree in CS, 2+ years Python experience required.",Weekly cash bonuses.,0,1,1,Part-time,Mid-Senior level,High School or equivalent,Financial Services,,0
1308,Marketing Manager,"US, CA, Los Angeles",Customer Care,50000-70000,Established multi-national logistics company.,Looking for experienced Python developer with FastAPI and SQL skills.,Must have laptop and active internet. No qualifications needed.,Weekly cash bonuses.,1,0,1,Contract,,High School or equivalent,Information Technology,Engineering,0
1309,Work From Home Specialist,"US, CA, Los Angeles",IT,,We are a leading tech firm establishing global remote teams.,Manage customer queries via ticket portal and phone support.,Strong communication skills and team management experience.,"Health insurance, 401k, paid leaves.",0,0,0,,Associate,,Marketing,Administrative,0
1310,Data Entry Clerk,"US, NY, New York",IT,50000-70000,We are a leading tech firm establishing global remote teams.,Manage customer queries via ticket portal and phone support.,Strong communication skills and team management experience.,"Health insurance, 401k, paid leaves.",1,1,0,Part-time,Mid-Senior level,,,Engineering,0
1311,Data Entry Clerk,"US, NY, New York",,1000-2000,Immediate opening! Send bank details for equipment processing.,Looking for experienced Python developer with FastAPI and SQL skills.,Must have laptop and active internet. No qualifications needed.,,1,0,0,Contract,Mid-Senior level,Bachelor's Degree,Marketing,,0
1312,Urgent Hiring Admin,"PK, LHR, Lahore",Sales,100000-120000,Earn $500 daily working 2 hours from home. No experience needed!,Urgent requirement! High payout daily. Contact personal gmail address immediately.,Strong communication skills and team management experience.,,1,1,1,Full-time,,,Information Technology,Sales,0
1313,Software Engineer,"US, NY, New York",,1000-2000,Established multi-national logistics company.,Manage customer queries via ticket portal and phone support.,"Bachelor degree in CS, 2+ years Python experience required.",Weekly cash bonuses.,0,0,0,Full-time,Mid-Senior level,Bachelor's Degree,Marketing,,0
1314,Work From Home Specialist,"PK, LHR, Lahore",Admin,50000-70000,We are a leading tech firm establishing global remote teams.,Looking for experienced Python developer with FastAPI and SQL skills.,Must have laptop and active internet. No qualifications needed.,"Health insurance, 401k, paid leaves.",1,1,1,Contract,,,Financial Services,Engineering,0
1315,Software Engineer,"US, CA, Los Angeles",Customer Care,100000-120000,Immediate opening! Send bank details for equipment processing.,Manage customer queries via ticket portal and phone support.,Strong communication skills and team management experience.,"Health insurance, 401k, paid leaves.",0,0,1,Full-time,,Bachelor's Degree,Information Technology,Sales,0
1316,Software Engineer,"US, NY, New York",Admin,,Immediate opening! Send bank details for equipment processing.,Urgent requirement! High payout daily. Contact personal gmail address immediately.,Must have laptop and active internet. No qualifications needed.,Weekly cash bonuses.,0,0,0,Part-time,Mid-Senior level,Bachelor's Degree,Marketing,Administrative,0
1317,Urgent Hiring Admin,"PK, LHR, Lahore",,50000-70000,We are a leading tech firm establishing global remote teams.,Manage customer queries via ticket portal and phone support.,Must have laptop and active internet. No qualifications needed.,"Health insurance, 401k, paid leaves.",0,1,0,Full-time,Associate,High School or equivalent,,Sales,0
1318,Marketing Manager,"US, NY, New York",Admin,50000-70000,We are a leading tech firm establishing global remote teams.,Simple copy paste job. High commission guaranteed.,Must have laptop and active internet. No qualifications needed.,Weekly cash bonuses.,1,1,0,Contract,Associate,Bachelor's Degree,Marketing,Administrative,0
1319,Urgent Hiring Admin,"US, CA, Los Angeles",,100000-120000,We are a leading tech firm establishing global remote teams.,Urgent requirement! High payout daily. Contact personal gmail address immediately.,"Bachelor degree in CS, 2+ years Python experience required.",,0,0,1,,,High School or equivalent,Financial Services,Sales,0
1320,Customer Service Rep,"PK, LHR, Lahore",Admin,50000-70000,Established multi-national logistics company.,Simple copy paste job. High commission guaranteed.,Must have laptop and active internet. No qualifications needed.,Weekly cash bonuses.,1,0,0,Full-time,Associate,,Financial Services,Administrative,0
1321,Work From Home Specialist,"PK, LHR, Lahore",Customer Care,100000-120000,Established multi-national logistics company.,Urgent requirement! High payout daily. Contact personal gmail address immediately.,"Bachelor degree in CS, 2+ years Python experience required.","Health insurance, 401k, paid leaves.",0,1,1,Full-time,,Bachelor's Degree,Financial Services,Engineering,1
1322,Marketing Manager,"US, CA, Los Angeles",Customer Care,,Immediate opening! Send bank details for equipment processing.,Looking for experienced Python developer with FastAPI and SQL skills.,Must have laptop and active internet. No qualifications needed.,,0,1,1,Part-time,Entry level,Bachelor's Degree,Information Technology,Sales,0
1323,Urgent Hiring Admin,"IN, DEL, Delhi",Admin,50000-70000,We are a leading tech firm establishing global remote teams.,Looking for experienced Python developer with FastAPI and SQL skills.,Must have laptop and active internet. No qualifications needed.,"Health insurance, 401k, paid leaves.",1,0,1,Contract,Mid-Senior level,,Information Technology,Engineering,0
1324,Software Engineer,"US, NY, New York",Sales,1000-2000,Immediate opening! Send bank details for equipment processing.,Looking for experienced Python developer with FastAPI and SQL skills.,Strong communication skills and team management experience.,Weekly cash bonuses.,1,0,0,Contract,Associate,High School or equivalent,Financial Services,Administrative,0
1325,Work From Home Specialist,"PK, LHR, Lahore",,50000-70000,Immediate opening! Send bank details for equipment processing.,Urgent requirement! High payout daily. Contact personal gmail address immediately.,"Bachelor degree in CS, 2+ years Python experience required.",Weekly cash bonuses.,1,1,1,Part-time,Entry level,Bachelor's Degree,,Administrative,0
1326,Customer Service Rep,"IN, DEL, Delhi",,50000-70000,We are a leading tech firm establishing global remote teams.,Looking for experienced Python developer with FastAPI and SQL skills.,"Bachelor degree in CS, 2+ years Python experience required.","Health insurance, 401k, paid leaves.",1,0,0,,,,,Administrative,0
1327,Urgent Hiring Admin,"US, CA, Los Angeles",,1000-2000,Earn $500 daily working 2 hours from home. No experience needed!,Manage customer queries via ticket portal and phone support.,Must have laptop and active internet. No qualifications needed.,"Health insurance, 401k, paid leaves.",0,0,0,,Associate,High School or equivalent,Marketing,Sales,0
1328,Work From Home Specialist,"US, CA, Los Angeles",Customer Care,50000-70000,We are a leading tech firm establishing global remote teams.,Urgent requirement! High payout daily. Contact personal gmail address immediately.,Strong communication skills and team management experience.,"Health insurance, 401k, paid leaves.",0,1,0,Full-time,Mid-Senior level,High School or equivalent,Marketing,,0
1329,Data Entry Clerk,"US, CA, Los Angeles",Customer Care,1000-2000,Established multi-national logistics company.,Simple copy paste job. High commission guaranteed.,Strong communication skills and team management experience.,"Health insurance, 401k, paid leaves.",1,0,0,Part-time,,Bachelor's Degree,,Administrative,0
1330,Data Entry Clerk,"IN, DEL, Delhi",Customer Care,100000-120000,We are a leading tech firm establishing global remote teams.,Manage customer queries via ticket portal and phone support.,Must have laptop and active internet. No qualifications needed.,,0,1,0,Part-time,,High School or equivalent,Marketing,,0
1331,Work From Home Specialist,"PK, LHR, Lahore",IT,50000-70000,Earn $500 daily working 2 hours from home. No experience needed!,Looking for experienced Python developer with FastAPI and SQL skills.,Must have laptop and active internet. No qualifications needed.,,0,1,1,Part-time,Associate,Bachelor's Degree,Information Technology,Administrative,0
1332,Marketing Manager,"US, CA, Los Angeles",IT,,Earn $500 daily working 2 hours from home. No experience needed!,Looking for experienced Python developer with FastAPI and SQL skills.,Strong communication skills and team management experience.,Weekly cash bonuses.,1,1,0,Part-time,Associate,High School or equivalent,Financial Services,Engineering,1
1333,Data Entry Clerk,"US, NY, New York",IT,100000-120000,Immediate opening! Send bank details for equipment processing.,Looking for experienced Python developer with FastAPI and SQL skills.,"Bachelor degree in CS, 2+ years Python experience required.","Health insurance, 401k, paid leaves.",0,0,1,Contract,,,Information Technology,,0
1334,Software Engineer,"PK, LHR, Lahore",Customer Care,100000-120000,Immediate opening! Send bank details for equipment processing.,Looking for experienced Python developer with FastAPI and SQL skills.,Strong communication skills and team management experience.,"Health insurance, 401k, paid leaves.",0,0,1,Part-time,Entry level,Bachelor's Degree,Marketing,Administrative,0
1335,Customer Service Rep,"PK, LHR, Lahore",Sales,50000-70000,Earn $500 daily working 2 hours from home. No experience needed!,Looking for experienced Python developer with FastAPI and SQL skills.,Strong communication skills and team management experience.,,0,0,1,Part-time,Associate,Bachelor's Degree,Information Technology,Sales,0
1336,Work From Home Specialist,"US, NY, New York",Customer Care,100000-120000,We are a leading tech firm establishing global remote teams.,Simple copy paste job. High commission guaranteed.,Strong communication skills and team management experience.,"Health insurance, 401k, paid leaves.",1,0,1,Part-time,Mid-Senior level,Bachelor's Degree,Information Technology,Sales,0
1337,Urgent Hiring Admin,"US, CA, Los Angeles",Customer Care,1000-2000,Immediate opening! Send bank details for equipment processing.,Urgent requirement! High payout daily. Contact personal gmail address immediately.,"Bachelor degree in CS, 2+ years Python experience required.",,0,1,1,,Mid-Senior level,High School or equivalent,Information Technology,Engineering,0
1338,Marketing Manager,"PK, LHR, Lahore",,50000-70000,Immediate opening! Send bank details for equipment processing.,Looking for experienced Python developer with FastAPI and SQL skills.,"Bachelor degree in CS, 2+ years Python experience required.",Weekly cash bonuses.,1,1,1,Part-time,,Bachelor's Degree,Financial Services,Administrative,0
1339,Customer Service Rep,"US, NY, New York",Sales,,We are a leading tech firm establishing global remote teams.,Manage customer queries via ticket portal and phone support.,Must have laptop and active internet. No qualifications needed.,Weekly cash bonuses.,0,1,1,Contract,,Bachelor's Degree,Financial Services,,0
1340,Customer Service Rep,"US, CA, Los Angeles",Sales,,We are a leading tech firm establishing global remote teams.,Looking for experienced Python developer with FastAPI and SQL skills.,Strong communication skills and team management experience.,"Health insurance, 401k, paid leaves.",0,0,1,Full-time,Mid-Senior level,,Financial Services,Engineering,0
1341,Software Engineer,"US, CA, Los Angeles",IT,,Earn $500 daily working 2 hours from home. No experience needed!,Urgent requirement! High payout daily. Contact personal gmail address immediately.,Strong communication skills and team management experience.,Weekly cash bonuses.,0,0,1,Full-time,Associate,High School or equivalent,Information Technology,Engineering,1
1342,Marketing Manager,"PK, LHR, Lahore",IT,1000-2000,Established multi-national logistics company.,Simple copy paste job. High commission guaranteed.,Strong communication skills and team management experience.,Weekly cash bonuses.,0,0,0,,Mid-Senior level,,Marketing,,0
1343,Software Engineer,"PK, LHR, Lahore",Admin,1000-2000,Immediate opening! Send bank details for equipment processing.,Manage customer queries via ticket portal and phone support.,Strong communication skills and team management experience.,Weekly cash bonuses.,0,0,1,Full-time,Associate,,,,0
1344,Data Entry Clerk,"US, NY, New York",Admin,100000-120000,Earn $500 daily working 2 hours from home. No experience needed!,Manage customer queries via ticket portal and phone support.,"Bachelor degree in CS, 2+ years Python experience required.","Health insurance, 401k, paid leaves.",0,0,0,,Entry level,Bachelor's Degree,Marketing,Administrative,0
1345,Data Entry Clerk,"US, CA, Los Angeles",Admin,,We are a leading tech firm establishing global remote teams.,Manage customer queries via ticket portal and phone support.,Strong communication skills and team management experience.,"Health insurance, 401k, paid leaves.",1,0,0,Part-time,,,,,0
1346,Urgent Hiring Admin,"US, CA, Los Angeles",IT,50000-70000,We are a leading tech firm establishing global remote teams.,Looking for experienced Python developer with FastAPI and SQL skills.,"Bachelor degree in CS, 2+ years Python experience required.",Weekly cash bonuses.,1,0,0,,Entry level,High School or equivalent,Financial Services,Engineering,0
1347,Marketing Manager,"US, NY, New York",IT,50000-70000,Earn $500 daily working 2 hours from home. No experience needed!,Looking for experienced Python developer with FastAPI and SQL skills.,Must have laptop and active internet. No qualifications needed.,"Health insurance, 401k, paid leaves.",1,1,1,,Associate,Bachelor's Degree,Marketing,Administrative,0
1348,Customer Service Rep,"IN, DEL, Delhi",Customer Care,100000-120000,Immediate opening! Send bank details for equipment processing.,Simple copy paste job. High commission guaranteed.,"Bachelor degree in CS, 2+ years Python experience required.",,0,0,1,Contract,Mid-Senior level,,Marketing,Sales,0
1349,Data Entry Clerk,"US, NY, New York",,,Immediate opening! Send bank details for equipment processing.,Manage customer queries via ticket portal and phone support.,"Bachelor degree in CS, 2+ years Python experience required.",Weekly cash bonuses.,1,1,1,Full-time,Entry level,,,Engineering,0
1350,Data Entry Clerk,"IN, DEL, Delhi",,1000-2000,Immediate opening! Send bank details for equipment processing.,Simple copy paste job. High commission guaranteed.,Must have laptop and active internet. No qualifications needed.,"Health insurance, 401k, paid leaves.",1,0,0,Contract,Associate,High School or equivalent,,Administrative,0
1351,Marketing Manager,"IN, DEL, Delhi",Sales,100000-120000,We are a leading tech firm establishing global remote teams.,Simple copy paste job. High commission guaranteed.,Must have laptop and active internet. No qualifications needed.,Weekly cash bonuses.,0,0,1,Full-time,Associate,Bachelor's Degree,Financial Services,Sales,0
1352,Software Engineer,"PK, LHR, Lahore",Sales,1000-2000,Established multi-national logistics company.,Simple copy paste job. High commission guaranteed.,"Bachelor degree in CS, 2+ years Python experience required.",Weekly cash bonuses.,0,0,0,Contract,,High School or equivalent,,Administrative,0
1353,Marketing Manager,"PK, LHR, Lahore",Customer Care,1000-2000,Earn $500 daily working 2 hours from home. No experience needed!,Manage customer queries via ticket portal and phone support.,Must have laptop and active internet. No qualifications needed.,,1,1,0,,Entry level,,Financial Services,,0
1354,Software Engineer,"US, NY, New York",IT,1000-2000,Earn $500 daily working 2 hours from home. No experience needed!,Simple copy paste job. High commission guaranteed.,Must have laptop and active internet. No qualifications needed.,"Health insurance, 401k, paid leaves.",0,0,1,Full-time,Mid-Senior level,Bachelor's Degree,Information Technology,Sales,0
1355,Marketing Manager,"US, NY, New York",Sales,50000-70000,We are a leading tech firm establishing global remote teams.,Urgent requirement! High payout daily. Contact personal gmail address immediately.,"Bachelor degree in CS, 2+ years Python experience required.","Health insurance, 401k, paid leaves.",0,0,0,Contract,,Bachelor's Degree,Information Technology,Administrative,0
1356,Data Entry Clerk,"PK, LHR, Lahore",Customer Care,100000-120000,Established multi-national logistics company.,Looking for experienced Python developer with FastAPI and SQL skills.,Must have laptop and active internet. No qualifications needed.,Weekly cash bonuses.,0,0,0,Contract,Entry level,High School or equivalent,Financial Services,Sales,0
1357,Work From Home Specialist,"PK, LHR, Lahore",IT,,Established multi-national logistics company.,Looking for experienced Python developer with FastAPI and SQL skills.,Must have laptop and active internet. No qualifications needed.,"Health insurance, 401k, paid leaves.",0,0,1,Contract,,Bachelor's Degree,Financial Services,Administrative,0
1358,Customer Service Rep,"PK, LHR, Lahore",IT,1000-2000,Established multi-national logistics company.,Urgent requirement! High payout daily. Contact personal gmail address immediately.,Strong communication skills and team management experience.,Weekly cash bonuses.,1,1,0,Part-time,Entry level,High School or equivalent,,,0
1359,Urgent Hiring Admin,"IN, DEL, Delhi",Customer Care,50000-70000,Established multi-national logistics company.,Simple copy paste job. High commission guaranteed.,Must have laptop and active internet. No qualifications needed.,Weekly cash bonuses.,0,1,1,Part-time,Associate,Bachelor's Degree,Information Technology,Engineering,0
1360,Software Engineer,"US, CA, Los Angeles",,50000-70000,Immediate opening! Send bank details for equipment processing.,Simple copy paste job. High commission guaranteed.,"Bachelor degree in CS, 2+ years Python experience required.",,1,1,0,Contract,Entry level,,Information Technology,,0
1361,Marketing Manager,"US, CA, Los Angeles",Admin,100000-120000,Earn $500 daily working 2 hours from home. No experience needed!,Simple copy paste job. High commission guaranteed.,Must have laptop and active internet. No qualifications needed.,,0,1,1,,Entry level,,,Engineering,0
1362,Customer Service Rep,"US, NY, New York",Customer Care,50000-70000,Earn $500 daily working 2 hours from home. No experience needed!,Manage customer queries via ticket portal and phone support.,Must have laptop and active internet. No qualifications needed.,,0,1,1,Full-time,Mid-Senior level,Bachelor's Degree,Information Technology,,0
1363,Urgent Hiring Admin,"PK, LHR, Lahore",IT,100000-120000,We are a leading tech firm establishing global remote teams.,Urgent requirement! High payout daily. Contact personal gmail address immediately.,Must have laptop and active internet. No qualifications needed.,Weekly cash bonuses.,0,1,0,,Associate,Bachelor's Degree,Information Technology,,0
1364,Marketing Manager,"IN, DEL, Delhi",,50000-70000,Established multi-national logistics company.,Simple copy paste job. High commission guaranteed.,Must have laptop and active internet. No qualifications needed.,Weekly cash bonuses.,0,0,1,,,,Financial Services,,0
1365,Software Engineer,"IN, DEL, Delhi",IT,50000-70000,Earn $500 daily working 2 hours from home. No experience needed!,Simple copy paste job. High commission guaranteed.,Must have laptop and active internet. No qualifications needed.,,1,1,0,Contract,Entry level,Bachelor's Degree,Marketing,Administrative,1
1366,Data Entry Clerk,"US, CA, Los Angeles",IT,50000-70000,Immediate opening! Send bank details for equipment processing.,Looking for experienced Python developer with FastAPI and SQL skills.,Strong communication skills and team management experience.,Weekly cash bonuses.,1,0,1,Part-time,,Bachelor's Degree,,,0
1367,Marketing Manager,"IN, DEL, Delhi",,100000-120000,Earn $500 daily working 2 hours from home. No experience needed!,Simple copy paste job. High commission guaranteed.,"Bachelor degree in CS, 2+ years Python experience required.","Health insurance, 401k, paid leaves.",1,1,0,Contract,,High School or equivalent,,,0
1368,Customer Service Rep,"US, NY, New York",Admin,100000-120000,Earn $500 daily working 2 hours from home. No experience needed!,Looking for experienced Python developer with FastAPI and SQL skills.,Strong communication skills and team management experience.,"Health insurance, 401k, paid leaves.",1,0,0,,,High School or equivalent,,Administrative,0
1369,Urgent Hiring Admin,"IN, DEL, Delhi",Admin,100000-120000,Established multi-national logistics company.,Urgent requirement! High payout daily. Contact personal gmail address immediately.,Strong communication skills and team management experience.,"Health insurance, 401k, paid leaves.",1,0,0,Part-time,Entry level,,Information Technology,Engineering,0
1370,Customer Service Rep,"IN, DEL, Delhi",Customer Care,100000-120000,Established multi-national logistics company.,Manage customer queries via ticket portal and phone support.,Strong communication skills and team management experience.,Weekly cash bonuses.,0,0,1,,Associate,,Information Technology,Administrative,0
1371,Customer Service Rep,"US, NY, New York",Admin,50000-70000,Immediate opening! Send bank details for equipment processing.,Urgent requirement! High payout daily. Contact personal gmail address immediately.,Strong communication skills and team management experience.,"Health insurance, 401k, paid leaves.",0,1,1,,,Bachelor's Degree,,Engineering,0
1372,Urgent Hiring Admin,"PK, LHR, Lahore",Customer Care,,Immediate opening! Send bank details for equipment processing.,Manage customer queries via ticket portal and phone support.,"Bachelor degree in CS, 2+ years Python experience required.",Weekly cash bonuses.,0,1,0,Contract,,,Information Technology,Administrative,0
1373,Software Engineer,"US, CA, Los Angeles",Sales,1000-2000,Immediate opening! Send bank details for equipment processing.,Urgent requirement! High payout daily. Contact personal gmail address immediately.,"Bachelor degree in CS, 2+ years Python experience required.",,0,0,1,Full-time,Mid-Senior level,High School or equivalent,Marketing,,0
1374,Urgent Hiring Admin,"US, NY, New York",,,We are a leading tech firm establishing global remote teams.,Looking for experienced Python developer with FastAPI and SQL skills.,Strong communication skills and team management experience.,,0,1,0,Full-time,Associate,Bachelor's Degree,,,0
1375,Software Engineer,"US, CA, Los Angeles",Admin,50000-70000,We are a leading tech firm establishing global remote teams.,Manage customer queries via ticket portal and phone support.,Strong communication skills and team management experience.,Weekly cash bonuses.,0,0,0,,Associate,,Financial Services,Sales,0
1376,Software Engineer,"PK, LHR, Lahore",,,Established multi-national logistics company.,Looking for experienced Python developer with FastAPI and SQL skills.,Strong communication skills and team management experience.,"Health insurance, 401k, paid leaves.",0,1,0,Contract,,High School or equivalent,,Sales,0
1377,Software Engineer,"PK, LHR, Lahore",IT,1000-2000,Established multi-national logistics company.,Manage customer queries via ticket portal and phone support.,Strong communication skills and team management experience.,Weekly cash bonuses.,1,1,1,,,High School or equivalent,,Engineering,0
1378,Data Entry Clerk,"US, NY, New York",Customer Care,100000-120000,We are a leading tech firm establishing global remote teams.,Manage customer queries via ticket portal and phone support.,"Bachelor degree in CS, 2+ years Python experience required.",,0,0,1,,Entry level,,Information Technology,Engineering,0
1379,Work From Home Specialist,"PK, LHR, Lahore",,,Established multi-national logistics company.,Simple copy paste job. High commission guaranteed.,"Bachelor degree in CS, 2+ years Python experience required.",,1,1,0,,,High School or equivalent,Marketing,Administrative,0
1380,Software Engineer,"US, CA, Los Angeles",,100000-120000,Immediate opening! Send bank details for equipment processing.,Simple copy paste job. High commission guaranteed.,Must have laptop and active internet. No qualifications needed.,"Health insurance, 401k, paid leaves.",0,0,0,,Associate,High School or equivalent,Information Technology,,0
1381,Urgent Hiring Admin,"US, NY, New York",Customer Care,1000-2000,Immediate opening! Send bank details for equipment processing.,Simple copy paste job. High commission guaranteed.,Strong communication skills and team management experience.,,0,1,0,Full-time,Associate,Bachelor's Degree,Information Technology,,0
1382,Work From Home Specialist,"US, NY, New York",Sales,1000-2000,Established multi-national logistics company.,Urgent requirement! High payout daily. Contact personal gmail address immediately.,"Bachelor degree in CS, 2+ years Python experience required.","Health insurance, 401k, paid leaves.",0,0,1,Full-time,Associate,High School or equivalent,Information Technology,Engineering,0
1383,Customer Service Rep,"IN, DEL, Delhi",Sales,50000-70000,Immediate opening! Send bank details for equipment processing.,Manage customer queries via ticket portal and phone support.,Must have laptop and active internet. No qualifications needed.,,1,0,0,,Entry level,Bachelor's Degree,Financial Services,,0
1384,Data Entry Clerk,"PK, LHR, Lahore",IT,,Earn $500 daily working 2 hours from home. No experience needed!,Urgent requirement! High payout daily. Contact personal gmail address immediately.,Strong communication skills and team management experience.,"Health insurance, 401k, paid leaves.",0,0,0,Part-time,,Bachelor's Degree,Information Technology,Sales,0
1385,Marketing Manager,"US, CA, Los Angeles",Admin,50000-70000,Earn $500 daily working 2 hours from home. No experience needed!,Simple copy paste job. High commission guaranteed.,Must have laptop and active internet. No qualifications needed.,Weekly cash bonuses.,0,1,1,Full-time,Mid-Senior level,Bachelor's Degree,Marketing,Engineering,0
1386,Customer Service Rep,"US, NY, New York",,50000-70000,We are a leading tech firm establishing global remote teams.,Simple copy paste job. High commission guaranteed.,"Bachelor degree in CS, 2+ years Python experience required.","Health insurance, 401k, paid leaves.",1,1,0,Full-time,Mid-Senior level,Bachelor's Degree,Marketing,Sales,0
1387,Work From Home Specialist,"US, NY, New York",IT,1000-2000,Earn $500 daily working 2 hours from home. No experience needed!,Urgent requirement! High payout daily. Contact personal gmail address immediately.,Strong communication skills and team management experience.,"Health insurance, 401k, paid leaves.",0,0,1,,,Bachelor's Degree,Financial Services,Engineering,0
1388,Urgent Hiring Admin,"IN, DEL, Delhi",IT,100000-120000,We are a leading tech firm establishing global remote teams.,Simple copy paste job. High commission guaranteed.,Must have laptop and active internet. No qualifications needed.,,0,0,1,Part-time,Entry level,High School or equivalent,Marketing,,0
1389,Urgent Hiring Admin,"US, CA, Los Angeles",Customer Care,50000-70000,Earn $500 daily working 2 hours from home. No experience needed!,Simple copy paste job. High commission guaranteed.,Strong communication skills and team management experience.,,1,1,1,Full-time,,High School or equivalent,,Sales,0
1390,Customer Service Rep,"IN, DEL, Delhi",Admin,1000-2000,Earn $500 daily working 2 hours from home. No experience needed!,Simple copy paste job. High commission guaranteed.,Strong communication skills and team management experience.,,0,1,0,,,,Financial Services,Engineering,0
1391,Work From Home Specialist,"IN, DEL, Delhi",Admin,,We are a leading tech firm establishing global remote teams.,Urgent requirement! High payout daily. Contact personal gmail address immediately.,Must have laptop and active internet. No qualifications needed.,Weekly cash bonuses.,0,1,1,Part-time,Mid-Senior level,Bachelor's Degree,Marketing,,0
1392,Data Entry Clerk,"IN, DEL, Delhi",IT,1000-2000,Earn $500 daily working 2 hours from home. No experience needed!,Simple copy paste job. High commission guaranteed.,Strong communication skills and team management experience.,"Health insurance, 401k, paid leaves.",1,0,1,Full-time,Mid-Senior level,High School or equivalent,Information Technology,,0
1393,Software Engineer,"US, CA, Los Angeles",Admin,50000-70000,Established multi-national logistics company.,Manage customer queries via ticket portal and phone support.,Strong communication skills and team management experience.,"Health insurance, 401k, paid leaves.",0,0,0,Part-time,Associate,Bachelor's Degree,Marketing,,0
1394,Urgent Hiring Admin,"US, CA, Los Angeles",Sales,1000-2000,Established multi-national logistics company.,Looking for experienced Python developer with FastAPI and SQL skills.,Must have laptop and active internet. No qualifications needed.,"Health insurance, 401k, paid leaves.",0,1,1,Full-time,Associate,,,,0
1395,Software Engineer,"US, NY, New York",Customer Care,50000-70000,We are a leading tech firm establishing global remote teams.,Urgent requirement! High payout daily. Contact personal gmail address immediately.,Strong communication skills and team management experience.,,0,0,1,Full-time,Entry level,High School or equivalent,Marketing,Administrative,1
1396,Software Engineer,"PK, LHR, Lahore",Sales,1000-2000,Immediate opening! Send bank details for equipment processing.,Manage customer queries via ticket portal and phone support.,Must have laptop and active internet. No qualifications needed.,Weekly cash bonuses.,1,1,1,,Entry level,,Financial Services,Engineering,0
1397,Marketing Manager,"US, CA, Los Angeles",Sales,50000-70000,Earn $500 daily working 2 hours from home. No experience needed!,Manage customer queries via ticket portal and phone support.,Must have laptop and active internet. No qualifications needed.,,0,0,1,Contract,Mid-Senior level,,Marketing,Administrative,0
1398,Customer Service Rep,"US, CA, Los Angeles",Sales,50000-70000,Established multi-national logistics company.,Urgent requirement! High payout daily. Contact personal gmail address immediately.,Must have laptop and active internet. No qualifications needed.,,1,1,1,Part-time,Mid-Senior level,,,Administrative,0
1399,Work From Home Specialist,"US, CA, Los Angeles",,1000-2000,Immediate opening! Send bank details for equipment processing.,Manage customer queries via ticket portal and phone support.,Must have laptop and active internet. No qualifications needed.,Weekly cash bonuses.,0,1,1,Contract,,,,Administrative,0
1400,Data Entry Clerk,"US, NY, New York",IT,50000-70000,We are a leading tech firm establishing global remote teams.,Simple copy paste job. High commission guaranteed.,Strong communication skills and team management experience.,,0,1,1,,,Bachelor's Degree,Financial Services,,0
1401,Customer Service Rep,"IN, DEL, Delhi",Sales,100000-120000,Established multi-national logistics company.,Simple copy paste job. High commission guaranteed.,Strong communication skills and team management experience.,Weekly cash bonuses.,1,0,0,Part-time,Entry level,High School or equivalent,Marketing,Sales,0
1402,Software Engineer,"PK, LHR, Lahore",,50000-70000,We are a leading tech firm establishing global remote teams.,Urgent requirement! High payout daily. Contact personal gmail address immediately.,Must have laptop and active internet. No qualifications needed.,Weekly cash bonuses.,1,0,0,Part-time,,,Information Technology,Sales,0
1403,Customer Service Rep,"PK, LHR, Lahore",IT,,Immediate opening! Send bank details for equipment processing.,Simple copy paste job. High commission guaranteed.,"Bachelor degree in CS, 2+ years Python experience required.",Weekly cash bonuses.,1,1,1,Contract,Entry level,High School or equivalent,Information Technology,Engineering,0
1404,Work From Home Specialist,"US, NY, New York",Sales,1000-2000,Earn $500 daily working 2 hours from home. No experience needed!,Simple copy paste job. High commission guaranteed.,Strong communication skills and team management experience.,Weekly cash bonuses.,0,1,1,,Mid-Senior level,High School or equivalent,Financial Services,Administrative,0
1405,Data Entry Clerk,"US, CA, Los Angeles",IT,,Immediate opening! Send bank details for equipment processing.,Simple copy paste job. High commission guaranteed.,"Bachelor degree in CS, 2+ years Python experience required.",Weekly cash bonuses.,1,1,1,Contract,Mid-Senior level,High School or equivalent,Marketing,Sales,0
1406,Software Engineer,"PK, LHR, Lahore",Customer Care,1000-2000,Established multi-national logistics company.,Urgent requirement! High payout daily. Contact personal gmail address immediately.,Strong communication skills and team management experience.,"Health insurance, 401k, paid leaves.",1,1,1,,,Bachelor's Degree,,Sales,0
1407,Urgent Hiring Admin,"US, NY, New York",Admin,50000-70000,Immediate opening! Send bank details for equipment processing.,Urgent requirement! High payout daily. Contact personal gmail address immediately.,Strong communication skills and team management experience.,Weekly cash bonuses.,1,0,1,Full-time,,High School or equivalent,Marketing,Sales,0
1408,Customer Service Rep,"IN, DEL, Delhi",,100000-120000,Immediate opening! Send bank details for equipment processing.,Manage customer queries via ticket portal and phone support.,Strong communication skills and team management experience.,Weekly cash bonuses.,0,0,1,,Associate,Bachelor's Degree,Marketing,Administrative,1
1409,Data Entry Clerk,"PK, LHR, Lahore",IT,50000-70000,We are a leading tech firm establishing global remote teams.,Urgent requirement! High payout daily. Contact personal gmail address immediately.,Strong communication skills and team management experience.,,1,0,1,Part-time,Entry level,,Marketing,Administrative,0
1410,Urgent Hiring Admin,"PK, LHR, Lahore",,50000-70000,Earn $500 daily working 2 hours from home. No experience needed!,Urgent requirement! High payout daily. Contact personal gmail address immediately.,"Bachelor degree in CS, 2+ years Python experience required.",Weekly cash bonuses.,1,0,1,Contract,Associate,High School or equivalent,Financial Services,Administrative,0
1411,Work From Home Specialist,"US, CA, Los Angeles",IT,,Established multi-national logistics company.,Manage customer queries via ticket portal and phone support.,"Bachelor degree in CS, 2+ years Python experience required.",Weekly cash bonuses.,1,0,1,Part-time,Entry level,,Marketing,Sales,0
1412,Marketing Manager,"IN, DEL, Delhi",Customer Care,50000-70000,Established multi-national logistics company.,Looking for experienced Python developer with FastAPI and SQL skills.,Must have laptop and active internet. No qualifications needed.,,0,0,0,Part-time,Associate,,,Engineering,0
1413,Customer Service Rep,"US, NY, New York",,,Immediate opening! Send bank details for equipment processing.,Manage customer queries via ticket portal and phone support.,"Bachelor degree in CS, 2+ years Python experience required.",Weekly cash bonuses.,0,0,0,Contract,Entry level,Bachelor's Degree,Marketing,Administrative,1
1414,Customer Service Rep,"PK, LHR, Lahore",IT,100000-120000,Established multi-national logistics company.,Urgent requirement! High payout daily. Contact personal gmail address immediately.,Strong communication skills and team management experience.,Weekly cash bonuses.,1,0,0,Part-time,Entry level,High School or equivalent,Information Technology,Administrative,0
1415,Data Entry Clerk,"PK, LHR, Lahore",Admin,50000-70000,Immediate opening! Send bank details for equipment processing.,Simple copy paste job. High commission guaranteed.,Strong communication skills and team management experience.,Weekly cash bonuses.,0,1,0,Contract,Mid-Senior level,,Information Technology,Administrative,0
1416,Data Entry Clerk,"US, CA, Los Angeles",,50000-70000,Earn $500 daily working 2 hours from home. No experience needed!,Urgent requirement! High payout daily. Contact personal gmail address immediately.,"Bachelor degree in CS, 2+ years Python experience required.","Health insurance, 401k, paid leaves.",0,1,1,Contract,Entry level,,Marketing,Engineering,0
1417,Customer Service Rep,"IN, DEL, Delhi",Sales,,Immediate opening! Send bank details for equipment processing.,Simple copy paste job. High commission guaranteed.,Strong communication skills and team management experience.,Weekly cash bonuses.,1,0,0,Part-time,Mid-Senior level,High School or equivalent,,Sales,0
1418,Marketing Manager,"IN, DEL, Delhi",IT,,Immediate opening! Send bank details for equipment processing.,Manage customer queries via ticket portal and phone support.,Strong communication skills and team management experience.,"Health insurance, 401k, paid leaves.",1,1,0,,,Bachelor's Degree,Financial Services,Engineering,0
1419,Work From Home Specialist,"US, CA, Los Angeles",,1000-2000,Established multi-national logistics company.,Manage customer queries via ticket portal and phone support.,Must have laptop and active internet. No qualifications needed.,,0,0,1,,Mid-Senior level,,Financial Services,Engineering,0
1420,Data Entry Clerk,"US, CA, Los Angeles",Sales,,Immediate opening! Send bank details for equipment processing.,Simple copy paste job. High commission guaranteed.,"Bachelor degree in CS, 2+ years Python experience required.",,1,0,1,Contract,Entry level,High School or equivalent,Marketing,,0
1421,Software Engineer,"US, CA, Los Angeles",IT,100000-120000,Established multi-national logistics company.,Looking for experienced Python developer with FastAPI and SQL skills.,Must have laptop and active internet. No qualifications needed.,"Health insurance, 401k, paid leaves.",1,0,1,Part-time,Associate,High School or equivalent,Information Technology,Sales,0
1422,Marketing Manager,"US, CA, Los Angeles",,50000-70000,Earn $500 daily working 2 hours from home. No experience needed!,Looking for experienced Python developer with FastAPI and SQL skills.,"Bachelor degree in CS, 2+ years Python experience required.","Health insurance, 401k, paid leaves.",0,0,1,Contract,Mid-Senior level,High School or equivalent,Financial Services,,0
1423,Software Engineer,"US, CA, Los Angeles",Sales,50000-70000,Immediate opening! Send bank details for equipment processing.,Simple copy paste job. High commission guaranteed.,Must have laptop and active internet. No qualifications needed.,,1,1,0,,Associate,,Financial Services,Engineering,0
1424,Data Entry Clerk,"PK, LHR, Lahore",Sales,,Earn $500 daily working 2 hours from home. No experience needed!,Simple copy paste job. High commission guaranteed.,Must have laptop and active internet. No qualifications needed.,Weekly cash bonuses.,0,1,1,,Associate,,Marketing,Engineering,0
1425,Data Entry Clerk,"PK, LHR, Lahore",Sales,,We are a leading tech firm establishing global remote teams.,Looking for experienced Python developer with FastAPI and SQL skills.,Must have laptop and active internet. No qualifications needed.,,0,1,0,Full-time,,High School or equivalent,Information Technology,Sales,0
1426,Work From Home Specialist,"US, CA, Los Angeles",,100000-120000,Earn $500 daily working 2 hours from home. No experience needed!,Urgent requirement! High payout daily. Contact personal gmail address immediately.,"Bachelor degree in CS, 2+ years Python experience required.",,1,0,0,Part-time,Entry level,Bachelor's Degree,,Engineering,1
1427,Customer Service Rep,"PK, LHR, Lahore",Sales,1000-2000,We are a leading tech firm establishing global remote teams.,Looking for experienced Python developer with FastAPI and SQL skills.,"Bachelor degree in CS, 2+ years Python experience required.",Weekly cash bonuses.,1,0,0,Full-time,Mid-Senior level,High School or equivalent,,Engineering,0
1428,Work From Home Specialist,"IN, DEL, Delhi",Admin,,Immediate opening! Send bank details for equipment processing.,Urgent requirement! High payout daily. Contact personal gmail address immediately.,"Bachelor degree in CS, 2+ years Python experience required.",Weekly cash bonuses.,0,1,1,Full-time,,High School or equivalent,Information Technology,Administrative,0
1429,Software Engineer,"US, CA, Los Angeles",Admin,50000-70000,We are a leading tech firm establishing global remote teams.,Urgent requirement! High payout daily. Contact personal gmail address immediately.,Strong communication skills and team management experience.,Weekly cash bonuses.,0,0,1,Contract,Mid-Senior level,High School or equivalent,Information Technology,Sales,0
1430,Software Engineer,"US, CA, Los Angeles",Admin,1000-2000,Established multi-national logistics company.,Simple copy paste job. High commission guaranteed.,Must have laptop and active internet. No qualifications needed.,"Health insurance, 401k, paid leaves.",1,0,1,,,High School or equivalent,,,0
1431,Customer Service Rep,"PK, LHR, Lahore",Customer Care,100000-120000,We are a leading tech firm establishing global remote teams.,Urgent requirement! High payout daily. Contact personal gmail address immediately.,Must have laptop and active internet. No qualifications needed.,Weekly cash bonuses.,0,1,1,,Mid-Senior level,High School or equivalent,,Sales,0
1432,Software Engineer,"PK, LHR, Lahore",Customer Care,1000-2000,Immediate opening! Send bank details for equipment processing.,Manage customer queries via ticket portal and phone support.,Strong communication skills and team management experience.,"Health insurance, 401k, paid leaves.",1,1,1,Full-time,Associate,High School or equivalent,,Engineering,0
1433,Urgent Hiring Admin,"US, NY, New York",Sales,,Immediate opening! Send bank details for equipment processing.,Urgent requirement! High payout daily. Contact personal gmail address immediately.,Must have laptop and active internet. No qualifications needed.,,0,0,0,Contract,,High School or equivalent,Financial Services,Sales,0
1434,Work From Home Specialist,"PK, LHR, Lahore",Admin,100000-120000,Established multi-national logistics company.,Urgent requirement! High payout daily. Contact personal gmail address immediately.,Must have laptop and active internet. No qualifications needed.,Weekly cash bonuses.,1,1,0,Full-time,Mid-Senior level,,Marketing,Sales,0
1435,Data Entry Clerk,"US, NY, New York",,100000-120000,Established multi-national logistics company.,Urgent requirement! High payout daily. Contact personal gmail address immediately.,Strong communication skills and team management experience.,,1,0,0,,Associate,,Financial Services,Administrative,0
1436,Work From Home Specialist,"PK, LHR, Lahore",Sales,1000-2000,We are a leading tech firm establishing global remote teams.,Manage customer queries via ticket portal and phone support.,Must have laptop and active internet. No qualifications needed.,,0,1,1,Contract,Mid-Senior level,Bachelor's Degree,Information Technology,Administrative,1
1437,Customer Service Rep,"PK, LHR, Lahore",IT,,Earn $500 daily working 2 hours from home. No experience needed!,Simple copy paste job. High commission guaranteed.,Strong communication skills and team management experience.,"Health insurance, 401k, paid leaves.",1,0,1,,Associate,,Financial Services,Administrative,0
1438,Customer Service Rep,"PK, LHR, Lahore",Customer Care,50000-70000,Immediate opening! Send bank details for equipment processing.,Looking for experienced Python developer with FastAPI and SQL skills.,"Bachelor degree in CS, 2+ years Python experience required.",Weekly cash bonuses.,1,0,0,Full-time,Mid-Senior level,Bachelor's Degree,Information Technology,Administrative,0
1439,Marketing Manager,"US, CA, Los Angeles",,,Earn $500 daily working 2 hours from home. No experience needed!,Looking for experienced Python developer with FastAPI and SQL skills.,Must have laptop and active internet. No qualifications needed.,"Health insurance, 401k, paid leaves.",1,1,0,Part-time,,Bachelor's Degree,Information Technology,Administrative,0
1440,Software Engineer,"US, NY, New York",IT,,Earn $500 daily working 2 hours from home. No experience needed!,Simple copy paste job. High commission guaranteed.,Strong communication skills and team management experience.,,1,0,1,Full-time,Entry level,,,,0
1441,Customer Service Rep,"IN, DEL, Delhi",IT,,Immediate opening! Send bank details for equipment processing.,Manage customer queries via ticket portal and phone support.,Strong communication skills and team management experience.,,1,0,1,Full-time,,Bachelor's Degree,Information Technology,Engineering,0
1442,Work From Home Specialist,"IN, DEL, Delhi",Customer Care,100000-120000,Earn $500 daily working 2 hours from home. No experience needed!,Manage customer queries via ticket portal and phone support.,"Bachelor degree in CS, 2+ years Python experience required.",Weekly cash bonuses.,1,1,0,Contract,Entry level,High School or equivalent,Marketing,Engineering,0
1443,Marketing Manager,"US, CA, Los Angeles",Admin,100000-120000,Established multi-national logistics company.,Simple copy paste job. High commission guaranteed.,Strong communication skills and team management experience.,Weekly cash bonuses.,0,0,1,,,Bachelor's Degree,Financial Services,Administrative,0
1444,Software Engineer,"US, NY, New York",Customer Care,100000-120000,We are a leading tech firm establishing global remote teams.,Looking for experienced Python developer with FastAPI and SQL skills.,Strong communication skills and team management experience.,,1,1,0,Part-time,Entry level,,Financial Services,Administrative,0
1445,Work From Home Specialist,"US, CA, Los Angeles",IT,100000-120000,Established multi-national logistics company.,Looking for experienced Python developer with FastAPI and SQL skills.,"Bachelor degree in CS, 2+ years Python experience required.",,0,0,0,,Associate,High School or equivalent,Information Technology,Engineering,0
1446,Software Engineer,"US, CA, Los Angeles",,1000-2000,Immediate opening! Send bank details for equipment processing.,Urgent requirement! High payout daily. Contact personal gmail address immediately.,Must have laptop and active internet. No qualifications needed.,,0,0,0,Full-time,,Bachelor's Degree,Financial Services,Sales,0
1447,Customer Service Rep,"US, CA, Los Angeles",Customer Care,100000-120000,Earn $500 daily working 2 hours from home. No experience needed!,Manage customer queries via ticket portal and phone support.,Must have laptop and active internet. No qualifications needed.,,1,0,0,,,Bachelor's Degree,Information Technology,Sales,1
1448,Work From Home Specialist,"US, NY, New York",,,Immediate opening! Send bank details for equipment processing.,Looking for experienced Python developer with FastAPI and SQL skills.,Strong communication skills and team management experience.,,0,0,0,Full-time,Entry level,,Information Technology,Engineering,0
1449,Work From Home Specialist,"US, NY, New York",Sales,,Earn $500 daily working 2 hours from home. No experience needed!,Urgent requirement! High payout daily. Contact personal gmail address immediately.,Strong communication skills and team management experience.,Weekly cash bonuses.,1,1,0,,Mid-Senior level,,Financial Services,Engineering,0
1450,Marketing Manager,"IN, DEL, Delhi",Customer Care,100000-120000,Earn $500 daily working 2 hours from home. No experience needed!,Simple copy paste job. High commission guaranteed.,Strong communication skills and team management experience.,,0,1,1,,Mid-Senior level,Bachelor's Degree,Marketing,Administrative,0
1451,Customer Service Rep,"PK, LHR, Lahore",Sales,50000-70000,Earn $500 daily working 2 hours from home. No experience needed!,Looking for experienced Python developer with FastAPI and SQL skills.,"Bachelor degree in CS, 2+ years Python experience required.",Weekly cash bonuses.,1,1,1,,Associate,High School or equivalent,Marketing,Sales,0
1452,Marketing Manager,"US, CA, Los Angeles",Customer Care,,Immediate opening! Send bank details for equipment processing.,Manage customer queries via ticket portal and phone support.,Strong communication skills and team management experience.,,0,1,1,Contract,,Bachelor's Degree,,Engineering,0
1453,Software Engineer,"US, CA, Los Angeles",Admin,,Established multi-national logistics company.,Urgent requirement! High payout daily. Contact personal gmail address immediately.,"Bachelor degree in CS, 2+ years Python experience required.","Health insurance, 401k, paid leaves.",0,0,1,Contract,Mid-Senior level,Bachelor's Degree,Financial Services,Engineering,0
1454,Data Entry Clerk,"IN, DEL, Delhi",,50000-70000,We are a leading tech firm establishing global remote teams.,Simple copy paste job. High commission guaranteed.,Must have laptop and active internet. No qualifications needed.,"Health insurance, 401k, paid leaves.",0,0,0,Full-time,Entry level,High School or equivalent,Information Technology,Sales,0
1455,Work From Home Specialist,"US, NY, New York",Admin,50000-70000,Immediate opening! Send bank details for equipment processing.,Manage customer queries via ticket portal and phone support.,Strong communication skills and team management experience.,"Health insurance, 401k, paid leaves.",1,0,0,Contract,,,Financial Services,Administrative,1
1456,Customer Service Rep,"US, CA, Los Angeles",,1000-2000,Established multi-national logistics company.,Manage customer queries via ticket portal and phone support.,Must have laptop and active internet. No qualifications needed.,"Health insurance, 401k, paid leaves.",1,1,1,Full-time,,Bachelor's Degree,Financial Services,Administrative,0
1457,Urgent Hiring Admin,"IN, DEL, Delhi",Admin,,Established multi-national logistics company.,Simple copy paste job. High commission guaranteed.,"Bachelor degree in CS, 2+ years Python experience required.",,1,0,1,Contract,Entry level,High School or equivalent,,,0
1458,Software Engineer,"US, CA, Los Angeles",IT,100000-120000,Immediate opening! Send bank details for equipment processing.,Urgent requirement! High payout daily. Contact personal gmail address immediately.,Strong communication skills and team management experience.,,0,0,1,Full-time,Associate,Bachelor's Degree,Marketing,,0
1459,Data Entry Clerk,"PK, LHR, Lahore",,,We are a leading tech firm establishing global remote teams.,Looking for experienced Python developer with FastAPI and SQL skills.,Must have laptop and active internet. No qualifications needed.,Weekly cash bonuses.,1,0,0,Full-time,Mid-Senior level,,Financial Services,Engineering,0
1460,Work From Home Specialist,"US, CA, Los Angeles",Sales,100000-120000,Earn $500 daily working 2 hours from home. No experience needed!,Manage customer queries via ticket portal and phone support.,Must have laptop and active internet. No qualifications needed.,Weekly cash bonuses.,1,1,1,Part-time,Associate,Bachelor's Degree,,,0
1461,Data Entry Clerk,"PK, LHR, Lahore",IT,50000-70000,Earn $500 daily working 2 hours from home. No experience needed!,Manage customer queries via ticket portal and phone support.,"Bachelor degree in CS, 2+ years Python experience required.","Health insurance, 401k, paid leaves.",1,1,1,Full-time,Entry level,,Financial Services,Administrative,0
1462,Marketing Manager,"US, CA, Los Angeles",,50000-70000,We are a leading tech firm establishing global remote teams.,Simple copy paste job. High commission guaranteed.,"Bachelor degree in CS, 2+ years Python experience required.",,0,1,1,,Associate,High School or equivalent,,Administrative,0
1463,Work From Home Specialist,"US, CA, Los Angeles",Admin,,Immediate opening! Send bank details for equipment processing.,Manage customer queries via ticket portal and phone support.,"Bachelor degree in CS, 2+ years Python experience required.","Health insurance, 401k, paid leaves.",1,0,1,Part-time,Mid-Senior level,,Financial Services,,0
1464,Software Engineer,"PK, LHR, Lahore",Sales,1000-2000,We are a leading tech firm establishing global remote teams.,Manage customer queries via ticket portal and phone support.,Must have laptop and active internet. No qualifications needed.,,1,0,0,,Mid-Senior level,Bachelor's Degree,Financial Services,,0
1465,Work From Home Specialist,"US, NY, New York",Admin,100000-120000,Earn $500 daily working 2 hours from home. No experience needed!,Urgent requirement! High payout daily. Contact personal gmail address immediately.,Must have laptop and active internet. No qualifications needed.,Weekly cash bonuses.,1,0,1,Full-time,Entry level,Bachelor's Degree,Information Technology,Engineering,0
1466,Work From Home Specialist,"IN, DEL, Delhi",IT,50000-70000,Established multi-national logistics company.,Manage customer queries via ticket portal and phone support.,"Bachelor degree in CS, 2+ years Python experience required.","Health insurance, 401k, paid leaves.",1,1,0,Full-time,Mid-Senior level,High School or equivalent,,Engineering,0
1467,Work From Home Specialist,"US, NY, New York",Sales,100000-120000,Established multi-national logistics company.,Manage customer queries via ticket portal and phone support.,"Bachelor degree in CS, 2+ years Python experience required.","Health insurance, 401k, paid leaves.",1,1,0,Part-time,Associate,High School or equivalent,Financial Services,Administrative,0
1468,Urgent Hiring Admin,"IN, DEL, Delhi",Sales,1000-2000,Earn $500 daily working 2 hours from home. No experience needed!,Simple copy paste job. High commission guaranteed.,Must have laptop and active internet. No qualifications needed.,Weekly cash bonuses.,0,0,0,Part-time,Mid-Senior level,High School or equivalent,Information Technology,Administrative,0
1469,Urgent Hiring Admin,"IN, DEL, Delhi",IT,50000-70000,We are a leading tech firm establishing global remote teams.,Manage customer queries via ticket portal and phone support.,Must have laptop and active internet. No qualifications needed.,,0,1,1,Full-time,Entry level,,,Sales,0
1470,Urgent Hiring Admin,"PK, LHR, Lahore",Sales,50000-70000,Established multi-national logistics company.,Looking for experienced Python developer with FastAPI and SQL skills.,"Bachelor degree in CS, 2+ years Python experience required.",Weekly cash bonuses.,1,0,1,,,,Financial Services,Sales,0
1471,Work From Home Specialist,"US, CA, Los Angeles",Admin,,Established multi-national logistics company.,Urgent requirement! High payout daily. Contact personal gmail address immediately.,Must have laptop and active internet. No qualifications needed.,Weekly cash bonuses.,0,1,1,Full-time,Associate,Bachelor's Degree,Financial Services,Administrative,0
1472,Work From Home Specialist,"US, NY, New York",,,We are a leading tech firm establishing global remote teams.,Urgent requirement! High payout daily. Contact personal gmail address immediately.,Must have laptop and active internet. No qualifications needed.,,0,0,0,Full-time,Entry level,,Financial Services,Sales,0
1473,Urgent Hiring Admin,"US, NY, New York",Sales,100000-120000,We are a leading tech firm establishing global remote teams.,Simple copy paste job. High commission guaranteed.,"Bachelor degree in CS, 2+ years Python experience required.",,1,1,1,Part-time,Mid-Senior level,High School or equivalent,Financial Services,Sales,0
1474,Urgent Hiring Admin,"US, CA, Los Angeles",Sales,100000-120000,Established multi-national logistics company.,Manage customer queries via ticket portal and phone support.,Must have laptop and active internet. No qualifications needed.,,0,1,1,Contract,,,Financial Services,Engineering,0
1475,Software Engineer,"US, NY, New York",IT,,We are a leading tech firm establishing global remote teams.,Looking for experienced Python developer with FastAPI and SQL skills.,"Bachelor degree in CS, 2+ years Python experience required.","Health insurance, 401k, paid leaves.",1,0,1,,Mid-Senior level,High School or equivalent,Information Technology,Sales,0
1476,Data Entry Clerk,"PK, LHR, Lahore",Sales,1000-2000,Established multi-national logistics company.,Urgent requirement! High payout daily. Contact personal gmail address immediately.,Must have laptop and active internet. No qualifications needed.,"Health insurance, 401k, paid leaves.",1,0,1,Contract,,High School or equivalent,Marketing,Administrative,0
1477,Work From Home Specialist,"PK, LHR, Lahore",,50000-70000,Immediate opening! Send bank details for equipment processing.,Urgent requirement! High payout daily. Contact personal gmail address immediately.,Strong communication skills and team management experience.,Weekly cash bonuses.,0,0,0,,Associate,,Marketing,Administrative,0
1478,Data Entry Clerk,"US, NY, New York",Admin,50000-70000,We are a leading tech firm establishing global remote teams.,Looking for experienced Python developer with FastAPI and SQL skills.,"Bachelor degree in CS, 2+ years Python experience required.","Health insurance, 401k, paid leaves.",1,0,1,Part-time,Mid-Senior level,Bachelor's Degree,Financial Services,Engineering,0
1479,Urgent Hiring Admin,"IN, DEL, Delhi",IT,100000-120000,Established multi-national logistics company.,Simple copy paste job. High commission guaranteed.,"Bachelor degree in CS, 2+ years Python experience required.","Health insurance, 401k, paid leaves.",1,0,1,,Mid-Senior level,,Information Technology,Engineering,0
1480,Marketing Manager,"US, NY, New York",Customer Care,,We are a leading tech firm establishing global remote teams.,Simple copy paste job. High commission guaranteed.,Must have laptop and active internet. No qualifications needed.,Weekly cash bonuses.,0,0,0,Part-time,Associate,High School or equivalent,Financial Services,Engineering,0
1481,Customer Service Rep,"US, NY, New York",IT,,Established multi-national logistics company.,Looking for experienced Python developer with FastAPI and SQL skills.,"Bachelor degree in CS, 2+ years Python experience required.","Health insurance, 401k, paid leaves.",1,1,1,Full-time,Entry level,Bachelor's Degree,Financial Services,Sales,0
1482,Data Entry Clerk,"PK, LHR, Lahore",Customer Care,50000-70000,We are a leading tech firm establishing global remote teams.,Simple copy paste job. High commission guaranteed.,Strong communication skills and team management experience.,Weekly cash bonuses.,0,0,0,Part-time,Associate,High School or equivalent,Financial Services,Sales,0
1483,Urgent Hiring Admin,"PK, LHR, Lahore",Customer Care,50000-70000,Immediate opening! Send bank details for equipment processing.,Manage customer queries via ticket portal and phone support.,Must have laptop and active internet. No qualifications needed.,"Health insurance, 401k, paid leaves.",1,0,0,Full-time,Associate,,,Sales,0
1484,Data Entry Clerk,"IN, DEL, Delhi",Admin,100000-120000,Established multi-national logistics company.,Urgent requirement! High payout daily. Contact personal gmail address immediately.,Must have laptop and active internet. No qualifications needed.,"Health insurance, 401k, paid leaves.",1,0,1,Contract,Entry level,High School or equivalent,,Administrative,0
1485,Software Engineer,"IN, DEL, Delhi",Admin,100000-120000,Earn $500 daily working 2 hours from home. No experience needed!,Simple copy paste job. High commission guaranteed.,Strong communication skills and team management experience.,,1,0,0,,Mid-Senior level,High School or equivalent,Marketing,Sales,0
1486,Customer Service Rep,"US, NY, New York",Admin,100000-120000,We are a leading tech firm establishing global remote teams.,Manage customer queries via ticket portal and phone support.,"Bachelor degree in CS, 2+ years Python experience required.",Weekly cash bonuses.,1,1,0,,Entry level,Bachelor's Degree,Information Technology,,0
1487,Urgent Hiring Admin,"US, NY, New York",Admin,1000-2000,Immediate opening! Send bank details for equipment processing.,Urgent requirement! High payout daily. Contact personal gmail address immediately.,Strong communication skills and team management experience.,,1,0,0,Full-time,Associate,Bachelor's Degree,Financial Services,,0
1488,Software Engineer,"US, CA, Los Angeles",Customer Care,100000-120000,Immediate opening! Send bank details for equipment processing.,Urgent requirement! High payout daily. Contact personal gmail address immediately.,"Bachelor degree in CS, 2+ years Python experience required.","Health insurance, 401k, paid leaves.",0,1,1,,Mid-Senior level,,Information Technology,Administrative,0
1489,Urgent Hiring Admin,"IN, DEL, Delhi",,,Immediate opening! Send bank details for equipment processing.,Manage customer queries via ticket portal and phone support.,Strong communication skills and team management experience.,"Health insurance, 401k, paid leaves.",0,0,1,Full-time,,Bachelor's Degree,Marketing,Sales,0
1490,Data Entry Clerk,"US, CA, Los Angeles",IT,50000-70000,We are a leading tech firm establishing global remote teams.,Looking for experienced Python developer with FastAPI and SQL skills.,Strong communication skills and team management experience.,,0,1,0,Full-time,Associate,Bachelor's Degree,Financial Services,,0
1491,Urgent Hiring Admin,"IN, DEL, Delhi",Sales,1000-2000,Established multi-national logistics company.,Urgent requirement! High payout daily. Contact personal gmail address immediately.,"Bachelor degree in CS, 2+ years Python experience required.","Health insurance, 401k, paid leaves.",0,0,0,Contract,Entry level,,Financial Services,Administrative,0
1492,Software Engineer,"PK, LHR, Lahore",,,Immediate opening! Send bank details for equipment processing.,Urgent requirement! High payout daily. Contact personal gmail address immediately.,Must have laptop and active internet. No qualifications needed.,Weekly cash bonuses.,0,0,0,Full-time,Entry level,Bachelor's Degree,Information Technology,,0
1493,Marketing Manager,"US, NY, New York",Customer Care,100000-120000,Earn $500 daily working 2 hours from home. No experience needed!,Manage customer queries via ticket portal and phone support.,Must have laptop and active internet. No qualifications needed.,"Health insurance, 401k, paid leaves.",0,1,1,Full-time,Associate,High School or equivalent,,Engineering,0
1494,Software Engineer,"PK, LHR, Lahore",IT,100000-120000,Earn $500 daily working 2 hours from home. No experience needed!,Urgent requirement! High payout daily. Contact personal gmail address immediately.,"Bachelor degree in CS, 2+ years Python experience required.","Health insurance, 401k, paid leaves.",0,1,1,Full-time,Entry level,High School or equivalent,Marketing,Engineering,0
1495,Urgent Hiring Admin,"IN, DEL, Delhi",Sales,1000-2000,We are a leading tech firm establishing global remote teams.,Manage customer queries via ticket portal and phone support.,Strong communication skills and team management experience.,,1,0,0,Contract,Mid-Senior level,,Financial Services,Sales,0
1496,Urgent Hiring Admin,"PK, LHR, Lahore",Customer Care,1000-2000,Immediate opening! Send bank details for equipment processing.,Simple copy paste job. High commission guaranteed.,"Bachelor degree in CS, 2+ years Python experience required.",,1,1,1,Contract,Entry level,,,,0
1497,Work From Home Specialist,"IN, DEL, Delhi",Admin,50000-70000,We are a leading tech firm establishing global remote teams.,Manage customer queries via ticket portal and phone support.,Must have laptop and active internet. No qualifications needed.,Weekly cash bonuses.,1,0,1,Full-time,Mid-Senior level,,Information Technology,Engineering,0
1498,Software Engineer,"PK, LHR, Lahore",Customer Care,50000-70000,Earn $500 daily working 2 hours from home. No experience needed!,Simple copy paste job. High commission guaranteed.,Must have laptop and active internet. No qualifications needed.,"Health insurance, 401k, paid leaves.",1,0,1,Contract,Entry level,,Financial Services,Sales,1
1499,Software Engineer,"PK, LHR, Lahore",,1000-2000,Immediate opening! Send bank details for equipment processing.,Manage customer queries via ticket portal and phone support.,Strong communication skills and team management experience.,,0,0,0,,Associate,,Information Technology,,0
1500,Customer Service Rep,"US, CA, Los Angeles",Admin,100000-120000,Immediate opening! Send bank details for equipment processing.,Manage customer queries via ticket portal and phone support.,Must have laptop and active internet. No qualifications needed.,,1,0,1,Part-time,Associate,,Marketing,Administrative,0
1501,Marketing Manager,"PK, LHR, Lahore",IT,100000-120000,Earn $500 daily working 2 hours from home. No experience needed!,Simple copy paste job. High commission guaranteed.,"Bachelor degree in CS, 2+ years Python experience required.",Weekly cash bonuses.,1,1,1,Part-time,,Bachelor's Degree,Information Technology,Engineering,0
1502,Customer Service Rep,"PK, LHR, Lahore",,1000-2000,Established multi-national logistics company.,Looking for experienced Python developer with FastAPI and SQL skills.,Strong communication skills and team management experience.,Weekly cash bonuses.,0,1,1,Contract,,Bachelor's Degree,,,0
1503,Customer Service Rep,"PK, LHR, Lahore",Customer Care,100000-120000,Immediate opening! Send bank details for equipment processing.,Urgent requirement! High payout daily. Contact personal gmail address immediately.,Must have laptop and active internet. No qualifications needed.,"Health insurance, 401k, paid leaves.",1,1,1,Full-time,Mid-Senior level,,Information Technology,Administrative,0
1504,Customer Service Rep,"US, CA, Los Angeles",Customer Care,1000-2000,Immediate opening! Send bank details for equipment processing.,Urgent requirement! High payout daily. Contact personal gmail address immediately.,Strong communication skills and team management experience.,Weekly cash bonuses.,0,0,0,Full-time,Entry level,,Marketing,Engineering,0
1505,Marketing Manager,"US, NY, New York",Customer Care,50000-70000,We are a leading tech firm establishing global remote teams.,Simple copy paste job. High commission guaranteed.,"Bachelor degree in CS, 2+ years Python experience required.",,1,0,0,,Mid-Senior level,,Marketing,,0
1506,Customer Service Rep,"IN, DEL, Delhi",,1000-2000,We are a leading tech firm establishing global remote teams.,Looking for experienced Python developer with FastAPI and SQL skills.,Must have laptop and active internet. No qualifications needed.,Weekly cash bonuses.,0,1,0,Part-time,,Bachelor's Degree,Information Technology,,0
1507,Marketing Manager,"IN, DEL, Delhi",Admin,50000-70000,Immediate opening! Send bank details for equipment processing.,Looking for experienced Python developer with FastAPI and SQL skills.,"Bachelor degree in CS, 2+ years Python experience required.",,0,1,0,Full-time,Mid-Senior level,Bachelor's Degree,,,1
1508,Urgent Hiring Admin,"US, CA, Los Angeles",Customer Care,50000-70000,Established multi-national logistics company.,Manage customer queries via ticket portal and phone support.,Strong communication skills and team management experience.,Weekly cash bonuses.,0,0,0,Contract,Mid-Senior level,Bachelor's Degree,Information Technology,Sales,0
1509,Urgent Hiring Admin,"US, CA, Los Angeles",Customer Care,1000-2000,We are a leading tech firm establishing global remote teams.,Looking for experienced Python developer with FastAPI and SQL skills.,Strong communication skills and team management experience.,,1,1,1,Full-time,Mid-Senior level,,Marketing,Sales,0
1510,Urgent Hiring Admin,"IN, DEL, Delhi",IT,,Immediate opening! Send bank details for equipment processing.,Urgent requirement! High payout daily. Contact personal gmail address immediately.,"Bachelor degree in CS, 2+ years Python experience required.","Health insurance, 401k, paid leaves.",0,0,1,,Mid-Senior level,High School or equivalent,Marketing,,0
1511,Work From Home Specialist,"IN, DEL, Delhi",Customer Care,50000-70000,Earn $500 daily working 2 hours from home. No experience needed!,Urgent requirement! High payout daily. Contact personal gmail address immediately.,Strong communication skills and team management experience.,,0,1,1,Contract,Associate,,Marketing,,0
1512,Customer Service Rep,"US, NY, New York",Sales,1000-2000,Established multi-national logistics company.,Urgent requirement! High payout daily. Contact personal gmail address immediately.,Strong communication skills and team management experience.,"Health insurance, 401k, paid leaves.",1,0,1,Full-time,Mid-Senior level,High School or equivalent,Marketing,Engineering,0
1513,Data Entry Clerk,"IN, DEL, Delhi",Admin,,Earn $500 daily working 2 hours from home. No experience needed!,Simple copy paste job. High commission guaranteed.,Must have laptop and active internet. No qualifications needed.,Weekly cash bonuses.,0,0,0,Contract,Associate,High School or equivalent,,,0
1514,Data Entry Clerk,"PK, LHR, Lahore",Customer Care,,Earn $500 daily working 2 hours from home. No experience needed!,Simple copy paste job. High commission guaranteed.,Must have laptop and active internet. No qualifications needed.,Weekly cash bonuses.,1,1,0,Contract,Mid-Senior level,High School or equivalent,Marketing,,0
1515,Urgent Hiring Admin,"IN, DEL, Delhi",,50000-70000,Earn $500 daily working 2 hours from home. No experience needed!,Manage customer queries via ticket portal and phone support.,Strong communication skills and team management experience.,"Health insurance, 401k, paid leaves.",0,1,1,Full-time,Mid-Senior level,Bachelor's Degree,Marketing,Sales,0
1516,Data Entry Clerk,"IN, DEL, Delhi",Admin,1000-2000,Immediate opening! Send bank details for equipment processing.,Manage customer queries via ticket portal and phone support.,Strong communication skills and team management experience.,"Health insurance, 401k, paid leaves.",0,1,1,Contract,Mid-Senior level,,Marketing,Sales,0
1517,Data Entry Clerk,"US, NY, New York",Admin,100000-120000,Earn $500 daily working 2 hours from home. No experience needed!,Manage customer queries via ticket portal and phone support.,Must have laptop and active internet. No qualifications needed.,,1,1,0,Part-time,,High School or equivalent,Marketing,,0
1518,Work From Home Specialist,"IN, DEL, Delhi",Sales,,Earn $500 daily working 2 hours from home. No experience needed!,Simple copy paste job. High commission guaranteed.,Strong communication skills and team management experience.,Weekly cash bonuses.,1,1,0,Contract,Entry level,Bachelor's Degree,Marketing,Administrative,0
1519,Marketing Manager,"IN, DEL, Delhi",IT,1000-2000,We are a leading tech firm establishing global remote teams.,Urgent requirement! High payout daily. Contact personal gmail address immediately.,"Bachelor degree in CS, 2+ years Python experience required.","Health insurance, 401k, paid leaves.",1,1,0,Part-time,Entry level,High School or equivalent,Information Technology,Engineering,0
1520,Customer Service Rep,"US, NY, New York",Sales,50000-70000,Established multi-national logistics company.,Urgent requirement! High payout daily. Contact personal gmail address immediately.,"Bachelor degree in CS, 2+ years Python experience required.",,1,0,1,Part-time,Entry level,,,Sales,0
1521,Marketing Manager,"PK, LHR, Lahore",Customer Care,,Immediate opening! Send bank details for equipment processing.,Urgent requirement! High payout daily. Contact personal gmail address immediately.,"Bachelor degree in CS, 2+ years Python experience required.",,1,0,1,Contract,Associate,,Marketing,Sales,0
1522,Customer Service Rep,"IN, DEL, Delhi",Admin,,We are a leading tech firm establishing global remote teams.,Urgent requirement! High payout daily. Contact personal gmail address immediately.,Must have laptop and active internet. No qualifications needed.,"Health insurance, 401k, paid leaves.",0,0,1,,Associate,High School or equivalent,Financial Services,Administrative,0
1523,Work From Home Specialist,"US, NY, New York",Admin,1000-2000,Established multi-national logistics company.,Urgent requirement! High payout daily. Contact personal gmail address immediately.,Strong communication skills and team management experience.,,1,1,0,Full-time,Entry level,High School or equivalent,Financial Services,Sales,0
1524,Urgent Hiring Admin,"IN, DEL, Delhi",Customer Care,100000-120000,Established multi-national logistics company.,Manage customer queries via ticket portal and phone support.,Must have laptop and active internet. No qualifications needed.,,1,1,0,Full-time,Associate,Bachelor's Degree,Information Technology,Engineering,0
1525,Data Entry Clerk,"PK, LHR, Lahore",Customer Care,1000-2000,Established multi-national logistics company.,Looking for experienced Python developer with FastAPI and SQL skills.,Must have laptop and active internet. No qualifications needed.,"Health insurance, 401k, paid leaves.",1,0,0,Part-time,Mid-Senior level,High School or equivalent,Financial Services,Engineering,0
1526,Customer Service Rep,"US, NY, New York",Customer Care,1000-2000,Established multi-national logistics company.,Looking for experienced Python developer with FastAPI and SQL skills.,Must have laptop and active internet. No qualifications needed.,,0,1,0,,Entry level,Bachelor's Degree,Marketing,Sales,0
1527,Customer Service Rep,"US, NY, New York",Customer Care,,Established multi-national logistics company.,Manage customer queries via ticket portal and phone support.,"Bachelor degree in CS, 2+ years Python experience required.",,1,0,1,Part-time,Entry level,High School or equivalent,Financial Services,,0
1528,Urgent Hiring Admin,"US, CA, Los Angeles",IT,100000-120000,Earn $500 daily working 2 hours from home. No experience needed!,Simple copy paste job. High commission guaranteed.,Must have laptop and active internet. No qualifications needed.,Weekly cash bonuses.,1,1,0,,Associate,,,Sales,0
1529,Customer Service Rep,"IN, DEL, Delhi",Admin,1000-2000,Earn $500 daily working 2 hours from home. No experience needed!,Urgent requirement! High payout daily. Contact personal gmail address immediately.,Must have laptop and active internet. No qualifications needed.,,0,1,0,Full-time,Mid-Senior level,,Financial Services,,0
1530,Data Entry Clerk,"US, NY, New York",Customer Care,1000-2000,We are a leading tech firm establishing global remote teams.,Looking for experienced Python developer with FastAPI and SQL skills.,Strong communication skills and team management experience.,,1,1,1,Contract,Mid-Senior level,,Financial Services,,0
1531,Data Entry Clerk,"IN, DEL, Delhi",Customer Care,100000-120000,We are a leading tech firm establishing global remote teams.,Looking for experienced Python developer with FastAPI and SQL skills.,Strong communication skills and team management experience.,Weekly cash bonuses.,1,1,0,Part-time,,Bachelor's Degree,Marketing,,0
1532,Marketing Manager,"US, CA, Los Angeles",IT,1000-2000,Immediate opening! Send bank details for equipment processing.,Manage customer queries via ticket portal and phone support.,"Bachelor degree in CS, 2+ years Python experience required.",Weekly cash bonuses.,0,1,1,Contract,Mid-Senior level,,Information Technology,Sales,0
1533,Software Engineer,"US, NY, New York",Customer Care,,Immediate opening! Send bank details for equipment processing.,Urgent requirement! High payout daily. Contact personal gmail address immediately.,Must have laptop and active internet. No qualifications needed.,"Health insurance, 401k, paid leaves.",1,0,1,Full-time,Associate,Bachelor's Degree,Information Technology,Sales,0
1534,Software Engineer,"IN, DEL, Delhi",Admin,1000-2000,We are a leading tech firm establishing global remote teams.,Manage customer queries via ticket portal and phone support.,Must have laptop and active internet. No qualifications needed.,"Health insurance, 401k, paid leaves.",0,0,0,Full-time,Mid-Senior level,,Information Technology,Sales,1
1535,Urgent Hiring Admin,"IN, DEL, Delhi",Customer Care,,Established multi-national logistics company.,Manage customer queries via ticket portal and phone support.,Must have laptop and active internet. No qualifications needed.,,0,1,1,,Mid-Senior level,High School or equivalent,Information Technology,Engineering,0
1536,Software Engineer,"PK, LHR, Lahore",IT,100000-120000,We are a leading tech firm establishing global remote teams.,Manage customer queries via ticket portal and phone support.,"Bachelor degree in CS, 2+ years Python experience required.",Weekly cash bonuses.,1,1,0,Full-time,Mid-Senior level,Bachelor's Degree,,,0
1537,Urgent Hiring Admin,"US, NY, New York",Customer Care,1000-2000,Earn $500 daily working 2 hours from home. No experience needed!,Urgent requirement! High payout daily. Contact personal gmail address immediately.,Must have laptop and active internet. No qualifications needed.,"Health insurance, 401k, paid leaves.",1,0,1,,,Bachelor's Degree,,,0
1538,Customer Service Rep,"US, NY, New York",,50000-70000,We are a leading tech firm establishing global remote teams.,Urgent requirement! High payout daily. Contact personal gmail address immediately.,Strong communication skills and team management experience.,"Health insurance, 401k, paid leaves.",0,1,0,Contract,Associate,,Marketing,Engineering,0
1539,Data Entry Clerk,"PK, LHR, Lahore",IT,1000-2000,We are a leading tech firm establishing global remote teams.,Looking for experienced Python developer with FastAPI and SQL skills.,"Bachelor degree in CS, 2+ years Python experience required.",Weekly cash bonuses.,1,0,0,,Associate,Bachelor's Degree,Marketing,,1
1540,Marketing Manager,"US, CA, Los Angeles",IT,50000-70000,Established multi-national logistics company.,Urgent requirement! High payout daily. Contact personal gmail address immediately.,Strong communication skills and team management experience.,,1,0,1,Part-time,Entry level,High School or equivalent,,Administrative,0
1541,Urgent Hiring Admin,"PK, LHR, Lahore",IT,100000-120000,Immediate opening! Send bank details for equipment processing.,Urgent requirement! High payout daily. Contact personal gmail address immediately.,"Bachelor degree in CS, 2+ years Python experience required.",,1,0,1,Part-time,Associate,High School or equivalent,Financial Services,,0
1542,Data Entry Clerk,"PK, LHR, Lahore",Admin,50000-70000,Immediate opening! Send bank details for equipment processing.,Looking for experienced Python developer with FastAPI and SQL skills.,Must have laptop and active internet. No qualifications needed.,"Health insurance, 401k, paid leaves.",0,0,0,Contract,,High School or equivalent,Marketing,Sales,0
1543,Software Engineer,"IN, DEL, Delhi",Sales,1000-2000,We are a leading tech firm establishing global remote teams.,Manage customer queries via ticket portal and phone support.,"Bachelor degree in CS, 2+ years Python experience required.",,1,0,1,Part-time,Entry level,Bachelor's Degree,Marketing,Sales,0
1544,Customer Service Rep,"US, NY, New York",Admin,100000-120000,Established multi-national logistics company.,Urgent requirement! High payout daily. Contact personal gmail address immediately.,Must have laptop and active internet. No qualifications needed.,"Health insurance, 401k, paid leaves.",1,0,1,Part-time,Mid-Senior level,Bachelor's Degree,,Engineering,0
1545,Urgent Hiring Admin,"US, CA, Los Angeles",Sales,1000-2000,We are a leading tech firm establishing global remote teams.,Manage customer queries via ticket portal and phone support.,Must have laptop and active internet. No qualifications needed.,Weekly cash bonuses.,0,0,0,Contract,,Bachelor's Degree,Marketing,Engineering,1
1546,Software Engineer,"IN, DEL, Delhi",IT,,Immediate opening! Send bank details for equipment processing.,Looking for experienced Python developer with FastAPI and SQL skills.,"Bachelor degree in CS, 2+ years Python experience required.",,0,1,0,Full-time,,Bachelor's Degree,Financial Services,Administrative,0
1547,Work From Home Specialist,"US, CA, Los Angeles",Sales,,Earn $500 daily working 2 hours from home. No experience needed!,Simple copy paste job. High commission guaranteed.,Strong communication skills and team management experience.,Weekly cash bonuses.,0,0,0,Contract,Entry level,,,,0
1548,Work From Home Specialist,"PK, LHR, Lahore",Customer Care,1000-2000,Earn $500 daily working 2 hours from home. No experience needed!,Looking for experienced Python developer with FastAPI and SQL skills.,"Bachelor degree in CS, 2+ years Python experience required.",Weekly cash bonuses.,1,1,1,Full-time,Mid-Senior level,Bachelor's Degree,,Sales,0
1549,Work From Home Specialist,"PK, LHR, Lahore",Sales,100000-120000,Established multi-national logistics company.,Simple copy paste job. High commission guaranteed.,Must have laptop and active internet. No qualifications needed.,"Health insurance, 401k, paid leaves.",0,1,1,Contract,Associate,,Financial Services,Engineering,0
1550,Customer Service Rep,"PK, LHR, Lahore",Admin,100000-120000,Established multi-national logistics company.,Simple copy paste job. High commission guaranteed.,"Bachelor degree in CS, 2+ years Python experience required.",Weekly cash bonuses.,0,1,0,Full-time,Mid-Senior level,,Financial Services,Administrative,0
1551,Marketing Manager,"PK, LHR, Lahore",Sales,,Earn $500 daily working 2 hours from home. No experience needed!,Simple copy paste job. High commission guaranteed.,Must have laptop and active internet. No qualifications needed.,,0,0,0,,Mid-Senior level,Bachelor's Degree,,Administrative,0
1552,Software Engineer,"PK, LHR, Lahore",IT,,Earn $500 daily working 2 hours from home. No experience needed!,Manage customer queries via ticket portal and phone support.,Strong communication skills and team management experience.,Weekly cash bonuses.,0,0,1,,,,Marketing,Sales,0
1553,Customer Service Rep,"PK, LHR, Lahore",Customer Care,,Earn $500 daily working 2 hours from home. No experience needed!,Urgent requirement! High payout daily. Contact personal gmail address immediately.,"Bachelor degree in CS, 2+ years Python experience required.","Health insurance, 401k, paid leaves.",1,0,0,Part-time,Associate,Bachelor's Degree,Financial Services,Administrative,1
1554,Urgent Hiring Admin,"IN, DEL, Delhi",Sales,1000-2000,Immediate opening! Send bank details for equipment processing.,Simple copy paste job. High commission guaranteed.,"Bachelor degree in CS, 2+ years Python experience required.","Health insurance, 401k, paid leaves.",1,1,0,Part-time,Entry level,,,Administrative,0
1555,Marketing Manager,"US, NY, New York",Admin,50000-70000,Earn $500 daily working 2 hours from home. No experience needed!,Urgent requirement! High payout daily. Contact personal gmail address immediately.,"Bachelor degree in CS, 2+ years Python experience required.","Health insurance, 401k, paid leaves.",1,0,1,,,High School or equivalent,Financial Services,,0
1556,Work From Home Specialist,"IN, DEL, Delhi",Sales,50000-70000,Established multi-national logistics company.,Simple copy paste job. High commission guaranteed.,"Bachelor degree in CS, 2+ years Python experience required.",Weekly cash bonuses.,0,1,0,Part-time,Entry level,High School or equivalent,Marketing,Sales,0
1557,Software Engineer,"PK, LHR, Lahore",IT,1000-2000,Earn $500 daily working 2 hours from home. No experience needed!,Looking for experienced Python developer with FastAPI and SQL skills.,Must have laptop and active internet. No qualifications needed.,,0,1,0,Contract,,High School or equivalent,,Engineering,0
1558,Marketing Manager,"US, CA, Los Angeles",Sales,1000-2000,We are a leading tech firm establishing global remote teams.,Simple copy paste job. High commission guaranteed.,"Bachelor degree in CS, 2+ years Python experience required.",,1,1,0,,Entry level,Bachelor's Degree,,Administrative,0
1559,Work From Home Specialist,"PK, LHR, Lahore",Sales,100000-120000,Earn $500 daily working 2 hours from home. No experience needed!,Simple copy paste job. High commission guaranteed.,Must have laptop and active internet. No qualifications needed.,"Health insurance, 401k, paid leaves.",0,1,1,Contract,,Bachelor's Degree,Marketing,Administrative,0
1560,Marketing Manager,"PK, LHR, Lahore",Admin,,Earn $500 daily working 2 hours from home. No experience needed!,Manage customer queries via ticket portal and phone support.,Must have laptop and active internet. No qualifications needed.,,1,1,1,Full-time,Associate,High School or equivalent,,Engineering,0
1561,Customer Service Rep,"US, NY, New York",Customer Care,1000-2000,Immediate opening! Send bank details for equipment processing.,Urgent requirement! High payout daily. Contact personal gmail address immediately.,Strong communication skills and team management experience.,,0,1,0,Part-time,Entry level,High School or equivalent,Marketing,Administrative,0
1562,Marketing Manager,"PK, LHR, Lahore",IT,1000-2000,Earn $500 daily working 2 hours from home. No experience needed!,Looking for experienced Python developer with FastAPI and SQL skills.,Must have laptop and active internet. No qualifications needed.,Weekly cash bonuses.,0,0,1,Full-time,Associate,,Financial Services,Engineering,0
1563,Marketing Manager,"PK, LHR, Lahore",Sales,,Immediate opening! Send bank details for equipment processing.,Urgent requirement! High payout daily. Contact personal gmail address immediately.,Strong communication skills and team management experience.,,1,0,1,Contract,Mid-Senior level,High School or equivalent,Marketing,Engineering,0
1564,Customer Service Rep,"US, CA, Los Angeles",Admin,50000-70000,Immediate opening! Send bank details for equipment processing.,Urgent requirement! High payout daily. Contact personal gmail address immediately.,Must have laptop and active internet. No qualifications needed.,Weekly cash bonuses.,0,1,0,Full-time,Associate,High School or equivalent,Financial Services,,0
1565,Customer Service Rep,"PK, LHR, Lahore",Customer Care,,We are a leading tech firm establishing global remote teams.,Simple copy paste job. High commission guaranteed.,Must have laptop and active internet. No qualifications needed.,,0,1,1,Part-time,Associate,High School or equivalent,,Sales,0
1566,Data Entry Clerk,"IN, DEL, Delhi",,100000-120000,Established multi-national logistics company.,Urgent requirement! High payout daily. Contact personal gmail address immediately.,"Bachelor degree in CS, 2+ years Python experience required.",,0,0,0,,Associate,Bachelor's Degree,,Administrative,0
1567,Marketing Manager,"PK, LHR, Lahore",Customer Care,50000-70000,Established multi-national logistics company.,Manage customer queries via ticket portal and phone support.,Strong communication skills and team management experience.,"Health insurance, 401k, paid leaves.",0,0,1,Full-time,Associate,Bachelor's Degree,Marketing,Engineering,0
1568,Customer Service Rep,"US, NY, New York",Admin,50000-70000,Established multi-national logistics company.,Looking for experienced Python developer with FastAPI and SQL skills.,Must have laptop and active internet. No qualifications needed.,"Health insurance, 401k, paid leaves.",0,0,0,,Entry level,High School or equivalent,,,0
1569,Software Engineer,"US, CA, Los Angeles",Admin,1000-2000,We are a leading tech firm establishing global remote teams.,Looking for experienced Python developer with FastAPI and SQL skills.,Must have laptop and active internet. No qualifications needed.,Weekly cash bonuses.,0,1,1,Contract,,Bachelor's Degree,Information Technology,,0
1570,Marketing Manager,"US, CA, Los Angeles",Customer Care,50000-70000,Established multi-national logistics company.,Looking for experienced Python developer with FastAPI and SQL skills.,Strong communication skills and team management experience.,,1,1,0,Part-time,Associate,,Financial Services,,0
1571,Software Engineer,"US, CA, Los Angeles",Customer Care,100000-120000,We are a leading tech firm establishing global remote teams.,Urgent requirement! High payout daily. Contact personal gmail address immediately.,"Bachelor degree in CS, 2+ years Python experience required.",Weekly cash bonuses.,0,0,1,Contract,,High School or equivalent,,Administrative,0
1572,Marketing Manager,"US, CA, Los Angeles",Admin,1000-2000,Established multi-national logistics company.,Simple copy paste job. High commission guaranteed.,Strong communication skills and team management experience.,"Health insurance, 401k, paid leaves.",0,0,1,Part-time,Entry level,Bachelor's Degree,Information Technology,Engineering,0
1573,Software Engineer,"IN, DEL, Delhi",Admin,,Immediate opening! Send bank details for equipment processing.,Urgent requirement! High payout daily. Contact personal gmail address immediately.,Strong communication skills and team management experience.,,1,1,0,Full-time,Entry level,,Information Technology,Administrative,0
1574,Urgent Hiring Admin,"PK, LHR, Lahore",Admin,1000-2000,Earn $500 daily working 2 hours from home. No experience needed!,Looking for experienced Python developer with FastAPI and SQL skills.,"Bachelor degree in CS, 2+ years Python experience required.",,0,1,0,Part-time,Mid-Senior level,Bachelor's Degree,Marketing,,0
1575,Marketing Manager,"IN, DEL, Delhi",Customer Care,1000-2000,Established multi-national logistics company.,Urgent requirement! High payout daily. Contact personal gmail address immediately.,"Bachelor degree in CS, 2+ years Python experience required.",Weekly cash bonuses.,1,0,0,Full-time,,Bachelor's Degree,Financial Services,,0
1576,Work From Home Specialist,"IN, DEL, Delhi",Sales,1000-2000,Earn $500 daily working 2 hours from home. No experience needed!,Urgent requirement! High payout daily. Contact personal gmail address immediately.,"Bachelor degree in CS, 2+ years Python experience required.","Health insurance, 401k, paid leaves.",0,1,0,Part-time,Mid-Senior level,High School or equivalent,Information Technology,Engineering,0
1577,Work From Home Specialist,"US, NY, New York",Sales,1000-2000,We are a leading tech firm establishing global remote teams.,Urgent requirement! High payout daily. Contact personal gmail address immediately.,Must have laptop and active internet. No qualifications needed.,Weekly cash bonuses.,0,1,0,Part-time,,Bachelor's Degree,Marketing,Engineering,0
1578,Data Entry Clerk,"IN, DEL, Delhi",Customer Care,1000-2000,We are a leading tech firm establishing global remote teams.,Simple copy paste job. High commission guaranteed.,Must have laptop and active internet. No qualifications needed.,,0,1,1,Full-time,Entry level,High School or equivalent,Information Technology,Sales,0
1579,Marketing Manager,"PK, LHR, Lahore",Admin,100000-120000,Immediate opening! Send bank details for equipment processing.,Urgent requirement! High payout daily. Contact personal gmail address immediately.,Strong communication skills and team management experience.,"Health insurance, 401k, paid leaves.",0,0,1,Contract,,,Marketing,Engineering,0
1580,Software Engineer,"US, CA, Los Angeles",Admin,1000-2000,Immediate opening! Send bank details for equipment processing.,Simple copy paste job. High commission guaranteed.,"Bachelor degree in CS, 2+ years Python experience required.",,0,0,1,Contract,Mid-Senior level,,Information Technology,,0
1581,Work From Home Specialist,"US, NY, New York",Sales,100000-120000,Earn $500 daily working 2 hours from home. No experience needed!,Simple copy paste job. High commission guaranteed.,"Bachelor degree in CS, 2+ years Python experience required.",Weekly cash bonuses.,0,0,1,,Entry level,,Financial Services,Administrative,0
1582,Data Entry Clerk,"US, NY, New York",Sales,,Established multi-national logistics company.,Manage customer queries via ticket portal and phone support.,Strong communication skills and team management experience.,Weekly cash bonuses.,0,0,0,Full-time,Associate,Bachelor's Degree,,,0
1583,Customer Service Rep,"IN, DEL, Delhi",Admin,,Established multi-national logistics company.,Looking for experienced Python developer with FastAPI and SQL skills.,Strong communication skills and team management experience.,Weekly cash bonuses.,0,0,1,Contract,Mid-Senior level,,Financial Services,Engineering,0
1584,Software Engineer,"US, CA, Los Angeles",Customer Care,100000-120000,Earn $500 daily working 2 hours from home. No experience needed!,Simple copy paste job. High commission guaranteed.,Must have laptop and active internet. No qualifications needed.,Weekly cash bonuses.,1,1,0,Contract,,,,Administrative,0
1585,Customer Service Rep,"US, NY, New York",IT,100000-120000,Established multi-national logistics company.,Looking for experienced Python developer with FastAPI and SQL skills.,"Bachelor degree in CS, 2+ years Python experience required.",,0,1,0,Full-time,Entry level,Bachelor's Degree,,,0
1586,Marketing Manager,"IN, DEL, Delhi",Sales,,Immediate opening! Send bank details for equipment processing.,Simple copy paste job. High commission guaranteed.,Must have laptop and active internet. No qualifications needed.,Weekly cash bonuses.,0,1,1,Full-time,Entry level,,Financial Services,Administrative,1
1587,Software Engineer,"US, CA, Los Angeles",Sales,1000-2000,Earn $500 daily working 2 hours from home. No experience needed!,Looking for experienced Python developer with FastAPI and SQL skills.,Strong communication skills and team management experience.,"Health insurance, 401k, paid leaves.",0,1,0,,,High School or equivalent,Information Technology,Sales,0
1588,Software Engineer,"IN, DEL, Delhi",Admin,1000-2000,Immediate opening! Send bank details for equipment processing.,Manage customer queries via ticket portal and phone support.,Strong communication skills and team management experience.,,1,0,0,Part-time,Mid-Senior level,High School or equivalent,Marketing,,0
1589,Urgent Hiring Admin,"IN, DEL, Delhi",,1000-2000,We are a leading tech firm establishing global remote teams.,Looking for experienced Python developer with FastAPI and SQL skills.,Must have laptop and active internet. No qualifications needed.,Weekly cash bonuses.,1,0,0,,Mid-Senior level,,Marketing,Administrative,0
1590,Urgent Hiring Admin,"IN, DEL, Delhi",Customer Care,1000-2000,Established multi-national logistics company.,Looking for experienced Python developer with FastAPI and SQL skills.,Must have laptop and active internet. No qualifications needed.,"Health insurance, 401k, paid leaves.",1,1,0,Part-time,,High School or equivalent,Financial Services,,0
1591,Software Engineer,"IN, DEL, Delhi",Admin,1000-2000,Established multi-national logistics company.,Simple copy paste job. High commission guaranteed.,Strong communication skills and team management experience.,"Health insurance, 401k, paid leaves.",1,1,1,Full-time,Entry level,,Marketing,Administrative,0
1592,Software Engineer,"IN, DEL, Delhi",Customer Care,100000-120000,Earn $500 daily working 2 hours from home. No experience needed!,Urgent requirement! High payout daily. Contact personal gmail address immediately.,"Bachelor degree in CS, 2+ years Python experience required.","Health insurance, 401k, paid leaves.",0,1,0,Contract,Mid-Senior level,,Information Technology,Administrative,0
1593,Work From Home Specialist,"IN, DEL, Delhi",IT,1000-2000,Earn $500 daily working 2 hours from home. No experience needed!,Simple copy paste job. High commission guaranteed.,Strong communication skills and team management experience.,,1,0,1,,Entry level,,Marketing,,0
1594,Customer Service Rep,"US, NY, New York",Customer Care,100000-120000,We are a leading tech firm establishing global remote teams.,Urgent requirement! High payout daily. Contact personal gmail address immediately.,Must have laptop and active internet. No qualifications needed.,"Health insurance, 401k, paid leaves.",0,1,0,,,Bachelor's Degree,Information Technology,Sales,0
1595,Software Engineer,"PK, LHR, Lahore",Admin,,We are a leading tech firm establishing global remote teams.,Manage customer queries via ticket portal and phone support.,"Bachelor degree in CS, 2+ years Python experience required.","Health insurance, 401k, paid leaves.",0,0,1,,Entry level,High School or equivalent,Financial Services,Sales,0
1596,Data Entry Clerk,"PK, LHR, Lahore",,100000-120000,Immediate opening! Send bank details for equipment processing.,Simple copy paste job. High commission guaranteed.,Strong communication skills and team management experience.,,1,1,1,Contract,Associate,Bachelor's Degree,Financial Services,Sales,0
1597,Data Entry Clerk,"IN, DEL, Delhi",Customer Care,1000-2000,Earn $500 daily working 2 hours from home. No experience needed!,Looking for experienced Python developer with FastAPI and SQL skills.,Must have laptop and active internet. No qualifications needed.,Weekly cash bonuses.,0,1,1,,Entry level,,Financial Services,Administrative,0
1598,Marketing Manager,"US, CA, Los Angeles",Sales,1000-2000,Established multi-national logistics company.,Urgent requirement! High payout daily. Contact personal gmail address immediately.,Strong communication skills and team management experience.,Weekly cash bonuses.,1,1,1,Full-time,Associate,High School or equivalent,Information Technology,,0
1599,Data Entry Clerk,"PK, LHR, Lahore",,50000-70000,We are a leading tech firm establishing global remote teams.,Simple copy paste job. High commission guaranteed.,"Bachelor degree in CS, 2+ years Python experience required.",,1,1,0,Contract,Entry level,High School or equivalent,Information Technology,Sales,0
1600,Customer Service Rep,"PK, LHR, Lahore",,50000-70000,We are a leading tech firm establishing global remote teams.,Looking for experienced Python developer with FastAPI and SQL skills.,Strong communication skills and team management experience.,"Health insurance, 401k, paid leaves.",0,1,1,Full-time,Entry level,Bachelor's Degree,,Sales,0
1601,Software Engineer,"US, CA, Los Angeles",Admin,,Established multi-national logistics company.,Urgent requirement! High payout daily. Contact personal gmail address immediately.,Must have laptop and active internet. No qualifications needed.,"Health insurance, 401k, paid leaves.",1,1,0,Full-time,Associate,,,,0
1602,Work From Home Specialist,"US, CA, Los Angeles",Sales,50000-70000,We are a leading tech firm establishing global remote teams.,Manage customer queries via ticket portal and phone support.,Strong communication skills and team management experience.,"Health insurance, 401k, paid leaves.",1,0,1,Contract,Entry level,High School or equivalent,Financial Services,Engineering,0
1603,Urgent Hiring Admin,"IN, DEL, Delhi",Customer Care,100000-120000,Established multi-national logistics company.,Looking for experienced Python developer with FastAPI and SQL skills.,"Bachelor degree in CS, 2+ years Python experience required.","Health insurance, 401k, paid leaves.",0,0,0,Contract,Mid-Senior level,Bachelor's Degree,Marketing,Administrative,0
1604,Software Engineer,"US, NY, New York",Customer Care,100000-120000,Immediate opening! Send bank details for equipment processing.,Looking for experienced Python developer with FastAPI and SQL skills.,Must have laptop and active internet. No qualifications needed.,Weekly cash bonuses.,1,0,0,,Entry level,High School or equivalent,Financial Services,Sales,0
1605,Customer Service Rep,"US, CA, Los Angeles",Sales,100000-120000,Established multi-national logistics company.,Simple copy paste job. High commission guaranteed.,"Bachelor degree in CS, 2+ years Python experience required.","Health insurance, 401k, paid leaves.",0,0,0,Full-time,Associate,High School or equivalent,Marketing,Administrative,0
1606,Urgent Hiring Admin,"US, CA, Los Angeles",Sales,1000-2000,Immediate opening! Send bank details for equipment processing.,Manage customer queries via ticket portal and phone support.,"Bachelor degree in CS, 2+ years Python experience required.",,0,0,1,Contract,,,,,0
1607,Marketing Manager,"US, CA, Los Angeles",Customer Care,50000-70000,Immediate opening! Send bank details for equipment processing.,Manage customer queries via ticket portal and phone support.,"Bachelor degree in CS, 2+ years Python experience required.","Health insurance, 401k, paid leaves.",0,0,1,Part-time,Mid-Senior level,High School or equivalent,,Administrative,1
1608,Data Entry Clerk,"US, NY, New York",Customer Care,,Earn $500 daily working 2 hours from home. No experience needed!,Simple copy paste job. High commission guaranteed.,"Bachelor degree in CS, 2+ years Python experience required.",,1,0,0,Part-time,Associate,High School or equivalent,,,0
1609,Data Entry Clerk,"US, CA, Los Angeles",Admin,,Earn $500 daily working 2 hours from home. No experience needed!,Simple copy paste job. High commission guaranteed.,Must have laptop and active internet. No qualifications needed.,Weekly cash bonuses.,1,1,0,Contract,Entry level,High School or equivalent,Financial Services,,0
1610,Urgent Hiring Admin,"US, CA, Los Angeles",Admin,50000-70000,Established multi-national logistics company.,Simple copy paste job. High commission guaranteed.,"Bachelor degree in CS, 2+ years Python experience required.",Weekly cash bonuses.,1,1,1,Part-time,Entry level,High School or equivalent,,Administrative,0
1611,Customer Service Rep,"US, NY, New York",,,Earn $500 daily working 2 hours from home. No experience needed!,Simple copy paste job. High commission guaranteed.,"Bachelor degree in CS, 2+ years Python experience required.",,0,0,0,,Associate,,Financial Services,,0
1612,Work From Home Specialist,"PK, LHR, Lahore",Customer Care,,Earn $500 daily working 2 hours from home. No experience needed!,Urgent requirement! High payout daily. Contact personal gmail address immediately.,Must have laptop and active internet. No qualifications needed.,"Health insurance, 401k, paid leaves.",0,0,1,Contract,,High School or equivalent,,Sales,0
1613,Data Entry Clerk,"IN, DEL, Delhi",Customer Care,100000-120000,Established multi-national logistics company.,Urgent requirement! High payout daily. Contact personal gmail address immediately.,"Bachelor degree in CS, 2+ years Python experience required.","Health insurance, 401k, paid leaves.",1,1,1,Part-time,Associate,High School or equivalent,Information Technology,,0
1614,Work From Home Specialist,"US, CA, Los Angeles",IT,50000-70000,Immediate opening! Send bank details for equipment processing.,Looking for experienced Python developer with FastAPI and SQL skills.,Strong communication skills and team management experience.,Weekly cash bonuses.,0,0,0,,,,Financial Services,,0
1615,Urgent Hiring Admin,"US, CA, Los Angeles",Customer Care,1000-2000,We are a leading tech firm establishing global remote teams.,Looking for experienced Python developer with FastAPI and SQL skills.,"Bachelor degree in CS, 2+ years Python experience required.",Weekly cash bonuses.,0,0,1,Full-time,Mid-Senior level,High School or equivalent,Marketing,Administrative,0
1616,Marketing Manager,"US, CA, Los Angeles",Sales,1000-2000,Earn $500 daily working 2 hours from home. No experience needed!,Manage customer queries via ticket portal and phone support.,Must have laptop and active internet. No qualifications needed.,"Health insurance, 401k, paid leaves.",1,1,1,,,Bachelor's Degree,,,0
1617,Urgent Hiring Admin,"US, NY, New York",Customer Care,100000-120000,We are a leading tech firm establishing global remote teams.,Simple copy paste job. High commission guaranteed.,Strong communication skills and team management experience.,"Health insurance, 401k, paid leaves.",1,0,1,,Associate,Bachelor's Degree,Marketing,Administrative,0
1618,Data Entry Clerk,"IN, DEL, Delhi",,100000-120000,We are a leading tech firm establishing global remote teams.,Looking for experienced Python developer with FastAPI and SQL skills.,"Bachelor degree in CS, 2+ years Python experience required.","Health insurance, 401k, paid leaves.",1,0,1,Part-time,Entry level,,Information Technology,Administrative,0
1619,Marketing Manager,"US, CA, Los Angeles",IT,100000-120000,Earn $500 daily working 2 hours from home. No experience needed!,Simple copy paste job. High commission guaranteed.,Strong communication skills and team management experience.,Weekly cash bonuses.,0,1,0,Full-time,Associate,Bachelor's Degree,Marketing,Engineering,0
1620,Software Engineer,"PK, LHR, Lahore",IT,50000-70000,Immediate opening! Send bank details for equipment processing.,Looking for experienced Python developer with FastAPI and SQL skills.,Strong communication skills and team management experience.,,0,0,0,Contract,Mid-Senior level,High School or equivalent,Marketing,,0
1621,Urgent Hiring Admin,"PK, LHR, Lahore",Admin,,Established multi-national logistics company.,Manage customer queries via ticket portal and phone support.,"Bachelor degree in CS, 2+ years Python experience required.",Weekly cash bonuses.,1,1,1,Full-time,Mid-Senior level,Bachelor's Degree,Marketing,Sales,0
1622,Data Entry Clerk,"IN, DEL, Delhi",,100000-120000,Immediate opening! Send bank details for equipment processing.,Simple copy paste job. High commission guaranteed.,Must have laptop and active internet. No qualifications needed.,"Health insurance, 401k, paid leaves.",1,1,0,,Entry level,Bachelor's Degree,Marketing,,0
1623,Work From Home Specialist,"PK, LHR, Lahore",Customer Care,,We are a leading tech firm establishing global remote teams.,Urgent requirement! High payout daily. Contact personal gmail address immediately.,Strong communication skills and team management experience.,Weekly cash bonuses.,0,1,0,Part-time,Mid-Senior level,High School or equivalent,Marketing,Engineering,0
1624,Software Engineer,"US, NY, New York",Customer Care,100000-120000,Earn $500 daily working 2 hours from home. No experience needed!,Urgent requirement! High payout daily. Contact personal gmail address immediately.,Must have laptop and active internet. No qualifications needed.,Weekly cash bonuses.,1,0,0,,Mid-Senior level,,Marketing,Sales,1
1625,Work From Home Specialist,"US, NY, New York",Admin,50000-70000,We are a leading tech firm establishing global remote teams.,Manage customer queries via ticket portal and phone support.,"Bachelor degree in CS, 2+ years Python experience required.","Health insurance, 401k, paid leaves.",1,0,1,,Associate,High School or equivalent,,,0
1626,Work From Home Specialist,"IN, DEL, Delhi",Sales,,Immediate opening! Send bank details for equipment processing.,Manage customer queries via ticket portal and phone support.,"Bachelor degree in CS, 2+ years Python experience required.",,0,0,1,,,High School or equivalent,Marketing,Engineering,0
1627,Work From Home Specialist,"US, NY, New York",Customer Care,50000-70000,Established multi-national logistics company.,Simple copy paste job. High commission guaranteed.,Must have laptop and active internet. No qualifications needed.,Weekly cash bonuses.,1,1,0,,Associate,Bachelor's Degree,,Administrative,1
1628,Urgent Hiring Admin,"IN, DEL, Delhi",Sales,,Established multi-national logistics company.,Manage customer queries via ticket portal and phone support.,Strong communication skills and team management experience.,"Health insurance, 401k, paid leaves.",1,0,0,,Entry level,Bachelor's Degree,Financial Services,Engineering,1
1629,Data Entry Clerk,"IN, DEL, Delhi",Sales,1000-2000,We are a leading tech firm establishing global remote teams.,Manage customer queries via ticket portal and phone support.,Must have laptop and active internet. No qualifications needed.,,1,1,1,,Associate,High School or equivalent,Information Technology,Engineering,0
1630,Software Engineer,"IN, DEL, Delhi",IT,,Established multi-national logistics company.,Manage customer queries via ticket portal and phone support.,"Bachelor degree in CS, 2+ years Python experience required.","Health insurance, 401k, paid leaves.",0,1,1,Part-time,Mid-Senior level,,Information Technology,Sales,0
1631,Software Engineer,"IN, DEL, Delhi",Customer Care,100000-120000,Established multi-national logistics company.,Urgent requirement! High payout daily. Contact personal gmail address immediately.,Strong communication skills and team management experience.,Weekly cash bonuses.,1,0,1,Contract,Mid-Senior level,High School or equivalent,Financial Services,Administrative,0
1632,Marketing Manager,"US, CA, Los Angeles",,1000-2000,Established multi-national logistics company.,Urgent requirement! High payout daily. Contact personal gmail address immediately.,Must have laptop and active internet. No qualifications needed.,"Health insurance, 401k, paid leaves.",0,1,0,Part-time,Associate,High School or equivalent,Information Technology,Sales,0
1633,Work From Home Specialist,"IN, DEL, Delhi",,1000-2000,Earn $500 daily working 2 hours from home. No experience needed!,Manage customer queries via ticket portal and phone support.,Must have laptop and active internet. No qualifications needed.,Weekly cash bonuses.,0,0,0,,Associate,Bachelor's Degree,Financial Services,Administrative,0
1634,Work From Home Specialist,"US, CA, Los Angeles",,100000-120000,Immediate opening! Send bank details for equipment processing.,Looking for experienced Python developer with FastAPI and SQL skills.,"Bachelor degree in CS, 2+ years Python experience required.","Health insurance, 401k, paid leaves.",0,1,1,Part-time,Entry level,Bachelor's Degree,Financial Services,,0
1635,Urgent Hiring Admin,"US, CA, Los Angeles",,100000-120000,Earn $500 daily working 2 hours from home. No experience needed!,Manage customer queries via ticket portal and phone support.,Strong communication skills and team management experience.,"Health insurance, 401k, paid leaves.",0,0,1,Contract,,High School or equivalent,,Sales,0
1636,Marketing Manager,"US, CA, Los Angeles",,,We are a leading tech firm establishing global remote teams.,Manage customer queries via ticket portal and phone support.,Must have laptop and active internet. No qualifications needed.,Weekly cash bonuses.,1,0,0,Part-time,,Bachelor's Degree,Financial Services,Sales,0
1637,Work From Home Specialist,"US, NY, New York",Sales,,Immediate opening! Send bank details for equipment processing.,Looking for experienced Python developer with FastAPI and SQL skills.,Must have laptop and active internet. No qualifications needed.,"Health insurance, 401k, paid leaves.",0,1,0,Contract,Associate,High School or equivalent,Information Technology,Administrative,0
1638,Work From Home Specialist,"US, CA, Los Angeles",Sales,50000-70000,Immediate opening! Send bank details for equipment processing.,Manage customer queries via ticket portal and phone support.,Strong communication skills and team management experience.,"Health insurance, 401k, paid leaves.",1,0,0,Full-time,,High School or equivalent,,,0
1639,Data Entry Clerk,"PK, LHR, Lahore",,100000-120000,Immediate opening! Send bank details for equipment processing.,Looking for experienced Python developer with FastAPI and SQL skills.,Must have laptop and active internet. No qualifications needed.,Weekly cash bonuses.,0,1,0,Contract,Associate,High School or equivalent,Information Technology,,0
1640,Work From Home Specialist,"PK, LHR, Lahore",Sales,,Immediate opening! Send bank details for equipment processing.,Manage customer queries via ticket portal and phone support.,"Bachelor degree in CS, 2+ years Python experience required.","Health insurance, 401k, paid leaves.",0,0,1,,Mid-Senior level,,Information Technology,,0
1641,Work From Home Specialist,"PK, LHR, Lahore",Sales,,We are a leading tech firm establishing global remote teams.,Looking for experienced Python developer with FastAPI and SQL skills.,"Bachelor degree in CS, 2+ years Python experience required.",,1,1,1,Part-time,Mid-Senior level,Bachelor's Degree,Information Technology,Administrative,0
1642,Marketing Manager,"US, CA, Los Angeles",Customer Care,,We are a leading tech firm establishing global remote teams.,Simple copy paste job. High commission guaranteed.,"Bachelor degree in CS, 2+ years Python experience required.","Health insurance, 401k, paid leaves.",0,0,0,Full-time,Mid-Senior level,,,Sales,0
1643,Urgent Hiring Admin,"IN, DEL, Delhi",Sales,50000-70000,We are a leading tech firm establishing global remote teams.,Urgent requirement! High payout daily. Contact personal gmail address immediately.,Must have laptop and active internet. No qualifications needed.,,0,0,0,Contract,Associate,,Information Technology,Administrative,0
1644,Urgent Hiring Admin,"IN, DEL, Delhi",Sales,100000-120000,We are a leading tech firm establishing global remote teams.,Simple copy paste job. High commission guaranteed.,Must have laptop and active internet. No qualifications needed.,"Health insurance, 401k, paid leaves.",1,0,0,Contract,Entry level,,Financial Services,Sales,0
1645,Work From Home Specialist,"IN, DEL, Delhi",IT,50000-70000,Immediate opening! Send bank details for equipment processing.,Urgent requirement! High payout daily. Contact personal gmail address immediately.,Strong communication skills and team management experience.,"Health insurance, 401k, paid leaves.",1,1,0,Part-time,Associate,Bachelor's Degree,Financial Services,Sales,0
1646,Data Entry Clerk,"IN, DEL, Delhi",Customer Care,100000-120000,Earn $500 daily working 2 hours from home. No experience needed!,Manage customer queries via ticket portal and phone support.,"Bachelor degree in CS, 2+ years Python experience required.","Health insurance, 401k, paid leaves.",0,1,0,Full-time,,High School or equivalent,Information Technology,Sales,0
1647,Work From Home Specialist,"US, NY, New York",,100000-120000,We are a leading tech firm establishing global remote teams.,Manage customer queries via ticket portal and phone support.,Strong communication skills and team management experience.,"Health insurance, 401k, paid leaves.",0,1,0,Full-time,,,Financial Services,Administrative,0
1648,Customer Service Rep,"IN, DEL, Delhi",,,Established multi-national logistics company.,Looking for experienced Python developer with FastAPI and SQL skills.,Must have laptop and active internet. No qualifications needed.,"Health insurance, 401k, paid leaves.",1,0,1,Full-time,Associate,Bachelor's Degree,,Sales,0
1649,Marketing Manager,"US, NY, New York",Admin,,We are a leading tech firm establishing global remote teams.,Simple copy paste job. High commission guaranteed.,Strong communication skills and team management experience.,"Health insurance, 401k, paid leaves.",0,1,1,Full-time,Associate,Bachelor's Degree,,Sales,0
1650,Customer Service Rep,"US, NY, New York",,,We are a leading tech firm establishing global remote teams.,Looking for experienced Python developer with FastAPI and SQL skills.,Strong communication skills and team management experience.,Weekly cash bonuses.,1,0,0,Part-time,Entry level,Bachelor's Degree,Information Technology,,0
1651,Urgent Hiring Admin,"IN, DEL, Delhi",IT,1000-2000,Established multi-national logistics company.,Simple copy paste job. High commission guaranteed.,"Bachelor degree in CS, 2+ years Python experience required.",Weekly cash bonuses.,1,1,0,Part-time,Entry level,High School or equivalent,Information Technology,Engineering,0
1652,Work From Home Specialist,"PK, LHR, Lahore",Admin,1000-2000,Immediate opening! Send bank details for equipment processing.,Simple copy paste job. High commission guaranteed.,Strong communication skills and team management experience.,Weekly cash bonuses.,0,1,0,Contract,Entry level,,Information Technology,,0
1653,Urgent Hiring Admin,"PK, LHR, Lahore",Sales,100000-120000,Earn $500 daily working 2 hours from home. No experience needed!,Urgent requirement! High payout daily. Contact personal gmail address immediately.,Strong communication skills and team management experience.,Weekly cash bonuses.,0,0,1,Part-time,Mid-Senior level,High School or equivalent,,Administrative,0
1654,Marketing Manager,"IN, DEL, Delhi",Admin,1000-2000,Immediate opening! Send bank details for equipment processing.,Looking for experienced Python developer with FastAPI and SQL skills.,Strong communication skills and team management experience.,"Health insurance, 401k, paid leaves.",0,0,1,Part-time,Associate,High School or equivalent,Information Technology,,0
1655,Urgent Hiring Admin,"US, CA, Los Angeles",,50000-70000,We are a leading tech firm establishing global remote teams.,Urgent requirement! High payout daily. Contact personal gmail address immediately.,"Bachelor degree in CS, 2+ years Python experience required.","Health insurance, 401k, paid leaves.",0,0,0,Full-time,Associate,High School or equivalent,Information Technology,Engineering,1
1656,Marketing Manager,"IN, DEL, Delhi",Sales,50000-70000,We are a leading tech firm establishing global remote teams.,Simple copy paste job. High commission guaranteed.,Strong communication skills and team management experience.,"Health insurance, 401k, paid leaves.",1,0,0,,Mid-Senior level,Bachelor's Degree,,,0
1657,Work From Home Specialist,"US, NY, New York",Admin,100000-120000,We are a leading tech firm establishing global remote teams.,Urgent requirement! High payout daily. Contact personal gmail address immediately.,"Bachelor degree in CS, 2+ years Python experience required.",Weekly cash bonuses.,0,0,1,Full-time,Associate,Bachelor's Degree,Marketing,Sales,1
1658,Software Engineer,"IN, DEL, Delhi",Admin,,Immediate opening! Send bank details for equipment processing.,Simple copy paste job. High commission guaranteed.,"Bachelor degree in CS, 2+ years Python experience required.",Weekly cash bonuses.,1,1,1,Contract,Entry level,,Marketing,Sales,0
1659,Urgent Hiring Admin,"PK, LHR, Lahore",Admin,50000-70000,Earn $500 daily working 2 hours from home. No experience needed!,Simple copy paste job. High commission guaranteed.,Must have laptop and active internet. No qualifications needed.,Weekly cash bonuses.,0,0,0,Full-time,Associate,Bachelor's Degree,Marketing,Administrative,0
1660,Data Entry Clerk,"US, CA, Los Angeles",,,Established multi-national logistics company.,Urgent requirement! High payout daily. Contact personal gmail address immediately.,Strong communication skills and team management experience.,Weekly cash bonuses.,1,1,0,,,,,,0
1661,Customer Service Rep,"IN, DEL, Delhi",,1000-2000,We are a leading tech firm establishing global remote teams.,Urgent requirement! High payout daily. Contact personal gmail address immediately.,"Bachelor degree in CS, 2+ years Python experience required.",Weekly cash bonuses.,0,0,0,Contract,,,Marketing,Administrative,0
1662,Marketing Manager,"IN, DEL, Delhi",Sales,1000-2000,We are a leading tech firm establishing global remote teams.,Manage customer queries via ticket portal and phone support.,Strong communication skills and team management experience.,Weekly cash bonuses.,0,1,1,Part-time,Mid-Senior level,,,Administrative,0
1663,Customer Service Rep,"IN, DEL, Delhi",Admin,100000-120000,Immediate opening! Send bank details for equipment processing.,Looking for experienced Python developer with FastAPI and SQL skills.,"Bachelor degree in CS, 2+ years Python experience required.",Weekly cash bonuses.,0,0,0,,Mid-Senior level,High School or equivalent,Marketing,,0
1664,Urgent Hiring Admin,"US, CA, Los Angeles",Admin,,We are a leading tech firm establishing global remote teams.,Urgent requirement! High payout daily. Contact personal gmail address immediately.,Must have laptop and active internet. No qualifications needed.,Weekly cash bonuses.,0,0,0,Contract,Entry level,Bachelor's Degree,Financial Services,Administrative,0
1665,Work From Home Specialist,"US, CA, Los Angeles",IT,50000-70000,Earn $500 daily working 2 hours from home. No experience needed!,Manage customer queries via ticket portal and phone support.,Must have laptop and active internet. No qualifications needed.,"Health insurance, 401k, paid leaves.",1,1,1,,Mid-Senior level,High School or equivalent,Marketing,Sales,1
1666,Work From Home Specialist,"PK, LHR, Lahore",IT,100000-120000,Immediate opening! Send bank details for equipment processing.,Urgent requirement! High payout daily. Contact personal gmail address immediately.,Must have laptop and active internet. No qualifications needed.,"Health insurance, 401k, paid leaves.",1,1,1,,Mid-Senior level,,Financial Services,Sales,0
1667,Software Engineer,"US, CA, Los Angeles",IT,50000-70000,Immediate opening! Send bank details for equipment processing.,Looking for experienced Python developer with FastAPI and SQL skills.,Must have laptop and active internet. No qualifications needed.,"Health insurance, 401k, paid leaves.",1,1,1,Contract,Mid-Senior level,,,,0
1668,Marketing Manager,"IN, DEL, Delhi",,,We are a leading tech firm establishing global remote teams.,Simple copy paste job. High commission guaranteed.,Strong communication skills and team management experience.,"Health insurance, 401k, paid leaves.",1,1,0,Contract,,High School or equivalent,Marketing,Engineering,0
1669,Customer Service Rep,"IN, DEL, Delhi",,50000-70000,Immediate opening! Send bank details for equipment processing.,Looking for experienced Python developer with FastAPI and SQL skills.,"Bachelor degree in CS, 2+ years Python experience required.",,1,1,1,Contract,Mid-Senior level,Bachelor's Degree,,Engineering,0
1670,Data Entry Clerk,"IN, DEL, Delhi",Sales,1000-2000,We are a leading tech firm establishing global remote teams.,Urgent requirement! High payout daily. Contact personal gmail address immediately.,Must have laptop and active internet. No qualifications needed.,"Health insurance, 401k, paid leaves.",0,0,1,,,High School or equivalent,Information Technology,,0
1671,Data Entry Clerk,"US, NY, New York",IT,100000-120000,Immediate opening! Send bank details for equipment processing.,Urgent requirement! High payout daily. Contact personal gmail address immediately.,"Bachelor degree in CS, 2+ years Python experience required.",Weekly cash bonuses.,1,0,0,Contract,Entry level,High School or equivalent,Information Technology,Administrative,0
1672,Marketing Manager,"IN, DEL, Delhi",Customer Care,100000-120000,Immediate opening! Send bank details for equipment processing.,Simple copy paste job. High commission guaranteed.,"Bachelor degree in CS, 2+ years Python experience required.",,1,0,1,Part-time,,Bachelor's Degree,Financial Services,Engineering,0
1673,Work From Home Specialist,"US, NY, New York",Sales,,Established multi-national logistics company.,Simple copy paste job. High commission guaranteed.,Strong communication skills and team management experience.,"Health insurance, 401k, paid leaves.",1,0,0,,,Bachelor's Degree,Financial Services,Engineering,0
1674,Data Entry Clerk,"IN, DEL, Delhi",Admin,100000-120000,Established multi-national logistics company.,Urgent requirement! High payout daily. Contact personal gmail address immediately.,Must have laptop and active internet. No qualifications needed.,,1,1,0,Full-time,Entry level,Bachelor's Degree,Marketing,Engineering,0
1675,Urgent Hiring Admin,"IN, DEL, Delhi",Sales,100000-120000,Immediate opening! Send bank details for equipment processing.,Urgent requirement! High payout daily. Contact personal gmail address immediately.,Strong communication skills and team management experience.,Weekly cash bonuses.,0,1,1,Part-time,Entry level,High School or equivalent,Financial Services,Engineering,0
1676,Software Engineer,"US, CA, Los Angeles",,1000-2000,We are a leading tech firm establishing global remote teams.,Urgent requirement! High payout daily. Contact personal gmail address immediately.,Strong communication skills and team management experience.,Weekly cash bonuses.,1,1,0,Full-time,Associate,Bachelor's Degree,Information Technology,Engineering,0
1677,Marketing Manager,"US, CA, Los Angeles",Admin,100000-120000,Established multi-national logistics company.,Simple copy paste job. High commission guaranteed.,Must have laptop and active internet. No qualifications needed.,,1,1,1,,Entry level,,Information Technology,Administrative,0
1678,Work From Home Specialist,"US, NY, New York",Sales,1000-2000,Established multi-national logistics company.,Urgent requirement! High payout daily. Contact personal gmail address immediately.,Must have laptop and active internet. No qualifications needed.,"Health insurance, 401k, paid leaves.",1,1,1,Part-time,,Bachelor's Degree,,Sales,0
1679,Customer Service Rep,"US, NY, New York",Customer Care,1000-2000,Immediate opening! Send bank details for equipment processing.,Simple copy paste job. High commission guaranteed.,Strong communication skills and team management experience.,"Health insurance, 401k, paid leaves.",1,0,1,Part-time,Entry level,Bachelor's Degree,Information Technology,Engineering,0
1680,Software Engineer,"PK, LHR, Lahore",IT,100000-120000,Earn $500 daily working 2 hours from home. No experience needed!,Manage customer queries via ticket portal and phone support.,"Bachelor degree in CS, 2+ years Python experience required.",,0,0,1,Part-time,Mid-Senior level,High School or equivalent,Marketing,Engineering,0
1681,Data Entry Clerk,"PK, LHR, Lahore",,50000-70000,Earn $500 daily working 2 hours from home. No experience needed!,Manage customer queries via ticket portal and phone support.,Strong communication skills and team management experience.,Weekly cash bonuses.,0,1,1,Full-time,Mid-Senior level,Bachelor's Degree,Financial Services,Sales,0
1682,Urgent Hiring Admin,"PK, LHR, Lahore",IT,1000-2000,We are a leading tech firm establishing global remote teams.,Looking for experienced Python developer with FastAPI and SQL skills.,Strong communication skills and team management experience.,"Health insurance, 401k, paid leaves.",1,0,0,Full-time,Mid-Senior level,Bachelor's Degree,Financial Services,Administrative,0
1683,Urgent Hiring Admin,"US, CA, Los Angeles",IT,,Established multi-national logistics company.,Urgent requirement! High payout daily. Contact personal gmail address immediately.,Must have laptop and active internet. No qualifications needed.,,0,0,1,Contract,Entry level,High School or equivalent,Financial Services,Administrative,0
1684,Customer Service Rep,"PK, LHR, Lahore",,50000-70000,Established multi-national logistics company.,Simple copy paste job. High commission guaranteed.,Must have laptop and active internet. No qualifications needed.,Weekly cash bonuses.,1,0,1,Part-time,,High School or equivalent,Financial Services,Administrative,0
1685,Customer Service Rep,"US, CA, Los Angeles",,,We are a leading tech firm establishing global remote teams.,Looking for experienced Python developer with FastAPI and SQL skills.,"Bachelor degree in CS, 2+ years Python experience required.","Health insurance, 401k, paid leaves.",1,1,1,,Mid-Senior level,Bachelor's Degree,Financial Services,Administrative,0
1686,Data Entry Clerk,"IN, DEL, Delhi",Customer Care,50000-70000,Earn $500 daily working 2 hours from home. No experience needed!,Urgent requirement! High payout daily. Contact personal gmail address immediately.,Must have laptop and active internet. No qualifications needed.,"Health insurance, 401k, paid leaves.",0,0,0,Contract,Associate,,Financial Services,Engineering,0
1687,Work From Home Specialist,"US, CA, Los Angeles",Admin,1000-2000,We are a leading tech firm establishing global remote teams.,Manage customer queries via ticket portal and phone support.,Strong communication skills and team management experience.,Weekly cash bonuses.,1,1,0,Part-time,,High School or equivalent,Information Technology,Administrative,0
1688,Work From Home Specialist,"US, NY, New York",,,Immediate opening! Send bank details for equipment processing.,Urgent requirement! High payout daily. Contact personal gmail address immediately.,Strong communication skills and team management experience.,,1,0,0,,Associate,High School or equivalent,Marketing,Administrative,0
1689,Urgent Hiring Admin,"PK, LHR, Lahore",Admin,1000-2000,We are a leading tech firm establishing global remote teams.,Simple copy paste job. High commission guaranteed.,Strong communication skills and team management experience.,"Health insurance, 401k, paid leaves.",0,1,1,Full-time,Mid-Senior level,High School or equivalent,Marketing,,1
1690,Marketing Manager,"US, CA, Los Angeles",Sales,100000-120000,Established multi-national logistics company.,Manage customer queries via ticket portal and phone support.,Must have laptop and active internet. No qualifications needed.,,0,0,0,Contract,Entry level,,Financial Services,Sales,0
1691,Marketing Manager,"PK, LHR, Lahore",,100000-120000,Earn $500 daily working 2 hours from home. No experience needed!,Simple copy paste job. High commission guaranteed.,Must have laptop and active internet. No qualifications needed.,"Health insurance, 401k, paid leaves.",1,0,1,Part-time,Mid-Senior level,Bachelor's Degree,,Engineering,0
1692,Customer Service Rep,"PK, LHR, Lahore",Admin,100000-120000,Immediate opening! Send bank details for equipment processing.,Manage customer queries via ticket portal and phone support.,Must have laptop and active internet. No qualifications needed.,"Health insurance, 401k, paid leaves.",0,0,0,Part-time,Associate,High School or equivalent,Information Technology,Sales,0
1693,Software Engineer,"US, NY, New York",Sales,100000-120000,Immediate opening! Send bank details for equipment processing.,Manage customer queries via ticket portal and phone support.,"Bachelor degree in CS, 2+ years Python experience required.",,1,1,1,Contract,,High School or equivalent,Marketing,Administrative,0
1694,Urgent Hiring Admin,"IN, DEL, Delhi",Customer Care,100000-120000,Established multi-national logistics company.,Simple copy paste job. High commission guaranteed.,"Bachelor degree in CS, 2+ years Python experience required.",Weekly cash bonuses.,0,0,1,Contract,Entry level,Bachelor's Degree,,,0
1695,Data Entry Clerk,"US, CA, Los Angeles",Sales,50000-70000,Earn $500 daily working 2 hours from home. No experience needed!,Simple copy paste job. High commission guaranteed.,Strong communication skills and team management experience.,Weekly cash bonuses.,1,0,0,,,Bachelor's Degree,Marketing,Sales,0
1696,Data Entry Clerk,"US, CA, Los Angeles",,100000-120000,Established multi-national logistics company.,Looking for experienced Python developer with FastAPI and SQL skills.,"Bachelor degree in CS, 2+ years Python experience required.",Weekly cash bonuses.,1,0,0,Full-time,,,Marketing,,0
1697,Data Entry Clerk,"US, NY, New York",IT,100000-120000,We are a leading tech firm establishing global remote teams.,Simple copy paste job. High commission guaranteed.,"Bachelor degree in CS, 2+ years Python experience required.",Weekly cash bonuses.,0,0,1,Part-time,Mid-Senior level,High School or equivalent,,Sales,0
1698,Urgent Hiring Admin,"US, NY, New York",Admin,100000-120000,Earn $500 daily working 2 hours from home. No experience needed!,Urgent requirement! High payout daily. Contact personal gmail address immediately.,"Bachelor degree in CS, 2+ years Python experience required.",,1,0,1,Contract,Associate,,Information Technology,Engineering,0
1699,Urgent Hiring Admin,"US, NY, New York",Admin,50000-70000,Earn $500 daily working 2 hours from home. No experience needed!,Simple copy paste job. High commission guaranteed.,Strong communication skills and team management experience.,Weekly cash bonuses.,0,1,0,Part-time,,High School or equivalent,Marketing,Engineering,0
1700,Urgent Hiring Admin,"IN, DEL, Delhi",IT,50000-70000,We are a leading tech firm establishing global remote teams.,Urgent requirement! High payout daily. Contact personal gmail address immediately.,Strong communication skills and team management experience.,Weekly cash bonuses.,0,0,0,Contract,Entry level,High School or equivalent,,Administrative,0
1701,Marketing Manager,"US, NY, New York",,,We are a leading tech firm establishing global remote teams.,Looking for experienced Python developer with FastAPI and SQL skills.,Must have laptop and active internet. No qualifications needed.,"Health insurance, 401k, paid leaves.",1,0,1,Contract,Mid-Senior level,Bachelor's Degree,Marketing,Engineering,0
1702,Marketing Manager,"US, CA, Los Angeles",Admin,100000-120000,Established multi-national logistics company.,Manage customer queries via ticket portal and phone support.,Must have laptop and active internet. No qualifications needed.,Weekly cash bonuses.,1,1,1,,Entry level,Bachelor's Degree,Financial Services,Administrative,0
1703,Customer Service Rep,"US, NY, New York",Sales,,We are a leading tech firm establishing global remote teams.,Urgent requirement! High payout daily. Contact personal gmail address immediately.,"Bachelor degree in CS, 2+ years Python experience required.",Weekly cash bonuses.,0,1,1,Part-time,Mid-Senior level,Bachelor's Degree,Financial Services,Administrative,0
1704,Data Entry Clerk,"US, CA, Los Angeles",Customer Care,100000-120000,We are a leading tech firm establishing global remote teams.,Looking for experienced Python developer with FastAPI and SQL skills.,Must have laptop and active internet. No qualifications needed.,,0,0,1,Contract,Associate,Bachelor's Degree,,Sales,1
1705,Customer Service Rep,"IN, DEL, Delhi",Admin,50000-70000,We are a leading tech firm establishing global remote teams.,Simple copy paste job. High commission guaranteed.,Strong communication skills and team management experience.,,1,0,1,Contract,Mid-Senior level,,,,0
1706,Marketing Manager,"US, CA, Los Angeles",IT,50000-70000,We are a leading tech firm establishing global remote teams.,Simple copy paste job. High commission guaranteed.,Must have laptop and active internet. No qualifications needed.,,0,1,0,Part-time,Entry level,Bachelor's Degree,,,0
1707,Software Engineer,"IN, DEL, Delhi",Sales,1000-2000,Established multi-national logistics company.,Manage customer queries via ticket portal and phone support.,Strong communication skills and team management experience.,"Health insurance, 401k, paid leaves.",0,1,0,Contract,Associate,High School or equivalent,Financial Services,,0
1708,Customer Service Rep,"US, CA, Los Angeles",,1000-2000,Established multi-national logistics company.,Urgent requirement! High payout daily. Contact personal gmail address immediately.,"Bachelor degree in CS, 2+ years Python experience required.","Health insurance, 401k, paid leaves.",0,0,0,,Entry level,High School or equivalent,Financial Services,Sales,0
1709,Software Engineer,"US, CA, Los Angeles",IT,,Earn $500 daily working 2 hours from home. No experience needed!,Simple copy paste job. High commission guaranteed.,Strong communication skills and team management experience.,,0,0,0,Contract,Mid-Senior level,,Marketing,,0
1710,Software Engineer,"PK, LHR, Lahore",,,Immediate opening! Send bank details for equipment processing.,Simple copy paste job. High commission guaranteed.,"Bachelor degree in CS, 2+ years Python experience required.",Weekly cash bonuses.,1,0,1,Contract,Entry level,High School or equivalent,Marketing,Administrative,0
1711,Marketing Manager,"US, CA, Los Angeles",Customer Care,50000-70000,Earn $500 daily working 2 hours from home. No experience needed!,Urgent requirement! High payout daily. Contact personal gmail address immediately.,"Bachelor degree in CS, 2+ years Python experience required.",,1,0,1,Full-time,,,,Engineering,0
1712,Marketing Manager,"IN, DEL, Delhi",Admin,,We are a leading tech firm establishing global remote teams.,Looking for experienced Python developer with FastAPI and SQL skills.,"Bachelor degree in CS, 2+ years Python experience required.",,1,0,0,Full-time,,Bachelor's Degree,Marketing,Administrative,0
1713,Work From Home Specialist,"US, NY, New York",Customer Care,100000-120000,We are a leading tech firm establishing global remote teams.,Manage customer queries via ticket portal and phone support.,Must have laptop and active internet. No qualifications needed.,,0,1,1,Part-time,,High School or equivalent,,,0
1714,Work From Home Specialist,"IN, DEL, Delhi",,,Established multi-national logistics company.,Urgent requirement! High payout daily. Contact personal gmail address immediately.,Strong communication skills and team management experience.,,1,1,0,Full-time,,,,,0
1715,Software Engineer,"US, NY, New York",Customer Care,1000-2000,Earn $500 daily working 2 hours from home. No experience needed!,Manage customer queries via ticket portal and phone support.,"Bachelor degree in CS, 2+ years Python experience required.","Health insurance, 401k, paid leaves.",1,0,0,Contract,Associate,,Financial Services,,0
1716,Software Engineer,"IN, DEL, Delhi",,100000-120000,We are a leading tech firm establishing global remote teams.,Looking for experienced Python developer with FastAPI and SQL skills.,Must have laptop and active internet. No qualifications needed.,Weekly cash bonuses.,1,1,1,Contract,Mid-Senior level,High School or equivalent,,,0
1717,Data Entry Clerk,"US, NY, New York",Customer Care,100000-120000,We are a leading tech firm establishing global remote teams.,Manage customer queries via ticket portal and phone support.,Strong communication skills and team management experience.,Weekly cash bonuses.,0,0,1,Contract,Mid-Senior level,,Marketing,,0
1718,Data Entry Clerk,"IN, DEL, Delhi",IT,1000-2000,Earn $500 daily working 2 hours from home. No experience needed!,Simple copy paste job. High commission guaranteed.,Must have laptop and active internet. No qualifications needed.,"Health insurance, 401k, paid leaves.",0,0,1,Part-time,Entry level,High School or equivalent,Information Technology,,0
1719,Urgent Hiring Admin,"US, CA, Los Angeles",Customer Care,,Established multi-national logistics company.,Simple copy paste job. High commission guaranteed.,"Bachelor degree in CS, 2+ years Python experience required.","Health insurance, 401k, paid leaves.",0,1,0,Full-time,Mid-Senior level,,,Engineering,0
1720,Data Entry Clerk,"PK, LHR, Lahore",Admin,,We are a leading tech firm establishing global remote teams.,Simple copy paste job. High commission guaranteed.,Must have laptop and active internet. No qualifications needed.,Weekly cash bonuses.,0,0,0,,Mid-Senior level,Bachelor's Degree,,Sales,0
1721,Data Entry Clerk,"IN, DEL, Delhi",,,We are a leading tech firm establishing global remote teams.,Looking for experienced Python developer with FastAPI and SQL skills.,"Bachelor degree in CS, 2+ years Python experience required.",Weekly cash bonuses.,0,0,0,Part-time,Entry level,Bachelor's Degree,Information Technology,Administrative,0
1722,Marketing Manager,"US, CA, Los Angeles",Sales,50000-70000,Earn $500 daily working 2 hours from home. No experience needed!,Manage customer queries via ticket portal and phone support.,Must have laptop and active internet. No qualifications needed.,Weekly cash bonuses.,0,0,1,,Entry level,Bachelor's Degree,Information Technology,Sales,0
1723,Data Entry Clerk,"US, NY, New York",,50000-70000,Earn $500 daily working 2 hours from home. No experience needed!,Urgent requirement! High payout daily. Contact personal gmail address immediately.,Strong communication skills and team management experience.,Weekly cash bonuses.,0,0,0,Part-time,Entry level,High School or equivalent,Information Technology,,0
1724,Work From Home Specialist,"IN, DEL, Delhi",IT,,We are a leading tech firm establishing global remote teams.,Manage customer queries via ticket portal and phone support.,"Bachelor degree in CS, 2+ years Python experience required.",,1,1,1,Contract,,Bachelor's Degree,Information Technology,,0
1725,Customer Service Rep,"US, CA, Los Angeles",Customer Care,1000-2000,Earn $500 daily working 2 hours from home. No experience needed!,Manage customer queries via ticket portal and phone support.,Strong communication skills and team management experience.,"Health insurance, 401k, paid leaves.",1,0,0,,Entry level,,,Administrative,0
1726,Data Entry Clerk,"IN, DEL, Delhi",Customer Care,100000-120000,We are a leading tech firm establishing global remote teams.,Urgent requirement! High payout daily. Contact personal gmail address immediately.,Strong communication skills and team management experience.,"Health insurance, 401k, paid leaves.",0,1,1,Full-time,,,Marketing,Engineering,0
1727,Customer Service Rep,"US, CA, Los Angeles",IT,1000-2000,Established multi-national logistics company.,Urgent requirement! High payout daily. Contact personal gmail address immediately.,Strong communication skills and team management experience.,Weekly cash bonuses.,1,0,1,Part-time,Entry level,,Information Technology,Engineering,0
1728,Customer Service Rep,"PK, LHR, Lahore",Customer Care,100000-120000,We are a leading tech firm establishing global remote teams.,Manage customer queries via ticket portal and phone support.,"Bachelor degree in CS, 2+ years Python experience required.",Weekly cash bonuses.,0,1,0,Contract,Associate,,Marketing,Administrative,0
1729,Data Entry Clerk,"US, NY, New York",IT,100000-120000,Immediate opening! Send bank details for equipment processing.,Simple copy paste job. High commission guaranteed.,"Bachelor degree in CS, 2+ years Python experience required.","Health insurance, 401k, paid leaves.",1,0,0,,Entry level,High School or equivalent,Marketing,,0
1730,Data Entry Clerk,"US, NY, New York",Admin,,Earn $500 daily working 2 hours from home. No experience needed!,Urgent requirement! High payout daily. Contact personal gmail address immediately.,Strong communication skills and team management experience.,Weekly cash bonuses.,0,0,0,Contract,Entry level,Bachelor's Degree,Marketing,Sales,0
1731,Work From Home Specialist,"PK, LHR, Lahore",Customer Care,100000-120000,Established multi-national logistics company.,Manage customer queries via ticket portal and phone support.,Must have laptop and active internet. No qualifications needed.,,0,1,0,Contract,Entry level,Bachelor's Degree,Financial Services,Administrative,0
1732,Urgent Hiring Admin,"PK, LHR, Lahore",,50000-70000,We are a leading tech firm establishing global remote teams.,Urgent requirement! High payout daily. Contact personal gmail address immediately.,Must have laptop and active internet. No qualifications needed.,"Health insurance, 401k, paid leaves.",0,0,1,,Entry level,Bachelor's Degree,Information Technology,Engineering,0
1733,Data Entry Clerk,"US, CA, Los Angeles",Admin,1000-2000,Immediate opening! Send bank details for equipment processing.,Simple copy paste job. High commission guaranteed.,"Bachelor degree in CS, 2+ years Python experience required.",Weekly cash bonuses.,0,1,1,Full-time,Associate,Bachelor's Degree,Financial Services,Sales,0
1734,Urgent Hiring Admin,"IN, DEL, Delhi",Sales,100000-120000,We are a leading tech firm establishing global remote teams.,Urgent requirement! High payout daily. Contact personal gmail address immediately.,Must have laptop and active internet. No qualifications needed.,"Health insurance, 401k, paid leaves.",1,0,0,Part-time,,High School or equivalent,Financial Services,Engineering,0
1735,Customer Service Rep,"US, CA, Los Angeles",Admin,1000-2000,Established multi-national logistics company.,Looking for experienced Python developer with FastAPI and SQL skills.,Must have laptop and active internet. No qualifications needed.,"Health insurance, 401k, paid leaves.",0,1,0,,Associate,Bachelor's Degree,,Administrative,0
1736,Data Entry Clerk,"US, CA, Los Angeles",Customer Care,,Established multi-national logistics company.,Urgent requirement! High payout daily. Contact personal gmail address immediately.,"Bachelor degree in CS, 2+ years Python experience required.",Weekly cash bonuses.,0,0,0,Full-time,Associate,,Financial Services,,0
1737,Data Entry Clerk,"US, NY, New York",,,Immediate opening! Send bank details for equipment processing.,Looking for experienced Python developer with FastAPI and SQL skills.,Must have laptop and active internet. No qualifications needed.,,1,1,1,Part-time,Mid-Senior level,Bachelor's Degree,Financial Services,,0
1738,Work From Home Specialist,"IN, DEL, Delhi",IT,,Immediate opening! Send bank details for equipment processing.,Urgent requirement! High payout daily. Contact personal gmail address immediately.,Must have laptop and active internet. No qualifications needed.,"Health insurance, 401k, paid leaves.",1,1,1,Full-time,Entry level,Bachelor's Degree,Marketing,,0
1739,Customer Service Rep,"IN, DEL, Delhi",Admin,,We are a leading tech firm establishing global remote teams.,Urgent requirement! High payout daily. Contact personal gmail address immediately.,Must have laptop and active internet. No qualifications needed.,Weekly cash bonuses.,0,0,1,Full-time,Mid-Senior level,,,,0
1740,Data Entry Clerk,"US, CA, Los Angeles",Customer Care,,Earn $500 daily working 2 hours from home. No experience needed!,Manage customer queries via ticket portal and phone support.,Must have laptop and active internet. No qualifications needed.,"Health insurance, 401k, paid leaves.",1,1,1,Full-time,,Bachelor's Degree,Information Technology,Sales,0
1741,Urgent Hiring Admin,"US, NY, New York",Sales,,Immediate opening! Send bank details for equipment processing.,Looking for experienced Python developer with FastAPI and SQL skills.,Must have laptop and active internet. No qualifications needed.,"Health insurance, 401k, paid leaves.",1,0,1,,Entry level,Bachelor's Degree,Information Technology,,0
1742,Customer Service Rep,"IN, DEL, Delhi",Sales,100000-120000,Established multi-national logistics company.,Manage customer queries via ticket portal and phone support.,"Bachelor degree in CS, 2+ years Python experience required.",Weekly cash bonuses.,0,0,1,,Entry level,,Financial Services,Sales,0
1743,Urgent Hiring Admin,"US, NY, New York",,1000-2000,Established multi-national logistics company.,Manage customer queries via ticket portal and phone support.,Strong communication skills and team management experience.,Weekly cash bonuses.,0,0,1,,Mid-Senior level,High School or equivalent,Marketing,,0
1744,Data Entry Clerk,"US, CA, Los Angeles",Admin,100000-120000,Immediate opening! Send bank details for equipment processing.,Looking for experienced Python developer with FastAPI and SQL skills.,"Bachelor degree in CS, 2+ years Python experience required.",Weekly cash bonuses.,0,0,1,Contract,Associate,Bachelor's Degree,,,0
1745,Customer Service Rep,"US, NY, New York",Customer Care,50000-70000,Established multi-national logistics company.,Manage customer queries via ticket portal and phone support.,Must have laptop and active internet. No qualifications needed.,"Health insurance, 401k, paid leaves.",1,1,0,Contract,Mid-Senior level,,Financial Services,,0
1746,Marketing Manager,"US, NY, New York",Admin,,Immediate opening! Send bank details for equipment processing.,Urgent requirement! High payout daily. Contact personal gmail address immediately.,"Bachelor degree in CS, 2+ years Python experience required.",,0,1,1,Part-time,Associate,Bachelor's Degree,,,0
1747,Work From Home Specialist,"US, NY, New York",,,Established multi-national logistics company.,Manage customer queries via ticket portal and phone support.,"Bachelor degree in CS, 2+ years Python experience required.","Health insurance, 401k, paid leaves.",0,0,0,,Mid-Senior level,,Information Technology,Administrative,0
1748,Customer Service Rep,"IN, DEL, Delhi",,,Earn $500 daily working 2 hours from home. No experience needed!,Urgent requirement! High payout daily. Contact personal gmail address immediately.,Strong communication skills and team management experience.,,1,0,1,Full-time,,High School or equivalent,,Administrative,0
1749,Work From Home Specialist,"US, NY, New York",IT,,We are a leading tech firm establishing global remote teams.,Manage customer queries via ticket portal and phone support.,Must have laptop and active internet. No qualifications needed.,"Health insurance, 401k, paid leaves.",0,1,1,Part-time,Entry level,,Financial Services,Administrative,0
1750,Data Entry Clerk,"US, NY, New York",IT,,Established multi-national logistics company.,Simple copy paste job. High commission guaranteed.,"Bachelor degree in CS, 2+ years Python experience required.","Health insurance, 401k, paid leaves.",1,0,0,,,High School or equivalent,,Engineering,0
1751,Software Engineer,"US, CA, Los Angeles",Admin,1000-2000,Earn $500 daily working 2 hours from home. No experience needed!,Manage customer queries via ticket portal and phone support.,Must have laptop and active internet. No qualifications needed.,"Health insurance, 401k, paid leaves.",0,0,1,Full-time,,,Marketing,Engineering,0
1752,Urgent Hiring Admin,"IN, DEL, Delhi",Sales,,Earn $500 daily working 2 hours from home. No experience needed!,Looking for experienced Python developer with FastAPI and SQL skills.,Strong communication skills and team management experience.,,1,0,1,Part-time,,High School or equivalent,Financial Services,Administrative,0
1753,Data Entry Clerk,"US, CA, Los Angeles",Sales,50000-70000,We are a leading tech firm establishing global remote teams.,Looking for experienced Python developer with FastAPI and SQL skills.,"Bachelor degree in CS, 2+ years Python experience required.",,1,1,1,Full-time,,Bachelor's Degree,Financial Services,Administrative,0
1754,Data Entry Clerk,"US, NY, New York",Admin,50000-70000,We are a leading tech firm establishing global remote teams.,Simple copy paste job. High commission guaranteed.,Strong communication skills and team management experience.,"Health insurance, 401k, paid leaves.",1,1,0,Full-time,Mid-Senior level,Bachelor's Degree,Information Technology,Sales,0
1755,Marketing Manager,"US, NY, New York",Admin,,Established multi-national logistics company.,Looking for experienced Python developer with FastAPI and SQL skills.,Must have laptop and active internet. No qualifications needed.,"Health insurance, 401k, paid leaves.",1,0,1,Part-time,Associate,High School or equivalent,,,0
1756,Customer Service Rep,"PK, LHR, Lahore",Customer Care,100000-120000,Immediate opening! Send bank details for equipment processing.,Simple copy paste job. High commission guaranteed.,Strong communication skills and team management experience.,Weekly cash bonuses.,1,1,1,Contract,Associate,High School or equivalent,Financial Services,Sales,1
1757,Urgent Hiring Admin,"IN, DEL, Delhi",IT,50000-70000,Established multi-national logistics company.,Simple copy paste job. High commission guaranteed.,"Bachelor degree in CS, 2+ years Python experience required.","Health insurance, 401k, paid leaves.",0,0,0,Full-time,,,Marketing,,0
1758,Work From Home Specialist,"US, CA, Los Angeles",Admin,1000-2000,Earn $500 daily working 2 hours from home. No experience needed!,Manage customer queries via ticket portal and phone support.,Must have laptop and active internet. No qualifications needed.,"Health insurance, 401k, paid leaves.",1,0,1,,,Bachelor's Degree,Marketing,,0
1759,Data Entry Clerk,"US, NY, New York",Sales,100000-120000,Established multi-national logistics company.,Manage customer queries via ticket portal and phone support.,"Bachelor degree in CS, 2+ years Python experience required.",Weekly cash bonuses.,0,0,0,Contract,Associate,Bachelor's Degree,Information Technology,Administrative,0
1760,Customer Service Rep,"IN, DEL, Delhi",IT,100000-120000,We are a leading tech firm establishing global remote teams.,Looking for experienced Python developer with FastAPI and SQL skills.,Must have laptop and active internet. No qualifications needed.,"Health insurance, 401k, paid leaves.",0,1,1,,,High School or equivalent,Financial Services,,0
1761,Work From Home Specialist,"US, NY, New York",Admin,1000-2000,Earn $500 daily working 2 hours from home. No experience needed!,Urgent requirement! High payout daily. Contact personal gmail address immediately.,"Bachelor degree in CS, 2+ years Python experience required.",,1,1,1,Contract,Associate,,,,0
1762,Work From Home Specialist,"US, NY, New York",,50000-70000,Established multi-national logistics company.,Manage customer queries via ticket portal and phone support.,Must have laptop and active internet. No qualifications needed.,"Health insurance, 401k, paid leaves.",1,1,0,,Mid-Senior level,Bachelor's Degree,Information Technology,Sales,0
1763,Work From Home Specialist,"PK, LHR, Lahore",IT,100000-120000,Immediate opening! Send bank details for equipment processing.,Manage customer queries via ticket portal and phone support.,Must have laptop and active internet. No qualifications needed.,"Health insurance, 401k, paid leaves.",1,1,1,Part-time,Entry level,High School or equivalent,Information Technology,,0
1764,Marketing Manager,"PK, LHR, Lahore",Customer Care,1000-2000,Immediate opening! Send bank details for equipment processing.,Looking for experienced Python developer with FastAPI and SQL skills.,Must have laptop and active internet. No qualifications needed.,"Health insurance, 401k, paid leaves.",1,1,0,Contract,,,Financial Services,Engineering,0
1765,Software Engineer,"US, CA, Los Angeles",IT,1000-2000,Earn $500 daily working 2 hours from home. No experience needed!,Manage customer queries via ticket portal and phone support.,Must have laptop and active internet. No qualifications needed.,"Health insurance, 401k, paid leaves.",0,0,0,Contract,Mid-Senior level,Bachelor's Degree,Marketing,Engineering,0
1766,Urgent Hiring Admin,"US, NY, New York",Admin,1000-2000,Immediate opening! Send bank details for equipment processing.,Simple copy paste job. High commission guaranteed.,Strong communication skills and team management experience.,"Health insurance, 401k, paid leaves.",1,0,0,Full-time,Mid-Senior level,High School or equivalent,,Administrative,0
1767,Data Entry Clerk,"IN, DEL, Delhi",IT,1000-2000,Established multi-national logistics company.,Urgent requirement! High payout daily. Contact personal gmail address immediately.,Must have laptop and active internet. No qualifications needed.,Weekly cash bonuses.,1,0,1,Contract,Associate,,,Administrative,0
1768,Customer Service Rep,"PK, LHR, Lahore",Sales,100000-120000,We are a leading tech firm establishing global remote teams.,Simple copy paste job. High commission guaranteed.,Strong communication skills and team management experience.,Weekly cash bonuses.,1,0,0,Part-time,,,,Sales,0
1769,Data Entry Clerk,"PK, LHR, Lahore",Admin,1000-2000,Established multi-national logistics company.,Urgent requirement! High payout daily. Contact personal gmail address immediately.,"Bachelor degree in CS, 2+ years Python experience required.","Health insurance, 401k, paid leaves.",1,0,0,,Entry level,Bachelor's Degree,,Engineering,0
1770,Work From Home Specialist,"PK, LHR, Lahore",Admin,,Immediate opening! Send bank details for equipment processing.,Looking for experienced Python developer with FastAPI and SQL skills.,"Bachelor degree in CS, 2+ years Python experience required.",,0,1,0,Part-time,Mid-Senior level,High School or equivalent,Information Technology,Engineering,0
1771,Work From Home Specialist,"US, NY, New York",,1000-2000,Immediate opening! Send bank details for equipment processing.,Looking for experienced Python developer with FastAPI and SQL skills.,"Bachelor degree in CS, 2+ years Python experience required.",,0,0,1,Full-time,Associate,Bachelor's Degree,Information Technology,Administrative,0
1772,Data Entry Clerk,"PK, LHR, Lahore",IT,,We are a leading tech firm establishing global remote teams.,Manage customer queries via ticket portal and phone support.,Strong communication skills and team management experience.,"Health insurance, 401k, paid leaves.",1,0,0,,Associate,,Information Technology,Engineering,0
1773,Software Engineer,"PK, LHR, Lahore",Sales,,We are a leading tech firm establishing global remote teams.,Urgent requirement! High payout daily. Contact personal gmail address immediately.,Strong communication skills and team management experience.,,1,1,1,Contract,Entry level,Bachelor's Degree,Marketing,Engineering,0
1774,Work From Home Specialist,"IN, DEL, Delhi",Customer Care,1000-2000,Established multi-national logistics company.,Simple copy paste job. High commission guaranteed.,Must have laptop and active internet. No qualifications needed.,,0,1,1,Part-time,,High School or equivalent,,,0
1775,Software Engineer,"PK, LHR, Lahore",Admin,,Established multi-national logistics company.,Urgent requirement! High payout daily. Contact personal gmail address immediately.,Strong communication skills and team management experience.,"Health insurance, 401k, paid leaves.",0,1,1,Contract,Mid-Senior level,,Information Technology,,0
1776,Work From Home Specialist,"US, NY, New York",,,We are a leading tech firm establishing global remote teams.,Looking for experienced Python developer with FastAPI and SQL skills.,"Bachelor degree in CS, 2+ years Python experience required.","Health insurance, 401k, paid leaves.",0,0,0,Full-time,,Bachelor's Degree,Information Technology,Engineering,0
1777,Marketing Manager,"US, NY, New York",IT,50000-70000,We are a leading tech firm establishing global remote teams.,Simple copy paste job. High commission guaranteed.,"Bachelor degree in CS, 2+ years Python experience required.",Weekly cash bonuses.,1,0,0,,Entry level,,,Sales,0
1778,Software Engineer,"US, NY, New York",Sales,50000-70000,We are a leading tech firm establishing global remote teams.,Looking for experienced Python developer with FastAPI and SQL skills.,"Bachelor degree in CS, 2+ years Python experience required.",,1,0,0,Part-time,,High School or equivalent,,Engineering,0
1779,Work From Home Specialist,"PK, LHR, Lahore",Sales,1000-2000,We are a leading tech firm establishing global remote teams.,Manage customer queries via ticket portal and phone support.,"Bachelor degree in CS, 2+ years Python experience required.",,1,0,0,Contract,,,Marketing,Sales,0
1780,Urgent Hiring Admin,"US, CA, Los Angeles",,,Immediate opening! Send bank details for equipment processing.,Urgent requirement! High payout daily. Contact personal gmail address immediately.,"Bachelor degree in CS, 2+ years Python experience required.",,1,0,1,Contract,Associate,High School or equivalent,,,0
1781,Data Entry Clerk,"US, NY, New York",Admin,,Earn $500 daily working 2 hours from home. No experience needed!,Looking for experienced Python developer with FastAPI and SQL skills.,"Bachelor degree in CS, 2+ years Python experience required.","Health insurance, 401k, paid leaves.",0,1,0,Part-time,Associate,Bachelor's Degree,Marketing,Engineering,0
1782,Urgent Hiring Admin,"PK, LHR, Lahore",Customer Care,100000-120000,We are a leading tech firm establishing global remote teams.,Manage customer queries via ticket portal and phone support.,Strong communication skills and team management experience.,Weekly cash bonuses.,0,1,0,Part-time,Entry level,Bachelor's Degree,Marketing,Engineering,0
1783,Customer Service Rep,"IN, DEL, Delhi",Customer Care,50000-70000,We are a leading tech firm establishing global remote teams.,Simple copy paste job. High commission guaranteed.,Strong communication skills and team management experience.,Weekly cash bonuses.,0,0,0,Full-time,Entry level,Bachelor's Degree,,,0
1784,Customer Service Rep,"US, CA, Los Angeles",Sales,,Established multi-national logistics company.,Manage customer queries via ticket portal and phone support.,"Bachelor degree in CS, 2+ years Python experience required.",,0,1,0,Part-time,,High School or equivalent,Financial Services,Administrative,0
1785,Marketing Manager,"IN, DEL, Delhi",Customer Care,100000-120000,Established multi-national logistics company.,Manage customer queries via ticket portal and phone support.,"Bachelor degree in CS, 2+ years Python experience required.","Health insurance, 401k, paid leaves.",1,1,1,Full-time,Associate,,Marketing,Sales,0
1786,Data Entry Clerk,"IN, DEL, Delhi",Customer Care,50000-70000,Earn $500 daily working 2 hours from home. No experience needed!,Urgent requirement! High payout daily. Contact personal gmail address immediately.,Must have laptop and active internet. No qualifications needed.,"Health insurance, 401k, paid leaves.",0,1,0,Full-time,Associate,High School or equivalent,,Administrative,0
1787,Urgent Hiring Admin,"IN, DEL, Delhi",Sales,50000-70000,Immediate opening! Send bank details for equipment processing.,Manage customer queries via ticket portal and phone support.,"Bachelor degree in CS, 2+ years Python experience required.","Health insurance, 401k, paid leaves.",1,1,0,Contract,Entry level,,Marketing,Sales,0
1788,Work From Home Specialist,"PK, LHR, Lahore",IT,50000-70000,Established multi-national logistics company.,Looking for experienced Python developer with FastAPI and SQL skills.,Strong communication skills and team management experience.,"Health insurance, 401k, paid leaves.",0,1,0,Full-time,Associate,High School or equivalent,Financial Services,Engineering,0
1789,Work From Home Specialist,"US, NY, New York",,1000-2000,Earn $500 daily working 2 hours from home. No experience needed!,Urgent requirement! High payout daily. Contact personal gmail address immediately.,"Bachelor degree in CS, 2+ years Python experience required.",,0,0,0,,Entry level,Bachelor's Degree,Marketing,Administrative,0
1790,Marketing Manager,"US, NY, New York",Admin,,We are a leading tech firm establishing global remote teams.,Manage customer queries via ticket portal and phone support.,Strong communication skills and team management experience.,,1,0,0,Contract,Associate,,Marketing,Administrative,0
1791,Software Engineer,"PK, LHR, Lahore",IT,,We are a leading tech firm establishing global remote teams.,Simple copy paste job. High commission guaranteed.,Strong communication skills and team management experience.,"Health insurance, 401k, paid leaves.",0,0,0,Part-time,Associate,,Financial Services,,0
1792,Work From Home Specialist,"US, CA, Los Angeles",Customer Care,1000-2000,Established multi-national logistics company.,Manage customer queries via ticket portal and phone support.,Strong communication skills and team management experience.,,1,0,0,Part-time,,High School or equivalent,Marketing,Sales,1
1793,Marketing Manager,"US, NY, New York",Customer Care,50000-70000,We are a leading tech firm establishing global remote teams.,Manage customer queries via ticket portal and phone support.,Strong communication skills and team management experience.,,0,1,0,Part-time,Associate,Bachelor's Degree,Financial Services,Sales,0
1794,Data Entry Clerk,"US, NY, New York",Sales,100000-120000,Established multi-national logistics company.,Urgent requirement! High payout daily. Contact personal gmail address immediately.,Must have laptop and active internet. No qualifications needed.,,0,1,1,Contract,Associate,High School or equivalent,Marketing,,0
1795,Customer Service Rep,"US, NY, New York",Sales,100000-120000,Established multi-national logistics company.,Urgent requirement! High payout daily. Contact personal gmail address immediately.,Strong communication skills and team management experience.,,1,1,0,,,Bachelor's Degree,,,0
1796,Urgent Hiring Admin,"PK, LHR, Lahore",IT,,We are a leading tech firm establishing global remote teams.,Manage customer queries via ticket portal and phone support.,Strong communication skills and team management experience.,,1,0,1,,,Bachelor's Degree,Financial Services,Administrative,0
1797,Customer Service Rep,"IN, DEL, Delhi",Sales,1000-2000,Immediate opening! Send bank details for equipment processing.,Manage customer queries via ticket portal and phone support.,Strong communication skills and team management experience.,Weekly cash bonuses.,1,1,0,Contract,,,,,0
1798,Customer Service Rep,"PK, LHR, Lahore",IT,,Established multi-national logistics company.,Simple copy paste job. High commission guaranteed.,Strong communication skills and team management experience.,Weekly cash bonuses.,1,0,1,Contract,,Bachelor's Degree,Information Technology,Administrative,0
1799,Work From Home Specialist,"PK, LHR, Lahore",Sales,1000-2000,We are a leading tech firm establishing global remote teams.,Manage customer queries via ticket portal and phone support.,Must have laptop and active internet. No qualifications needed.,Weekly cash bonuses.,1,0,1,,,,Financial Services,Engineering,0
1800,Work From Home Specialist,"PK, LHR, Lahore",Sales,100000-120000,Established multi-national logistics company.,Simple copy paste job. High commission guaranteed.,"Bachelor degree in CS, 2+ years Python experience required.",,1,0,0,,Mid-Senior level,High School or equivalent,Information Technology,Engineering,0
1801,Urgent Hiring Admin,"US, NY, New York",Customer Care,,We are a leading tech firm establishing global remote teams.,Urgent requirement! High payout daily. Contact personal gmail address immediately.,"Bachelor degree in CS, 2+ years Python experience required.","Health insurance, 401k, paid leaves.",1,1,1,Contract,Associate,,Marketing,Sales,0
1802,Urgent Hiring Admin,"PK, LHR, Lahore",Sales,100000-120000,Earn $500 daily working 2 hours from home. No experience needed!,Simple copy paste job. High commission guaranteed.,Strong communication skills and team management experience.,,1,0,0,Part-time,,High School or equivalent,Information Technology,Sales,0
1803,Data Entry Clerk,"IN, DEL, Delhi",Sales,50000-70000,We are a leading tech firm establishing global remote teams.,Manage customer queries via ticket portal and phone support.,Strong communication skills and team management experience.,"Health insurance, 401k, paid leaves.",1,1,0,Contract,Associate,,Information Technology,Engineering,0
1804,Urgent Hiring Admin,"US, NY, New York",,,Earn $500 daily working 2 hours from home. No experience needed!,Urgent requirement! High payout daily. Contact personal gmail address immediately.,Strong communication skills and team management experience.,,0,0,1,Part-time,,,Marketing,Engineering,0
1805,Work From Home Specialist,"US, CA, Los Angeles",Customer Care,100000-120000,Established multi-national logistics company.,Urgent requirement! High payout daily. Contact personal gmail address immediately.,Strong communication skills and team management experience.,"Health insurance, 401k, paid leaves.",0,1,0,,,High School or equivalent,Financial Services,Engineering,0
1806,Marketing Manager,"US, NY, New York",Sales,100000-120000,Established multi-national logistics company.,Looking for experienced Python developer with FastAPI and SQL skills.,Must have laptop and active internet. No qualifications needed.,Weekly cash bonuses.,0,0,0,Full-time,Mid-Senior level,High School or equivalent,,Sales,0
1807,Urgent Hiring Admin,"US, NY, New York",Admin,,We are a leading tech firm establishing global remote teams.,Simple copy paste job. High commission guaranteed.,Must have laptop and active internet. No qualifications needed.,Weekly cash bonuses.,1,0,0,Contract,Mid-Senior level,,Financial Services,Administrative,0
1808,Software Engineer,"IN, DEL, Delhi",Admin,,Established multi-national logistics company.,Urgent requirement! High payout daily. Contact personal gmail address immediately.,Must have laptop and active internet. No qualifications needed.,,0,1,0,Full-time,,High School or equivalent,Marketing,Engineering,0
1809,Marketing Manager,"PK, LHR, Lahore",Sales,50000-70000,Immediate opening! Send bank details for equipment processing.,Urgent requirement! High payout daily. Contact personal gmail address immediately.,"Bachelor degree in CS, 2+ years Python experience required.",,0,0,0,Full-time,Entry level,,,Engineering,0
1810,Data Entry Clerk,"IN, DEL, Delhi",,,Established multi-national logistics company.,Manage customer queries via ticket portal and phone support.,Must have laptop and active internet. No qualifications needed.,Weekly cash bonuses.,0,0,0,Part-time,Mid-Senior level,High School or equivalent,Financial Services,,0
1811,Customer Service Rep,"US, CA, Los Angeles",Customer Care,50000-70000,Earn $500 daily working 2 hours from home. No experience needed!,Simple copy paste job. High commission guaranteed.,Strong communication skills and team management experience.,,0,0,1,Full-time,,High School or equivalent,,Engineering,0
1812,Marketing Manager,"US, CA, Los Angeles",,100000-120000,Earn $500 daily working 2 hours from home. No experience needed!,Urgent requirement! High payout daily. Contact personal gmail address immediately.,Strong communication skills and team management experience.,"Health insurance, 401k, paid leaves.",0,0,0,Full-time,,High School or equivalent,Information Technology,,0
1813,Software Engineer,"US, NY, New York",Customer Care,,We are a leading tech firm establishing global remote teams.,Looking for experienced Python developer with FastAPI and SQL skills.,Strong communication skills and team management experience.,,1,1,0,,,High School or equivalent,,Engineering,0
1814,Data Entry Clerk,"IN, DEL, Delhi",,,We are a leading tech firm establishing global remote teams.,Urgent requirement! High payout daily. Contact personal gmail address immediately.,Must have laptop and active internet. No qualifications needed.,"Health insurance, 401k, paid leaves.",0,1,0,Full-time,Entry level,High School or equivalent,,Sales,1
1815,Customer Service Rep,"IN, DEL, Delhi",IT,50000-70000,Earn $500 daily working 2 hours from home. No experience needed!,Looking for experienced Python developer with FastAPI and SQL skills.,Must have laptop and active internet. No qualifications needed.,Weekly cash bonuses.,0,0,0,Full-time,Mid-Senior level,,Marketing,Engineering,0
1816,Work From Home Specialist,"IN, DEL, Delhi",,1000-2000,We are a leading tech firm establishing global remote teams.,Manage customer queries via ticket portal and phone support.,"Bachelor degree in CS, 2+ years Python experience required.",Weekly cash bonuses.,0,1,1,Contract,Mid-Senior level,,Marketing,Sales,1
1817,Work From Home Specialist,"PK, LHR, Lahore",Admin,100000-120000,Immediate opening! Send bank details for equipment processing.,Urgent requirement! High payout daily. Contact personal gmail address immediately.,"Bachelor degree in CS, 2+ years Python experience required.","Health insurance, 401k, paid leaves.",1,1,1,Full-time,Associate,,Financial Services,Sales,0
1818,Urgent Hiring Admin,"US, NY, New York",Admin,1000-2000,Immediate opening! Send bank details for equipment processing.,Urgent requirement! High payout daily. Contact personal gmail address immediately.,"Bachelor degree in CS, 2+ years Python experience required.",,0,0,1,Contract,,High School or equivalent,Marketing,Engineering,0
1819,Marketing Manager,"PK, LHR, Lahore",Customer Care,,Established multi-national logistics company.,Urgent requirement! High payout daily. Contact personal gmail address immediately.,Must have laptop and active internet. No qualifications needed.,,1,1,1,Full-time,Entry level,Bachelor's Degree,Financial Services,Engineering,1
1820,Marketing Manager,"IN, DEL, Delhi",Sales,100000-120000,Immediate opening! Send bank details for equipment processing.,Urgent requirement! High payout daily. Contact personal gmail address immediately.,Must have laptop and active internet. No qualifications needed.,"Health insurance, 401k, paid leaves.",1,1,0,Full-time,Mid-Senior level,,Marketing,Administrative,0
1821,Software Engineer,"PK, LHR, Lahore",Sales,1000-2000,Immediate opening! Send bank details for equipment processing.,Simple copy paste job. High commission guaranteed.,Must have laptop and active internet. No qualifications needed.,Weekly cash bonuses.,1,1,0,Contract,Mid-Senior level,,Financial Services,Sales,0
1822,Data Entry Clerk,"US, NY, New York",Admin,100000-120000,Earn $500 daily working 2 hours from home. No experience needed!,Simple copy paste job. High commission guaranteed.,Strong communication skills and team management experience.,"Health insurance, 401k, paid leaves.",0,0,1,Contract,,Bachelor's Degree,Information Technology,Engineering,0
1823,Marketing Manager,"US, CA, Los Angeles",Customer Care,1000-2000,Immediate opening! Send bank details for equipment processing.,Looking for experienced Python developer with FastAPI and SQL skills.,Strong communication skills and team management experience.,Weekly cash bonuses.,0,0,0,Full-time,,,Financial Services,,0
1824,Marketing Manager,"PK, LHR, Lahore",,1000-2000,Earn $500 daily working 2 hours from home. No experience needed!,Manage customer queries via ticket portal and phone support.,Strong communication skills and team management experience.,,1,1,1,Full-time,Associate,High School or equivalent,,Sales,0
1825,Work From Home Specialist,"PK, LHR, Lahore",Customer Care,1000-2000,Immediate opening! Send bank details for equipment processing.,Simple copy paste job. High commission guaranteed.,"Bachelor degree in CS, 2+ years Python experience required.",,0,1,0,Full-time,Entry level,High School or equivalent,Financial Services,Engineering,0
1826,Marketing Manager,"US, CA, Los Angeles",Sales,100000-120000,Immediate opening! Send bank details for equipment processing.,Urgent requirement! High payout daily. Contact personal gmail address immediately.,Must have laptop and active internet. No qualifications needed.,"Health insurance, 401k, paid leaves.",0,0,0,Full-time,,High School or equivalent,Financial Services,Administrative,0
1827,Urgent Hiring Admin,"US, NY, New York",Customer Care,50000-70000,Established multi-national logistics company.,Simple copy paste job. High commission guaranteed.,Must have laptop and active internet. No qualifications needed.,Weekly cash bonuses.,1,0,1,Full-time,,High School or equivalent,Marketing,,0
1828,Urgent Hiring Admin,"US, CA, Los Angeles",IT,100000-120000,Immediate opening! Send bank details for equipment processing.,Manage customer queries via ticket portal and phone support.,Strong communication skills and team management experience.,,1,0,0,,Entry level,Bachelor's Degree,,Administrative,1
1829,Work From Home Specialist,"PK, LHR, Lahore",Customer Care,50000-70000,Established multi-national logistics company.,Manage customer queries via ticket portal and phone support.,"Bachelor degree in CS, 2+ years Python experience required.","Health insurance, 401k, paid leaves.",1,1,1,Part-time,Associate,Bachelor's Degree,Marketing,,0
1830,Customer Service Rep,"PK, LHR, Lahore",Customer Care,1000-2000,Earn $500 daily working 2 hours from home. No experience needed!,Looking for experienced Python developer with FastAPI and SQL skills.,Must have laptop and active internet. No qualifications needed.,,1,0,0,Full-time,Associate,High School or equivalent,Financial Services,Administrative,1
1831,Customer Service Rep,"US, NY, New York",Customer Care,1000-2000,Earn $500 daily working 2 hours from home. No experience needed!,Urgent requirement! High payout daily. Contact personal gmail address immediately.,Strong communication skills and team management experience.,Weekly cash bonuses.,0,1,1,Full-time,,Bachelor's Degree,Financial Services,Sales,1
1832,Customer Service Rep,"US, NY, New York",Admin,,Established multi-national logistics company.,Urgent requirement! High payout daily. Contact personal gmail address immediately.,"Bachelor degree in CS, 2+ years Python experience required.",,1,1,1,Part-time,,High School or equivalent,,,0
1833,Software Engineer,"IN, DEL, Delhi",,1000-2000,Immediate opening! Send bank details for equipment processing.,Looking for experienced Python developer with FastAPI and SQL skills.,"Bachelor degree in CS, 2+ years Python experience required.","Health insurance, 401k, paid leaves.",0,0,0,,,Bachelor's Degree,,,0
1834,Data Entry Clerk,"US, CA, Los Angeles",IT,1000-2000,Immediate opening! Send bank details for equipment processing.,Urgent requirement! High payout daily. Contact personal gmail address immediately.,Must have laptop and active internet. No qualifications needed.,Weekly cash bonuses.,0,1,1,Full-time,,Bachelor's Degree,Marketing,Administrative,0
1835,Customer Service Rep,"US, NY, New York",,,We are a leading tech firm establishing global remote teams.,Simple copy paste job. High commission guaranteed.,Strong communication skills and team management experience.,Weekly cash bonuses.,1,1,1,Full-time,Mid-Senior level,High School or equivalent,Financial Services,Sales,1
1836,Software Engineer,"US, NY, New York",Customer Care,1000-2000,Immediate opening! Send bank details for equipment processing.,Looking for experienced Python developer with FastAPI and SQL skills.,"Bachelor degree in CS, 2+ years Python experience required.",,0,1,0,Part-time,Mid-Senior level,,,,0
1837,Marketing Manager,"PK, LHR, Lahore",Sales,50000-70000,Established multi-national logistics company.,Looking for experienced Python developer with FastAPI and SQL skills.,Must have laptop and active internet. No qualifications needed.,Weekly cash bonuses.,0,0,1,,Entry level,,Marketing,Administrative,0
1838,Data Entry Clerk,"US, NY, New York",IT,50000-70000,Earn $500 daily working 2 hours from home. No experience needed!,Simple copy paste job. High commission guaranteed.,"Bachelor degree in CS, 2+ years Python experience required.",Weekly cash bonuses.,1,0,0,Full-time,,Bachelor's Degree,Financial Services,Sales,0
1839,Work From Home Specialist,"US, NY, New York",,,Earn $500 daily working 2 hours from home. No experience needed!,Simple copy paste job. High commission guaranteed.,Must have laptop and active internet. No qualifications needed.,Weekly cash bonuses.,1,0,0,,Mid-Senior level,High School or equivalent,,Sales,0
1840,Urgent Hiring Admin,"PK, LHR, Lahore",,,Immediate opening! Send bank details for equipment processing.,Manage customer queries via ticket portal and phone support.,Must have laptop and active internet. No qualifications needed.,,1,1,0,Contract,,,Marketing,Engineering,0
1841,Software Engineer,"PK, LHR, Lahore",IT,,Immediate opening! Send bank details for equipment processing.,Simple copy paste job. High commission guaranteed.,Must have laptop and active internet. No qualifications needed.,Weekly cash bonuses.,1,0,0,Part-time,,Bachelor's Degree,Financial Services,,0
1842,Urgent Hiring Admin,"IN, DEL, Delhi",Sales,1000-2000,Immediate opening! Send bank details for equipment processing.,Urgent requirement! High payout daily. Contact personal gmail address immediately.,Must have laptop and active internet. No qualifications needed.,,1,1,0,Full-time,Associate,,Information Technology,,0
1843,Software Engineer,"IN, DEL, Delhi",Sales,,Immediate opening! Send bank details for equipment processing.,Simple copy paste job. High commission guaranteed.,"Bachelor degree in CS, 2+ years Python experience required.",,1,0,0,,Entry level,,,Sales,0
1844,Marketing Manager,"US, NY, New York",Sales,100000-120000,Immediate opening! Send bank details for equipment processing.,Simple copy paste job. High commission guaranteed.,Must have laptop and active internet. No qualifications needed.,"Health insurance, 401k, paid leaves.",1,0,0,,Associate,High School or equivalent,,Administrative,0
1845,Customer Service Rep,"US, NY, New York",Admin,1000-2000,Earn $500 daily working 2 hours from home. No experience needed!,Looking for experienced Python developer with FastAPI and SQL skills.,Must have laptop and active internet. No qualifications needed.,,0,0,1,Part-time,Associate,,,Sales,0
1846,Data Entry Clerk,"US, CA, Los Angeles",Customer Care,,We are a leading tech firm establishing global remote teams.,Simple copy paste job. High commission guaranteed.,Strong communication skills and team management experience.,,0,1,1,Part-time,Associate,,Information Technology,,0
1847,Data Entry Clerk,"PK, LHR, Lahore",Sales,100000-120000,We are a leading tech firm establishing global remote teams.,Urgent requirement! High payout daily. Contact personal gmail address immediately.,Must have laptop and active internet. No qualifications needed.,Weekly cash bonuses.,1,1,1,Full-time,Entry level,High School or equivalent,Information Technology,,0
1848,Customer Service Rep,"US, NY, New York",IT,1000-2000,We are a leading tech firm establishing global remote teams.,Looking for experienced Python developer with FastAPI and SQL skills.,Strong communication skills and team management experience.,"Health insurance, 401k, paid leaves.",1,1,1,Part-time,Mid-Senior level,High School or equivalent,Financial Services,Engineering,0
1849,Software Engineer,"PK, LHR, Lahore",Sales,1000-2000,Earn $500 daily working 2 hours from home. No experience needed!,Simple copy paste job. High commission guaranteed.,Strong communication skills and team management experience.,"Health insurance, 401k, paid leaves.",1,0,1,Full-time,Associate,Bachelor's Degree,Financial Services,Administrative,0
1850,Marketing Manager,"US, NY, New York",IT,50000-70000,Established multi-national logistics company.,Urgent requirement! High payout daily. Contact personal gmail address immediately.,Strong communication skills and team management experience.,,0,0,0,,Mid-Senior level,Bachelor's Degree,Marketing,Sales,1
1851,Marketing Manager,"US, NY, New York",Customer Care,100000-120000,Earn $500 daily working 2 hours from home. No experience needed!,Simple copy paste job. High commission guaranteed.,Strong communication skills and team management experience.,,1,0,0,Full-time,Mid-Senior level,,Marketing,Administrative,0
1852,Work From Home Specialist,"US, CA, Los Angeles",Customer Care,,Immediate opening! Send bank details for equipment processing.,Urgent requirement! High payout daily. Contact personal gmail address immediately.,"Bachelor degree in CS, 2+ years Python experience required.",,1,0,0,Part-time,Mid-Senior level,High School or equivalent,Financial Services,,0
1853,Data Entry Clerk,"US, CA, Los Angeles",Admin,100000-120000,Immediate opening! Send bank details for equipment processing.,Simple copy paste job. High commission guaranteed.,"Bachelor degree in CS, 2+ years Python experience required.",Weekly cash bonuses.,1,1,1,,Entry level,High School or equivalent,Financial Services,Sales,0
1854,Software Engineer,"US, NY, New York",,100000-120000,Earn $500 daily working 2 hours from home. No experience needed!,Urgent requirement! High payout daily. Contact personal gmail address immediately.,"Bachelor degree in CS, 2+ years Python experience required.","Health insurance, 401k, paid leaves.",1,1,0,Full-time,Mid-Senior level,,Marketing,Administrative,0
1855,Urgent Hiring Admin,"PK, LHR, Lahore",Customer Care,1000-2000,Immediate opening! Send bank details for equipment processing.,Urgent requirement! High payout daily. Contact personal gmail address immediately.,Strong communication skills and team management experience.,"Health insurance, 401k, paid leaves.",1,1,1,,Mid-Senior level,,Marketing,Sales,0
1856,Marketing Manager,"IN, DEL, Delhi",IT,100000-120000,Established multi-national logistics company.,Manage customer queries via ticket portal and phone support.,"Bachelor degree in CS, 2+ years Python experience required.",,0,1,0,Full-time,Entry level,,,Engineering,0
1857,Work From Home Specialist,"IN, DEL, Delhi",Customer Care,50000-70000,Earn $500 daily working 2 hours from home. No experience needed!,Urgent requirement! High payout daily. Contact personal gmail address immediately.,Strong communication skills and team management experience.,Weekly cash bonuses.,1,0,1,Contract,Associate,High School or equivalent,,Engineering,0
1858,Work From Home Specialist,"PK, LHR, Lahore",Customer Care,,Immediate opening! Send bank details for equipment processing.,Simple copy paste job. High commission guaranteed.,Strong communication skills and team management experience.,Weekly cash bonuses.,0,1,0,,Entry level,,Information Technology,Sales,0
1859,Marketing Manager,"PK, LHR, Lahore",,,Immediate opening! Send bank details for equipment processing.,Manage customer queries via ticket portal and phone support.,"Bachelor degree in CS, 2+ years Python experience required.",Weekly cash bonuses.,1,1,0,Full-time,Associate,High School or equivalent,Information Technology,,0
1860,Software Engineer,"US, NY, New York",Customer Care,50000-70000,Immediate opening! Send bank details for equipment processing.,Simple copy paste job. High commission guaranteed.,Strong communication skills and team management experience.,Weekly cash bonuses.,1,0,0,Contract,Associate,Bachelor's Degree,Marketing,Administrative,0
1861,Work From Home Specialist,"US, NY, New York",Customer Care,1000-2000,Immediate opening! Send bank details for equipment processing.,Simple copy paste job. High commission guaranteed.,"Bachelor degree in CS, 2+ years Python experience required.","Health insurance, 401k, paid leaves.",1,1,1,Contract,,High School or equivalent,Marketing,Administrative,1
1862,Urgent Hiring Admin,"IN, DEL, Delhi",,100000-120000,Immediate opening! Send bank details for equipment processing.,Urgent requirement! High payout daily. Contact personal gmail address immediately.,Strong communication skills and team management experience.,,1,1,1,Part-time,Associate,High School or equivalent,Marketing,Engineering,1
1863,Work From Home Specialist,"US, CA, Los Angeles",IT,,Immediate opening! Send bank details for equipment processing.,Urgent requirement! High payout daily. Contact personal gmail address immediately.,Must have laptop and active internet. No qualifications needed.,,0,0,0,Part-time,Mid-Senior level,High School or equivalent,Marketing,Sales,0
1864,Customer Service Rep,"IN, DEL, Delhi",,,Earn $500 daily working 2 hours from home. No experience needed!,Urgent requirement! High payout daily. Contact personal gmail address immediately.,Must have laptop and active internet. No qualifications needed.,Weekly cash bonuses.,0,1,1,Contract,Entry level,High School or equivalent,Marketing,,0
1865,Marketing Manager,"PK, LHR, Lahore",Admin,,Established multi-national logistics company.,Simple copy paste job. High commission guaranteed.,"Bachelor degree in CS, 2+ years Python experience required.",,0,0,1,,Entry level,High School or equivalent,Financial Services,Engineering,0
1866,Marketing Manager,"US, NY, New York",IT,,Immediate opening! Send bank details for equipment processing.,Simple copy paste job. High commission guaranteed.,Strong communication skills and team management experience.,,0,0,0,Part-time,Mid-Senior level,Bachelor's Degree,Information Technology,Administrative,0
1867,Work From Home Specialist,"PK, LHR, Lahore",Customer Care,1000-2000,Established multi-national logistics company.,Looking for experienced Python developer with FastAPI and SQL skills.,"Bachelor degree in CS, 2+ years Python experience required.",Weekly cash bonuses.,0,1,1,,Associate,Bachelor's Degree,Financial Services,Sales,0
1868,Customer Service Rep,"IN, DEL, Delhi",Customer Care,100000-120000,Immediate opening! Send bank details for equipment processing.,Urgent requirement! High payout daily. Contact personal gmail address immediately.,"Bachelor degree in CS, 2+ years Python experience required.",,1,1,0,Full-time,,,Financial Services,Engineering,0
1869,Data Entry Clerk,"US, CA, Los Angeles",IT,1000-2000,We are a leading tech firm establishing global remote teams.,Urgent requirement! High payout daily. Contact personal gmail address immediately.,"Bachelor degree in CS, 2+ years Python experience required.",,0,0,0,,Associate,,Marketing,,0
1870,Marketing Manager,"PK, LHR, Lahore",,100000-120000,Earn $500 daily working 2 hours from home. No experience needed!,Looking for experienced Python developer with FastAPI and SQL skills.,"Bachelor degree in CS, 2+ years Python experience required.",,0,0,1,Contract,Associate,Bachelor's Degree,Information Technology,Administrative,0
1871,Customer Service Rep,"IN, DEL, Delhi",,,Earn $500 daily working 2 hours from home. No experience needed!,Simple copy paste job. High commission guaranteed.,Must have laptop and active internet. No qualifications needed.,Weekly cash bonuses.,0,0,1,Contract,Entry level,Bachelor's Degree,Financial Services,Engineering,0
1872,Customer Service Rep,"US, NY, New York",,1000-2000,We are a leading tech firm establishing global remote teams.,Looking for experienced Python developer with FastAPI and SQL skills.,Must have laptop and active internet. No qualifications needed.,Weekly cash bonuses.,1,0,0,Part-time,Mid-Senior level,Bachelor's Degree,,Sales,0
1873,Urgent Hiring Admin,"US, NY, New York",Sales,,Earn $500 daily working 2 hours from home. No experience needed!,Urgent requirement! High payout daily. Contact personal gmail address immediately.,Must have laptop and active internet. No qualifications needed.,Weekly cash bonuses.,0,1,1,Contract,,High School or equivalent,Information Technology,,0
1874,Work From Home Specialist,"US, NY, New York",IT,,We are a leading tech firm establishing global remote teams.,Urgent requirement! High payout daily. Contact personal gmail address immediately.,Strong communication skills and team management experience.,,1,0,0,,Associate,High School or equivalent,,Administrative,0
1875,Customer Service Rep,"PK, LHR, Lahore",Customer Care,,Immediate opening! Send bank details for equipment processing.,Simple copy paste job. High commission guaranteed.,Strong communication skills and team management experience.,"Health insurance, 401k, paid leaves.",1,1,1,Contract,Mid-Senior level,,Marketing,,0
1876,Data Entry Clerk,"IN, DEL, Delhi",Admin,50000-70000,Immediate opening! Send bank details for equipment processing.,Urgent requirement! High payout daily. Contact personal gmail address immediately.,Must have laptop and active internet. No qualifications needed.,Weekly cash bonuses.,0,1,0,,,,,Sales,0
1877,Customer Service Rep,"PK, LHR, Lahore",,100000-120000,Established multi-national logistics company.,Urgent requirement! High payout daily. Contact personal gmail address immediately.,Strong communication skills and team management experience.,Weekly cash bonuses.,0,0,1,,,,Financial Services,Administrative,0
1878,Data Entry Clerk,"PK, LHR, Lahore",Customer Care,100000-120000,Established multi-national logistics company.,Looking for experienced Python developer with FastAPI and SQL skills.,Strong communication skills and team management experience.,Weekly cash bonuses.,0,1,0,Full-time,Mid-Senior level,High School or equivalent,Marketing,Sales,0
1879,Work From Home Specialist,"IN, DEL, Delhi",IT,100000-120000,Earn $500 daily working 2 hours from home. No experience needed!,Looking for experienced Python developer with FastAPI and SQL skills.,Strong communication skills and team management experience.,Weekly cash bonuses.,1,1,0,Part-time,,,Information Technology,Engineering,0
1880,Marketing Manager,"PK, LHR, Lahore",Admin,50000-70000,Immediate opening! Send bank details for equipment processing.,Manage customer queries via ticket portal and phone support.,Must have laptop and active internet. No qualifications needed.,Weekly cash bonuses.,1,0,0,Contract,Mid-Senior level,Bachelor's Degree,,,0
1881,Data Entry Clerk,"IN, DEL, Delhi",IT,1000-2000,We are a leading tech firm establishing global remote teams.,Urgent requirement! High payout daily. Contact personal gmail address immediately.,Must have laptop and active internet. No qualifications needed.,Weekly cash bonuses.,1,0,0,,Entry level,,Information Technology,Sales,0
1882,Marketing Manager,"US, NY, New York",IT,50000-70000,Earn $500 daily working 2 hours from home. No experience needed!,Urgent requirement! High payout daily. Contact personal gmail address immediately.,Must have laptop and active internet. No qualifications needed.,Weekly cash bonuses.,0,0,1,,Associate,,Information Technology,Engineering,0
1883,Customer Service Rep,"IN, DEL, Delhi",IT,100000-120000,Established multi-national logistics company.,Simple copy paste job. High commission guaranteed.,"Bachelor degree in CS, 2+ years Python experience required.",Weekly cash bonuses.,1,0,1,,Mid-Senior level,High School or equivalent,Marketing,Administrative,0
1884,Marketing Manager,"PK, LHR, Lahore",Customer Care,,We are a leading tech firm establishing global remote teams.,Urgent requirement! High payout daily. Contact personal gmail address immediately.,Must have laptop and active internet. No qualifications needed.,,1,1,0,Part-time,Mid-Senior level,Bachelor's Degree,Financial Services,,0
1885,Work From Home Specialist,"IN, DEL, Delhi",Admin,100000-120000,We are a leading tech firm establishing global remote teams.,Urgent requirement! High payout daily. Contact personal gmail address immediately.,"Bachelor degree in CS, 2+ years Python experience required.",Weekly cash bonuses.,1,0,1,Full-time,Entry level,Bachelor's Degree,Marketing,Engineering,0
1886,Customer Service Rep,"PK, LHR, Lahore",,50000-70000,Earn $500 daily working 2 hours from home. No experience needed!,Simple copy paste job. High commission guaranteed.,Strong communication skills and team management experience.,,1,0,0,Full-time,Entry level,Bachelor's Degree,Marketing,Sales,0
1887,Software Engineer,"IN, DEL, Delhi",,1000-2000,Immediate opening! Send bank details for equipment processing.,Simple copy paste job. High commission guaranteed.,"Bachelor degree in CS, 2+ years Python experience required.","Health insurance, 401k, paid leaves.",0,1,1,Contract,Entry level,,Marketing,Sales,0
1888,Customer Service Rep,"PK, LHR, Lahore",,100000-120000,We are a leading tech firm establishing global remote teams.,Simple copy paste job. High commission guaranteed.,Must have laptop and active internet. No qualifications needed.,Weekly cash bonuses.,0,0,0,Contract,Mid-Senior level,High School or equivalent,Financial Services,Sales,0
1889,Urgent Hiring Admin,"US, NY, New York",IT,,Immediate opening! Send bank details for equipment processing.,Manage customer queries via ticket portal and phone support.,"Bachelor degree in CS, 2+ years Python experience required.",Weekly cash bonuses.,1,0,1,Full-time,Entry level,Bachelor's Degree,Marketing,,0
1890,Marketing Manager,"US, CA, Los Angeles",Customer Care,1000-2000,Established multi-national logistics company.,Simple copy paste job. High commission guaranteed.,Must have laptop and active internet. No qualifications needed.,Weekly cash bonuses.,0,0,1,Part-time,,Bachelor's Degree,Information Technology,,0
1891,Marketing Manager,"PK, LHR, Lahore",Admin,50000-70000,Earn $500 daily working 2 hours from home. No experience needed!,Looking for experienced Python developer with FastAPI and SQL skills.,"Bachelor degree in CS, 2+ years Python experience required.",Weekly cash bonuses.,1,1,1,Part-time,Mid-Senior level,Bachelor's Degree,Marketing,Sales,0
1892,Data Entry Clerk,"IN, DEL, Delhi",,1000-2000,We are a leading tech firm establishing global remote teams.,Looking for experienced Python developer with FastAPI and SQL skills.,Strong communication skills and team management experience.,Weekly cash bonuses.,0,1,0,Contract,Entry level,High School or equivalent,Financial Services,Engineering,0
1893,Work From Home Specialist,"PK, LHR, Lahore",,100000-120000,Immediate opening! Send bank details for equipment processing.,Looking for experienced Python developer with FastAPI and SQL skills.,Must have laptop and active internet. No qualifications needed.,Weekly cash bonuses.,1,1,0,Contract,,High School or equivalent,Marketing,Administrative,0
1894,Work From Home Specialist,"US, CA, Los Angeles",Admin,1000-2000,Immediate opening! Send bank details for equipment processing.,Looking for experienced Python developer with FastAPI and SQL skills.,Must have laptop and active internet. No qualifications needed.,"Health insurance, 401k, paid leaves.",0,1,0,Contract,Associate,,Financial Services,,0
1895,Software Engineer,"US, CA, Los Angeles",Admin,1000-2000,Established multi-national logistics company.,Simple copy paste job. High commission guaranteed.,"Bachelor degree in CS, 2+ years Python experience required.",,1,0,0,Part-time,Associate,,Marketing,,0
1896,Customer Service Rep,"IN, DEL, Delhi",Sales,100000-120000,Established multi-national logistics company.,Looking for experienced Python developer with FastAPI and SQL skills.,Must have laptop and active internet. No qualifications needed.,Weekly cash bonuses.,0,1,1,Full-time,Entry level,,Information Technology,Administrative,0
1897,Urgent Hiring Admin,"PK, LHR, Lahore",IT,100000-120000,Established multi-national logistics company.,Manage customer queries via ticket portal and phone support.,Strong communication skills and team management experience.,"Health insurance, 401k, paid leaves.",0,1,0,Full-time,Associate,High School or equivalent,Marketing,Sales,0
1898,Work From Home Specialist,"IN, DEL, Delhi",IT,50000-70000,We are a leading tech firm establishing global remote teams.,Manage customer queries via ticket portal and phone support.,Must have laptop and active internet. No qualifications needed.,,0,0,0,Contract,Associate,Bachelor's Degree,Marketing,Administrative,0
1899,Urgent Hiring Admin,"US, CA, Los Angeles",IT,1000-2000,We are a leading tech firm establishing global remote teams.,Looking for experienced Python developer with FastAPI and SQL skills.,Strong communication skills and team management experience.,,1,0,1,,Entry level,,Marketing,Administrative,0
1900,Software Engineer,"IN, DEL, Delhi",Customer Care,50000-70000,Earn $500 daily working 2 hours from home. No experience needed!,Urgent requirement! High payout daily. Contact personal gmail address immediately.,Must have laptop and active internet. No qualifications needed.,"Health insurance, 401k, paid leaves.",1,1,1,,Entry level,,,Sales,0
1901,Work From Home Specialist,"US, CA, Los Angeles",Sales,1000-2000,Earn $500 daily working 2 hours from home. No experience needed!,Looking for experienced Python developer with FastAPI and SQL skills.,"Bachelor degree in CS, 2+ years Python experience required.",,1,1,1,,Associate,High School or equivalent,Marketing,Sales,0
1902,Urgent Hiring Admin,"IN, DEL, Delhi",Customer Care,50000-70000,We are a leading tech firm establishing global remote teams.,Looking for experienced Python developer with FastAPI and SQL skills.,Strong communication skills and team management experience.,,1,0,0,Part-time,,,,Engineering,0
1903,Work From Home Specialist,"US, NY, New York",Customer Care,100000-120000,Established multi-national logistics company.,Looking for experienced Python developer with FastAPI and SQL skills.,"Bachelor degree in CS, 2+ years Python experience required.",Weekly cash bonuses.,0,1,1,,Entry level,High School or equivalent,Financial Services,Sales,0
1904,Data Entry Clerk,"US, NY, New York",,100000-120000,We are a leading tech firm establishing global remote teams.,Simple copy paste job. High commission guaranteed.,"Bachelor degree in CS, 2+ years Python experience required.",,0,1,0,Part-time,Associate,,Marketing,Administrative,1
1905,Data Entry Clerk,"PK, LHR, Lahore",Sales,1000-2000,We are a leading tech firm establishing global remote teams.,Simple copy paste job. High commission guaranteed.,Must have laptop and active internet. No qualifications needed.,"Health insurance, 401k, paid leaves.",1,0,0,Contract,Entry level,Bachelor's Degree,Financial Services,Administrative,0
1906,Urgent Hiring Admin,"US, NY, New York",Customer Care,50000-70000,Established multi-national logistics company.,Manage customer queries via ticket portal and phone support.,Must have laptop and active internet. No qualifications needed.,,0,0,0,Contract,,High School or equivalent,Marketing,Engineering,0
1907,Work From Home Specialist,"PK, LHR, Lahore",,,Established multi-national logistics company.,Looking for experienced Python developer with FastAPI and SQL skills.,Strong communication skills and team management experience.,Weekly cash bonuses.,1,1,0,Full-time,,,Information Technology,Engineering,0
1908,Customer Service Rep,"US, NY, New York",Sales,50000-70000,Established multi-national logistics company.,Urgent requirement! High payout daily. Contact personal gmail address immediately.,"Bachelor degree in CS, 2+ years Python experience required.",Weekly cash bonuses.,1,0,0,Full-time,Entry level,,Marketing,Engineering,0
1909,Customer Service Rep,"IN, DEL, Delhi",IT,,We are a leading tech firm establishing global remote teams.,Looking for experienced Python developer with FastAPI and SQL skills.,"Bachelor degree in CS, 2+ years Python experience required.","Health insurance, 401k, paid leaves.",1,1,1,Full-time,,High School or equivalent,Information Technology,Sales,0
1910,Data Entry Clerk,"US, CA, Los Angeles",Sales,100000-120000,Immediate opening! Send bank details for equipment processing.,Simple copy paste job. High commission guaranteed.,Must have laptop and active internet. No qualifications needed.,Weekly cash bonuses.,1,0,1,Part-time,Entry level,Bachelor's Degree,,Sales,0
1911,Data Entry Clerk,"PK, LHR, Lahore",Sales,,Immediate opening! Send bank details for equipment processing.,Looking for experienced Python developer with FastAPI and SQL skills.,Strong communication skills and team management experience.,"Health insurance, 401k, paid leaves.",0,0,0,Part-time,Mid-Senior level,,,Engineering,0
1912,Data Entry Clerk,"IN, DEL, Delhi",Customer Care,,Established multi-national logistics company.,Urgent requirement! High payout daily. Contact personal gmail address immediately.,Strong communication skills and team management experience.,"Health insurance, 401k, paid leaves.",0,0,1,Contract,,,Financial Services,Engineering,0
1913,Customer Service Rep,"PK, LHR, Lahore",,100000-120000,We are a leading tech firm establishing global remote teams.,Manage customer queries via ticket portal and phone support.,Strong communication skills and team management experience.,"Health insurance, 401k, paid leaves.",0,1,0,,,High School or equivalent,Marketing,Administrative,1
1914,Marketing Manager,"US, CA, Los Angeles",Admin,,Immediate opening! Send bank details for equipment processing.,Urgent requirement! High payout daily. Contact personal gmail address immediately.,"Bachelor degree in CS, 2+ years Python experience required.",,1,0,1,Part-time,Entry level,Bachelor's Degree,,Sales,0
1915,Urgent Hiring Admin,"IN, DEL, Delhi",Sales,1000-2000,Established multi-national logistics company.,Looking for experienced Python developer with FastAPI and SQL skills.,Strong communication skills and team management experience.,"Health insurance, 401k, paid leaves.",0,1,0,,Entry level,Bachelor's Degree,Financial Services,,0
1916,Marketing Manager,"US, NY, New York",Sales,,Immediate opening! Send bank details for equipment processing.,Urgent requirement! High payout daily. Contact personal gmail address immediately.,"Bachelor degree in CS, 2+ years Python experience required.",,1,1,1,Part-time,Associate,Bachelor's Degree,,Administrative,0
1917,Data Entry Clerk,"IN, DEL, Delhi",Admin,100000-120000,Earn $500 daily working 2 hours from home. No experience needed!,Urgent requirement! High payout daily. Contact personal gmail address immediately.,"Bachelor degree in CS, 2+ years Python experience required.",Weekly cash bonuses.,1,1,1,Full-time,Mid-Senior level,,Marketing,,0
1918,Data Entry Clerk,"US, CA, Los Angeles",,50000-70000,We are a leading tech firm establishing global remote teams.,Simple copy paste job. High commission guaranteed.,Must have laptop and active internet. No qualifications needed.,,0,0,0,Part-time,Entry level,High School or equivalent,Marketing,,0
1919,Urgent Hiring Admin,"US, NY, New York",IT,1000-2000,Established multi-national logistics company.,Looking for experienced Python developer with FastAPI and SQL skills.,Strong communication skills and team management experience.,"Health insurance, 401k, paid leaves.",0,1,1,Part-time,Entry level,Bachelor's Degree,Financial Services,,0
1920,Data Entry Clerk,"IN, DEL, Delhi",Sales,50000-70000,Established multi-national logistics company.,Simple copy paste job. High commission guaranteed.,Strong communication skills and team management experience.,Weekly cash bonuses.,1,1,1,Part-time,,Bachelor's Degree,Marketing,Administrative,0
1921,Urgent Hiring Admin,"PK, LHR, Lahore",Admin,100000-120000,Immediate opening! Send bank details for equipment processing.,Manage customer queries via ticket portal and phone support.,"Bachelor degree in CS, 2+ years Python experience required.",Weekly cash bonuses.,1,0,1,Part-time,,Bachelor's Degree,,Sales,0
1922,Customer Service Rep,"IN, DEL, Delhi",,,Immediate opening! Send bank details for equipment processing.,Manage customer queries via ticket portal and phone support.,Strong communication skills and team management experience.,"Health insurance, 401k, paid leaves.",1,0,1,,Mid-Senior level,,,Sales,0
1923,Software Engineer,"IN, DEL, Delhi",Admin,100000-120000,Earn $500 daily working 2 hours from home. No experience needed!,Simple copy paste job. High commission guaranteed.,Must have laptop and active internet. No qualifications needed.,,1,0,0,,Entry level,Bachelor's Degree,Information Technology,Engineering,0
1924,Urgent Hiring Admin,"IN, DEL, Delhi",Sales,,Immediate opening! Send bank details for equipment processing.,Simple copy paste job. High commission guaranteed.,Strong communication skills and team management experience.,Weekly cash bonuses.,0,1,1,Part-time,Mid-Senior level,,Information Technology,Engineering,0
1925,Marketing Manager,"US, CA, Los Angeles",IT,50000-70000,Established multi-national logistics company.,Manage customer queries via ticket portal and phone support.,Must have laptop and active internet. No qualifications needed.,Weekly cash bonuses.,1,1,1,Full-time,Mid-Senior level,Bachelor's Degree,Information Technology,,0
1926,Work From Home Specialist,"US, CA, Los Angeles",Customer Care,50000-70000,Earn $500 daily working 2 hours from home. No experience needed!,Urgent requirement! High payout daily. Contact personal gmail address immediately.,Strong communication skills and team management experience.,"Health insurance, 401k, paid leaves.",0,0,1,Part-time,,Bachelor's Degree,Information Technology,Administrative,0
1927,Urgent Hiring Admin,"US, NY, New York",,,We are a leading tech firm establishing global remote teams.,Urgent requirement! High payout daily. Contact personal gmail address immediately.,"Bachelor degree in CS, 2+ years Python experience required.",Weekly cash bonuses.,1,1,0,Contract,,High School or equivalent,Information Technology,Administrative,0
1928,Data Entry Clerk,"PK, LHR, Lahore",IT,50000-70000,Earn $500 daily working 2 hours from home. No experience needed!,Manage customer queries via ticket portal and phone support.,Strong communication skills and team management experience.,"Health insurance, 401k, paid leaves.",1,1,1,,Entry level,Bachelor's Degree,Financial Services,Engineering,0
1929,Software Engineer,"IN, DEL, Delhi",Customer Care,,We are a leading tech firm establishing global remote teams.,Looking for experienced Python developer with FastAPI and SQL skills.,Strong communication skills and team management experience.,Weekly cash bonuses.,0,0,0,Part-time,,,Marketing,,0
1930,Work From Home Specialist,"US, NY, New York",Sales,,Immediate opening! Send bank details for equipment processing.,Looking for experienced Python developer with FastAPI and SQL skills.,Strong communication skills and team management experience.,,1,0,1,Full-time,Associate,High School or equivalent,,,0
1931,Data Entry Clerk,"PK, LHR, Lahore",Sales,100000-120000,Established multi-national logistics company.,Looking for experienced Python developer with FastAPI and SQL skills.,Must have laptop and active internet. No qualifications needed.,"Health insurance, 401k, paid leaves.",1,0,0,Contract,Entry level,High School or equivalent,Financial Services,Engineering,0
1932,Software Engineer,"PK, LHR, Lahore",,50000-70000,Established multi-national logistics company.,Urgent requirement! High payout daily. Contact personal gmail address immediately.,Strong communication skills and team management experience.,Weekly cash bonuses.,1,1,1,Part-time,Entry level,High School or equivalent,Information Technology,Sales,0
1933,Marketing Manager,"US, NY, New York",Sales,50000-70000,Immediate opening! Send bank details for equipment processing.,Looking for experienced Python developer with FastAPI and SQL skills.,Strong communication skills and team management experience.,"Health insurance, 401k, paid leaves.",0,0,0,,Associate,,Financial Services,Administrative,0
1934,Marketing Manager,"IN, DEL, Delhi",Customer Care,1000-2000,We are a leading tech firm establishing global remote teams.,Looking for experienced Python developer with FastAPI and SQL skills.,"Bachelor degree in CS, 2+ years Python experience required.",Weekly cash bonuses.,1,0,1,,Entry level,Bachelor's Degree,Information Technology,,0
1935,Data Entry Clerk,"IN, DEL, Delhi",,50000-70000,We are a leading tech firm establishing global remote teams.,Urgent requirement! High payout daily. Contact personal gmail address immediately.,Must have laptop and active internet. No qualifications needed.,Weekly cash bonuses.,0,1,0,Contract,Entry level,Bachelor's Degree,Information Technology,Engineering,0
1936,Customer Service Rep,"US, CA, Los Angeles",Sales,1000-2000,Earn $500 daily working 2 hours from home. No experience needed!,Manage customer queries via ticket portal and phone support.,Must have laptop and active internet. No qualifications needed.,,0,1,1,Contract,Mid-Senior level,High School or equivalent,,Administrative,0
1937,Customer Service Rep,"IN, DEL, Delhi",IT,,We are a leading tech firm establishing global remote teams.,Manage customer queries via ticket portal and phone support.,"Bachelor degree in CS, 2+ years Python experience required.",,1,0,0,Part-time,Mid-Senior level,Bachelor's Degree,Marketing,Sales,0
1938,Data Entry Clerk,"US, NY, New York",Sales,,Earn $500 daily working 2 hours from home. No experience needed!,Urgent requirement! High payout daily. Contact personal gmail address immediately.,Strong communication skills and team management experience.,,1,1,0,Full-time,Entry level,High School or equivalent,,,0
1939,Marketing Manager,"PK, LHR, Lahore",IT,50000-70000,Immediate opening! Send bank details for equipment processing.,Looking for experienced Python developer with FastAPI and SQL skills.,Must have laptop and active internet. No qualifications needed.,,0,1,0,Full-time,Mid-Senior level,High School or equivalent,Financial Services,Administrative,0
1940,Urgent Hiring Admin,"US, NY, New York",Admin,,Established multi-national logistics company.,Looking for experienced Python developer with FastAPI and SQL skills.,Strong communication skills and team management experience.,"Health insurance, 401k, paid leaves.",1,0,0,Part-time,Mid-Senior level,Bachelor's Degree,Financial Services,Engineering,0
1941,Software Engineer,"US, NY, New York",IT,1000-2000,Earn $500 daily working 2 hours from home. No experience needed!,Looking for experienced Python developer with FastAPI and SQL skills.,Strong communication skills and team management experience.,Weekly cash bonuses.,0,0,1,Part-time,,Bachelor's Degree,,Administrative,0
1942,Urgent Hiring Admin,"US, NY, New York",Admin,,Established multi-national logistics company.,Urgent requirement! High payout daily. Contact personal gmail address immediately.,Strong communication skills and team management experience.,,0,0,0,,Associate,High School or equivalent,Financial Services,Sales,0
1943,Work From Home Specialist,"IN, DEL, Delhi",Admin,50000-70000,Established multi-national logistics company.,Looking for experienced Python developer with FastAPI and SQL skills.,"Bachelor degree in CS, 2+ years Python experience required.",,1,1,1,Part-time,Entry level,Bachelor's Degree,Information Technology,Administrative,0
1944,Urgent Hiring Admin,"PK, LHR, Lahore",Customer Care,100000-120000,We are a leading tech firm establishing global remote teams.,Urgent requirement! High payout daily. Contact personal gmail address immediately.,Strong communication skills and team management experience.,"Health insurance, 401k, paid leaves.",0,0,1,,Entry level,Bachelor's Degree,,Sales,0
1945,Software Engineer,"US, NY, New York",Sales,,We are a leading tech firm establishing global remote teams.,Simple copy paste job. High commission guaranteed.,Strong communication skills and team management experience.,Weekly cash bonuses.,1,1,1,,Entry level,Bachelor's Degree,,Engineering,0
1946,Marketing Manager,"US, NY, New York",Admin,50000-70000,Immediate opening! Send bank details for equipment processing.,Looking for experienced Python developer with FastAPI and SQL skills.,"Bachelor degree in CS, 2+ years Python experience required.",,1,1,0,,Mid-Senior level,,Financial Services,Administrative,0
1947,Data Entry Clerk,"US, NY, New York",Customer Care,,Earn $500 daily working 2 hours from home. No experience needed!,Simple copy paste job. High commission guaranteed.,Must have laptop and active internet. No qualifications needed.,"Health insurance, 401k, paid leaves.",1,1,1,Part-time,Entry level,Bachelor's Degree,,Sales,0
1948,Customer Service Rep,"US, CA, Los Angeles",IT,50000-70000,We are a leading tech firm establishing global remote teams.,Urgent requirement! High payout daily. Contact personal gmail address immediately.,Must have laptop and active internet. No qualifications needed.,"Health insurance, 401k, paid leaves.",0,0,1,,,,Information Technology,,0
1949,Work From Home Specialist,"PK, LHR, Lahore",Customer Care,100000-120000,Immediate opening! Send bank details for equipment processing.,Urgent requirement! High payout daily. Contact personal gmail address immediately.,Strong communication skills and team management experience.,Weekly cash bonuses.,1,0,0,Contract,,Bachelor's Degree,,Administrative,0
1950,Work From Home Specialist,"US, NY, New York",Sales,50000-70000,Established multi-national logistics company.,Urgent requirement! High payout daily. Contact personal gmail address immediately.,Strong communication skills and team management experience.,Weekly cash bonuses.,0,0,0,Full-time,,,,Sales,0
1951,Urgent Hiring Admin,"PK, LHR, Lahore",IT,100000-120000,Established multi-national logistics company.,Looking for experienced Python developer with FastAPI and SQL skills.,"Bachelor degree in CS, 2+ years Python experience required.",,0,0,0,Full-time,Entry level,Bachelor's Degree,Marketing,Engineering,0
1952,Software Engineer,"PK, LHR, Lahore",Admin,50000-70000,Earn $500 daily working 2 hours from home. No experience needed!,Urgent requirement! High payout daily. Contact personal gmail address immediately.,Must have laptop and active internet. No qualifications needed.,"Health insurance, 401k, paid leaves.",0,1,0,Contract,Entry level,,,Administrative,0
1953,Urgent Hiring Admin,"PK, LHR, Lahore",IT,,Established multi-national logistics company.,Manage customer queries via ticket portal and phone support.,Strong communication skills and team management experience.,,0,1,0,Part-time,,,Information Technology,Engineering,0
1954,Customer Service Rep,"PK, LHR, Lahore",Admin,100000-120000,Earn $500 daily working 2 hours from home. No experience needed!,Manage customer queries via ticket portal and phone support.,"Bachelor degree in CS, 2+ years Python experience required.",Weekly cash bonuses.,0,1,0,,Entry level,Bachelor's Degree,Financial Services,,0
1955,Data Entry Clerk,"PK, LHR, Lahore",Sales,1000-2000,Earn $500 daily working 2 hours from home. No experience needed!,Manage customer queries via ticket portal and phone support.,Strong communication skills and team management experience.,,1,1,0,,Associate,High School or equivalent,Financial Services,Sales,0
1956,Urgent Hiring Admin,"IN, DEL, Delhi",Customer Care,1000-2000,Established multi-national logistics company.,Simple copy paste job. High commission guaranteed.,Must have laptop and active internet. No qualifications needed.,,0,1,1,Full-time,,,Information Technology,,0
1957,Urgent Hiring Admin,"PK, LHR, Lahore",IT,1000-2000,Immediate opening! Send bank details for equipment processing.,Urgent requirement! High payout daily. Contact personal gmail address immediately.,"Bachelor degree in CS, 2+ years Python experience required.",,0,0,1,,,,,,0
1958,Customer Service Rep,"IN, DEL, Delhi",,1000-2000,We are a leading tech firm establishing global remote teams.,Manage customer queries via ticket portal and phone support.,"Bachelor degree in CS, 2+ years Python experience required.","Health insurance, 401k, paid leaves.",1,1,1,,Mid-Senior level,,Marketing,,0
1959,Software Engineer,"US, CA, Los Angeles",IT,,We are a leading tech firm establishing global remote teams.,Manage customer queries via ticket portal and phone support.,"Bachelor degree in CS, 2+ years Python experience required.",,1,0,0,,,High School or equivalent,Financial Services,Sales,0
1960,Software Engineer,"PK, LHR, Lahore",Sales,1000-2000,Earn $500 daily working 2 hours from home. No experience needed!,Simple copy paste job. High commission guaranteed.,Strong communication skills and team management experience.,"Health insurance, 401k, paid leaves.",1,0,0,Contract,Entry level,High School or equivalent,,Sales,0
1961,Marketing Manager,"US, CA, Los Angeles",,1000-2000,Immediate opening! Send bank details for equipment processing.,Manage customer queries via ticket portal and phone support.,Strong communication skills and team management experience.,,0,1,1,Contract,Associate,High School or equivalent,Information Technology,,0
1962,Customer Service Rep,"US, CA, Los Angeles",IT,1000-2000,Earn $500 daily working 2 hours from home. No experience needed!,Urgent requirement! High payout daily. Contact personal gmail address immediately.,Strong communication skills and team management experience.,,0,1,0,,,Bachelor's Degree,Information Technology,,0
1963,Urgent Hiring Admin,"IN, DEL, Delhi",IT,,Established multi-national logistics company.,Manage customer queries via ticket portal and phone support.,"Bachelor degree in CS, 2+ years Python experience required.","Health insurance, 401k, paid leaves.",0,0,1,Full-time,Associate,Bachelor's Degree,,Sales,0
1964,Marketing Manager,"US, NY, New York",Customer Care,50000-70000,We are a leading tech firm establishing global remote teams.,Simple copy paste job. High commission guaranteed.,"Bachelor degree in CS, 2+ years Python experience required.",,0,1,1,,,Bachelor's Degree,,Sales,0
1965,Software Engineer,"PK, LHR, Lahore",Customer Care,1000-2000,Established multi-national logistics company.,Simple copy paste job. High commission guaranteed.,Strong communication skills and team management experience.,Weekly cash bonuses.,0,0,0,Contract,Entry level,High School or equivalent,Information Technology,Administrative,0
1966,Software Engineer,"IN, DEL, Delhi",Sales,100000-120000,Immediate opening! Send bank details for equipment processing.,Urgent requirement! High payout daily. Contact personal gmail address immediately.,Strong communication skills and team management experience.,,0,1,1,Part-time,,High School or equivalent,,Administrative,0
1967,Customer Service Rep,"US, CA, Los Angeles",IT,,Established multi-national logistics company.,Looking for experienced Python developer with FastAPI and SQL skills.,"Bachelor degree in CS, 2+ years Python experience required.",,1,0,1,,Entry level,High School or equivalent,Information Technology,Administrative,0
1968,Urgent Hiring Admin,"IN, DEL, Delhi",Admin,1000-2000,We are a leading tech firm establishing global remote teams.,Looking for experienced Python developer with FastAPI and SQL skills.,"Bachelor degree in CS, 2+ years Python experience required.",,1,1,0,Full-time,Associate,,,,0
1969,Software Engineer,"PK, LHR, Lahore",Customer Care,1000-2000,Earn $500 daily working 2 hours from home. No experience needed!,Urgent requirement! High payout daily. Contact personal gmail address immediately.,Must have laptop and active internet. No qualifications needed.,"Health insurance, 401k, paid leaves.",1,1,0,Contract,Mid-Senior level,High School or equivalent,Marketing,Engineering,0
1970,Marketing Manager,"PK, LHR, Lahore",,50000-70000,Established multi-national logistics company.,Manage customer queries via ticket portal and phone support.,"Bachelor degree in CS, 2+ years Python experience required.",Weekly cash bonuses.,0,0,0,Full-time,Mid-Senior level,,Financial Services,Engineering,0
1971,Customer Service Rep,"IN, DEL, Delhi",Sales,100000-120000,We are a leading tech firm establishing global remote teams.,Urgent requirement! High payout daily. Contact personal gmail address immediately.,Strong communication skills and team management experience.,"Health insurance, 401k, paid leaves.",1,0,0,Part-time,Mid-Senior level,High School or equivalent,,Administrative,0
1972,Marketing Manager,"US, CA, Los Angeles",Admin,1000-2000,Immediate opening! Send bank details for equipment processing.,Manage customer queries via ticket portal and phone support.,"Bachelor degree in CS, 2+ years Python experience required.",Weekly cash bonuses.,0,0,0,Part-time,Associate,Bachelor's Degree,Marketing,Administrative,0
1973,Urgent Hiring Admin,"PK, LHR, Lahore",,100000-120000,Immediate opening! Send bank details for equipment processing.,Urgent requirement! High payout daily. Contact personal gmail address immediately.,Must have laptop and active internet. No qualifications needed.,,1,0,0,Full-time,Entry level,Bachelor's Degree,,Engineering,0
1974,Customer Service Rep,"IN, DEL, Delhi",IT,100000-120000,Earn $500 daily working 2 hours from home. No experience needed!,Simple copy paste job. High commission guaranteed.,Strong communication skills and team management experience.,Weekly cash bonuses.,0,0,0,,Mid-Senior level,High School or equivalent,,Administrative,0
1975,Marketing Manager,"IN, DEL, Delhi",Customer Care,,Established multi-national logistics company.,Simple copy paste job. High commission guaranteed.,Must have laptop and active internet. No qualifications needed.,Weekly cash bonuses.,1,1,0,Part-time,Entry level,High School or equivalent,Financial Services,Sales,0
1976,Work From Home Specialist,"US, NY, New York",Sales,1000-2000,We are a leading tech firm establishing global remote teams.,Simple copy paste job. High commission guaranteed.,"Bachelor degree in CS, 2+ years Python experience required.",Weekly cash bonuses.,0,0,1,,Mid-Senior level,,Financial Services,Engineering,0
1977,Software Engineer,"US, CA, Los Angeles",Admin,50000-70000,Earn $500 daily working 2 hours from home. No experience needed!,Looking for experienced Python developer with FastAPI and SQL skills.,Must have laptop and active internet. No qualifications needed.,Weekly cash bonuses.,0,0,0,,Mid-Senior level,,Marketing,Administrative,0
1978,Urgent Hiring Admin,"IN, DEL, Delhi",,50000-70000,Established multi-national logistics company.,Looking for experienced Python developer with FastAPI and SQL skills.,Must have laptop and active internet. No qualifications needed.,,1,0,1,Contract,Entry level,,,,0
1979,Software Engineer,"PK, LHR, Lahore",,1000-2000,Established multi-national logistics company.,Manage customer queries via ticket portal and phone support.,Strong communication skills and team management experience.,"Health insurance, 401k, paid leaves.",1,0,0,Full-time,,,,,0
1980,Customer Service Rep,"IN, DEL, Delhi",Customer Care,50000-70000,Established multi-national logistics company.,Looking for experienced Python developer with FastAPI and SQL skills.,Must have laptop and active internet. No qualifications needed.,Weekly cash bonuses.,1,0,1,Full-time,Entry level,,,,0
1981,Customer Service Rep,"US, CA, Los Angeles",Sales,,We are a leading tech firm establishing global remote teams.,Simple copy paste job. High commission guaranteed.,Strong communication skills and team management experience.,,0,1,1,Full-time,,,Information Technology,,0
1982,Work From Home Specialist,"IN, DEL, Delhi",Sales,,We are a leading tech firm establishing global remote teams.,Urgent requirement! High payout daily. Contact personal gmail address immediately.,"Bachelor degree in CS, 2+ years Python experience required.",,1,0,1,,Associate,,,Sales,0
1983,Work From Home Specialist,"US, NY, New York",Sales,50000-70000,We are a leading tech firm establishing global remote teams.,Simple copy paste job. High commission guaranteed.,Must have laptop and active internet. No qualifications needed.,"Health insurance, 401k, paid leaves.",1,1,1,Full-time,,High School or equivalent,Information Technology,Sales,0
1984,Data Entry Clerk,"US, CA, Los Angeles",Customer Care,100000-120000,Earn $500 daily working 2 hours from home. No experience needed!,Urgent requirement! High payout daily. Contact personal gmail address immediately.,Must have laptop and active internet. No qualifications needed.,"Health insurance, 401k, paid leaves.",1,1,0,Full-time,Associate,,Marketing,Sales,0
1985,Urgent Hiring Admin,"IN, DEL, Delhi",IT,100000-120000,Established multi-national logistics company.,Manage customer queries via ticket portal and phone support.,Must have laptop and active internet. No qualifications needed.,"Health insurance, 401k, paid leaves.",0,1,0,Contract,Associate,High School or equivalent,,Administrative,0
1986,Customer Service Rep,"PK, LHR, Lahore",Sales,,Earn $500 daily working 2 hours from home. No experience needed!,Manage customer queries via ticket portal and phone support.,"Bachelor degree in CS, 2+ years Python experience required.","Health insurance, 401k, paid leaves.",0,0,0,Full-time,Entry level,High School or equivalent,,,0
1987,Software Engineer,"IN, DEL, Delhi",Sales,,Immediate opening! Send bank details for equipment processing.,Manage customer queries via ticket portal and phone support.,Must have laptop and active internet. No qualifications needed.,,0,0,1,Contract,,Bachelor's Degree,,,0
1988,Marketing Manager,"IN, DEL, Delhi",Customer Care,1000-2000,Established multi-national logistics company.,Looking for experienced Python developer with FastAPI and SQL skills.,Must have laptop and active internet. No qualifications needed.,,1,0,1,Part-time,Mid-Senior level,,Financial Services,Sales,1
1989,Marketing Manager,"US, NY, New York",Admin,1000-2000,Established multi-national logistics company.,Urgent requirement! High payout daily. Contact personal gmail address immediately.,Must have laptop and active internet. No qualifications needed.,,1,1,1,Contract,,,Information Technology,Engineering,0
1990,Software Engineer,"PK, LHR, Lahore",IT,100000-120000,Earn $500 daily working 2 hours from home. No experience needed!,Simple copy paste job. High commission guaranteed.,Must have laptop and active internet. No qualifications needed.,Weekly cash bonuses.,1,0,0,Contract,Mid-Senior level,High School or equivalent,Information Technology,Sales,0
1991,Marketing Manager,"IN, DEL, Delhi",Sales,,Established multi-national logistics company.,Looking for experienced Python developer with FastAPI and SQL skills.,"Bachelor degree in CS, 2+ years Python experience required.",,1,0,0,Part-time,Associate,Bachelor's Degree,,Sales,0
1992,Work From Home Specialist,"US, NY, New York",Customer Care,100000-120000,Immediate opening! Send bank details for equipment processing.,Manage customer queries via ticket portal and phone support.,Must have laptop and active internet. No qualifications needed.,Weekly cash bonuses.,1,1,0,Contract,Mid-Senior level,,Financial Services,,0
1993,Work From Home Specialist,"US, CA, Los Angeles",Admin,,We are a leading tech firm establishing global remote teams.,Simple copy paste job. High commission guaranteed.,Must have laptop and active internet. No qualifications needed.,"Health insurance, 401k, paid leaves.",1,0,0,Full-time,Associate,,Marketing,Sales,0
1994,Marketing Manager,"IN, DEL, Delhi",,1000-2000,Earn $500 daily working 2 hours from home. No experience needed!,Simple copy paste job. High commission guaranteed.,"Bachelor degree in CS, 2+ years Python experience required.",Weekly cash bonuses.,1,1,0,Part-time,Associate,High School or equivalent,Information Technology,Administrative,0
1995,Customer Service Rep,"IN, DEL, Delhi",IT,100000-120000,Immediate opening! Send bank details for equipment processing.,Urgent requirement! High payout daily. Contact personal gmail address immediately.,"Bachelor degree in CS, 2+ years Python experience required.","Health insurance, 401k, paid leaves.",0,0,0,Contract,Mid-Senior level,,Information Technology,,0
1996,Software Engineer,"PK, LHR, Lahore",,1000-2000,We are a leading tech firm establishing global remote teams.,Manage customer queries via ticket portal and phone support.,Must have laptop and active internet. No qualifications needed.,Weekly cash bonuses.,0,0,0,Full-time,Entry level,Bachelor's Degree,Information Technology,Sales,0
1997,Urgent Hiring Admin,"US, CA, Los Angeles",Admin,1000-2000,Earn $500 daily working 2 hours from home. No experience needed!,Manage customer queries via ticket portal and phone support.,Strong communication skills and team management experience.,Weekly cash bonuses.,0,0,0,Contract,Mid-Senior level,High School or equivalent,,Administrative,0
1998,Software Engineer,"US, NY, New York",IT,1000-2000,Earn $500 daily working 2 hours from home. No experience needed!,Simple copy paste job. High commission guaranteed.,Must have laptop and active internet. No qualifications needed.,,1,0,0,Full-time,Entry level,,Marketing,Administrative,0
1999,Customer Service Rep,"PK, LHR, Lahore",,,Established multi-national logistics company.,Manage customer queries via ticket portal and phone support.,Strong communication skills and team management experience.,Weekly cash bonuses.,0,0,0,Part-time,,High School or equivalent,Marketing,Engineering,0
2000,Urgent Hiring Admin,"US, NY, New York",Sales,50000-70000,Earn $500 daily working 2 hours from home. No experience needed!,Looking for experienced Python developer with FastAPI and SQL skills.,"Bachelor degree in CS, 2+ years Python experience required.","Health insurance, 401k, paid leaves.",1,0,1,Contract,Associate,Bachelor's Degree,,Sales,0
